ligne_num,couleur,origine,destination,jours_validite,course_num,heure_ref_depart_ligne,commune,arret,arret_norm,heure_passage,remarque
1,Violette,Saint-Trojan-Les-Bains,Le Château-d'Oléron,Du lundi au dimanche et jours fériés,1,08:30,SAINT-TROJAN-LES-BAINS,Lannelongue - Plage de Gatseau,saint trojan les bains|lannelongue plage de gatseau,08:30,
1,Violette,Saint-Trojan-Les-Bains,Le Château-d'Oléron,Du lundi au dimanche et jours fériés,2,10:00,SAINT-TROJAN-LES-BAINS,Lannelongue - Plage de Gatseau,saint trojan les bains|lannelongue plage de gatseau,10:00,
1,Violette,Saint-Trojan-Les-Bains,Le Château-d'Oléron,Du lundi au dimanche et jours fériés,3,11:30,SAINT-TROJAN-LES-BAINS,Lannelongue - Plage de Gatseau,saint trojan les bains|lannelongue plage de gatseau,11:30,
1,Violette,Saint-Trojan-Les-Bains,Le Château-d'Oléron,Du lundi au dimanche et jours fériés,4,13:00,SAINT-TROJAN-LES-BAINS,Lannelongue - Plage de Gatseau,saint trojan les bains|lannelongue plage de gatseau,13:00,
1,Violette,Saint-Trojan-Les-Bains,Le Château-d'Oléron,Du lundi au dimanche et jours fériés,5,14:30,SAINT-TROJAN-LES-BAINS,Lannelongue - Plage de Gatseau,saint trojan les bains|lannelongue plage de gatseau,14:30,
1,Violette,Saint-Trojan-Les-Bains,Le Château-d'Oléron,Du lundi au dimanche et jours fériés,6,16:00,SAINT-TROJAN-LES-BAINS,Lannelongue - Plage de Gatseau,saint trojan les bains|lannelongue plage de gatseau,16:00,
1,Violette,Saint-Trojan-Les-Bains,Le Château-d'Oléron,Du lundi au dimanche et jours fériés,7,17:30,SAINT-TROJAN-LES-BAINS,Lannelongue - Plage de Gatseau,saint trojan les bains|lannelongue plage de gatseau,17:30,
1,Violette,Saint-Trojan-Les-Bains,Le Château-d'Oléron,Du lundi au dimanche et jours fériés,1,08:30,SAINT-TROJAN-LES-BAINS,Camping Les Bris,saint trojan les bains|camping les bris,08:31,
1,Violette,Saint-Trojan-Les-Bains,Le Château-d'Oléron,Du lundi au dimanche et jours fériés,2,10:00,SAINT-TROJAN-LES-BAINS,Camping Les Bris,saint trojan les bains|camping les bris,10:01,
1,Violette,Saint-Trojan-Les-Bains,Le Château-d'Oléron,Du lundi au dimanche et jours fériés,3,11:30,SAINT-TROJAN-LES-BAINS,Camping Les Bris,saint trojan les bains|camping les bris,11:31,
1,Violette,Saint-Trojan-Les-Bains,Le Château-d'Oléron,Du lundi au dimanche et jours fériés,4,13:00,SAINT-TROJAN-LES-BAINS,Camping Les Bris,saint trojan les bains|camping les bris,13:01,
1,Violette,Saint-Trojan-Les-Bains,Le Château-d'Oléron,Du lundi au dimanche et jours fériés,5,14:30,SAINT-TROJAN-LES-BAINS,Camping Les Bris,saint trojan les bains|camping les bris,14:31,
1,Violette,Saint-Trojan-Les-Bains,Le Château-d'Oléron,Du lundi au dimanche et jours fériés,6,16:00,SAINT-TROJAN-LES-BAINS,Camping Les Bris,saint trojan les bains|camping les bris,16:01,
1,Violette,Saint-Trojan-Les-Bains,Le Château-d'Oléron,Du lundi au dimanche et jours fériés,7,17:30,SAINT-TROJAN-LES-BAINS,Camping Les Bris,saint trojan les bains|camping les bris,17:31,
1,Violette,Saint-Trojan-Les-Bains,Le Château-d'Oléron,Du lundi au dimanche et jours fériés,1,08:30,SAINT-TROJAN-LES-BAINS,Camping Flower Monplaisir,saint trojan les bains|camping flower monplaisir,08:34,
1,Violette,Saint-Trojan-Les-Bains,Le Château-d'Oléron,Du lundi au dimanche et jours fériés,2,10:00,SAINT-TROJAN-LES-BAINS,Camping Flower Monplaisir,saint trojan les bains|camping flower monplaisir,10:04,
1,Violette,Saint-Trojan-Les-Bains,Le Château-d'Oléron,Du lundi au dimanche et jours fériés,3,11:30,SAINT-TROJAN-LES-BAINS,Camping Flower Monplaisir,saint trojan les bains|camping flower monplaisir,11:34,
1,Violette,Saint-Trojan-Les-Bains,Le Château-d'Oléron,Du lundi au dimanche et jours fériés,4,13:00,SAINT-TROJAN-LES-BAINS,Camping Flower Monplaisir,saint trojan les bains|camping flower monplaisir,13:04,
1,Violette,Saint-Trojan-Les-Bains,Le Château-d'Oléron,Du lundi au dimanche et jours fériés,5,14:30,SAINT-TROJAN-LES-BAINS,Camping Flower Monplaisir,saint trojan les bains|camping flower monplaisir,14:34,
1,Violette,Saint-Trojan-Les-Bains,Le Château-d'Oléron,Du lundi au dimanche et jours fériés,6,16:00,SAINT-TROJAN-LES-BAINS,Camping Flower Monplaisir,saint trojan les bains|camping flower monplaisir,16:04,
1,Violette,Saint-Trojan-Les-Bains,Le Château-d'Oléron,Du lundi au dimanche et jours fériés,7,17:30,SAINT-TROJAN-LES-BAINS,Camping Flower Monplaisir,saint trojan les bains|camping flower monplaisir,17:34,
1,Violette,Saint-Trojan-Les-Bains,Le Château-d'Oléron,Du lundi au dimanche et jours fériés,1,08:30,SAINT-TROJAN-LES-BAINS,Hôtel Les Cleunes Oléron,saint trojan les bains|hotel les cleunes oleron,08:36,
1,Violette,Saint-Trojan-Les-Bains,Le Château-d'Oléron,Du lundi au dimanche et jours fériés,2,10:00,SAINT-TROJAN-LES-BAINS,Hôtel Les Cleunes Oléron,saint trojan les bains|hotel les cleunes oleron,10:06,
1,Violette,Saint-Trojan-Les-Bains,Le Château-d'Oléron,Du lundi au dimanche et jours fériés,3,11:30,SAINT-TROJAN-LES-BAINS,Hôtel Les Cleunes Oléron,saint trojan les bains|hotel les cleunes oleron,11:36,
1,Violette,Saint-Trojan-Les-Bains,Le Château-d'Oléron,Du lundi au dimanche et jours fériés,4,13:00,SAINT-TROJAN-LES-BAINS,Hôtel Les Cleunes Oléron,saint trojan les bains|hotel les cleunes oleron,13:06,
1,Violette,Saint-Trojan-Les-Bains,Le Château-d'Oléron,Du lundi au dimanche et jours fériés,5,14:30,SAINT-TROJAN-LES-BAINS,Hôtel Les Cleunes Oléron,saint trojan les bains|hotel les cleunes oleron,14:36,
1,Violette,Saint-Trojan-Les-Bains,Le Château-d'Oléron,Du lundi au dimanche et jours fériés,6,16:00,SAINT-TROJAN-LES-BAINS,Hôtel Les Cleunes Oléron,saint trojan les bains|hotel les cleunes oleron,16:06,
1,Violette,Saint-Trojan-Les-Bains,Le Château-d'Oléron,Du lundi au dimanche et jours fériés,7,17:30,SAINT-TROJAN-LES-BAINS,Hôtel Les Cleunes Oléron,saint trojan les bains|hotel les cleunes oleron,17:36,
1,Violette,Saint-Trojan-Les-Bains,Le Château-d'Oléron,Du lundi au dimanche et jours fériés,1,08:30,SAINT-TROJAN-LES-BAINS,Marché,saint trojan les bains|marche,08:37,
1,Violette,Saint-Trojan-Les-Bains,Le Château-d'Oléron,Du lundi au dimanche et jours fériés,2,10:00,SAINT-TROJAN-LES-BAINS,Marché,saint trojan les bains|marche,10:07,
1,Violette,Saint-Trojan-Les-Bains,Le Château-d'Oléron,Du lundi au dimanche et jours fériés,3,11:30,SAINT-TROJAN-LES-BAINS,Marché,saint trojan les bains|marche,11:37,
1,Violette,Saint-Trojan-Les-Bains,Le Château-d'Oléron,Du lundi au dimanche et jours fériés,4,13:00,SAINT-TROJAN-LES-BAINS,Marché,saint trojan les bains|marche,13:07,
1,Violette,Saint-Trojan-Les-Bains,Le Château-d'Oléron,Du lundi au dimanche et jours fériés,5,14:30,SAINT-TROJAN-LES-BAINS,Marché,saint trojan les bains|marche,14:37,
1,Violette,Saint-Trojan-Les-Bains,Le Château-d'Oléron,Du lundi au dimanche et jours fériés,6,16:00,SAINT-TROJAN-LES-BAINS,Marché,saint trojan les bains|marche,16:07,
1,Violette,Saint-Trojan-Les-Bains,Le Château-d'Oléron,Du lundi au dimanche et jours fériés,7,17:30,SAINT-TROJAN-LES-BAINS,Marché,saint trojan les bains|marche,17:37,
1,Violette,Saint-Trojan-Les-Bains,Le Château-d'Oléron,Du lundi au dimanche et jours fériés,1,08:30,SAINT-TROJAN-LES-BAINS,Le Port,saint trojan les bains|le port,08:38,
1,Violette,Saint-Trojan-Les-Bains,Le Château-d'Oléron,Du lundi au dimanche et jours fériés,2,10:00,SAINT-TROJAN-LES-BAINS,Le Port,saint trojan les bains|le port,10:08,
1,Violette,Saint-Trojan-Les-Bains,Le Château-d'Oléron,Du lundi au dimanche et jours fériés,3,11:30,SAINT-TROJAN-LES-BAINS,Le Port,saint trojan les bains|le port,11:38,
1,Violette,Saint-Trojan-Les-Bains,Le Château-d'Oléron,Du lundi au dimanche et jours fériés,4,13:00,SAINT-TROJAN-LES-BAINS,Le Port,saint trojan les bains|le port,13:08,
1,Violette,Saint-Trojan-Les-Bains,Le Château-d'Oléron,Du lundi au dimanche et jours fériés,5,14:30,SAINT-TROJAN-LES-BAINS,Le Port,saint trojan les bains|le port,14:38,
1,Violette,Saint-Trojan-Les-Bains,Le Château-d'Oléron,Du lundi au dimanche et jours fériés,6,16:00,SAINT-TROJAN-LES-BAINS,Le Port,saint trojan les bains|le port,16:08,
1,Violette,Saint-Trojan-Les-Bains,Le Château-d'Oléron,Du lundi au dimanche et jours fériés,7,17:30,SAINT-TROJAN-LES-BAINS,Le Port,saint trojan les bains|le port,17:38,
1,Violette,Saint-Trojan-Les-Bains,Le Château-d'Oléron,Du lundi au dimanche et jours fériés,1,08:30,LE GRAND-VILLAGE-PLAGE,Port des Salines,le grand village plage|port des salines,08:43,
1,Violette,Saint-Trojan-Les-Bains,Le Château-d'Oléron,Du lundi au dimanche et jours fériés,2,10:00,LE GRAND-VILLAGE-PLAGE,Port des Salines,le grand village plage|port des salines,10:13,
1,Violette,Saint-Trojan-Les-Bains,Le Château-d'Oléron,Du lundi au dimanche et jours fériés,3,11:30,LE GRAND-VILLAGE-PLAGE,Port des Salines,le grand village plage|port des salines,11:43,
1,Violette,Saint-Trojan-Les-Bains,Le Château-d'Oléron,Du lundi au dimanche et jours fériés,4,13:00,LE GRAND-VILLAGE-PLAGE,Port des Salines,le grand village plage|port des salines,13:13,
1,Violette,Saint-Trojan-Les-Bains,Le Château-d'Oléron,Du lundi au dimanche et jours fériés,5,14:30,LE GRAND-VILLAGE-PLAGE,Port des Salines,le grand village plage|port des salines,14:43,
1,Violette,Saint-Trojan-Les-Bains,Le Château-d'Oléron,Du lundi au dimanche et jours fériés,6,16:00,LE GRAND-VILLAGE-PLAGE,Port des Salines,le grand village plage|port des salines,16:13,
1,Violette,Saint-Trojan-Les-Bains,Le Château-d'Oléron,Du lundi au dimanche et jours fériés,7,17:30,LE GRAND-VILLAGE-PLAGE,Port des Salines,le grand village plage|port des salines,17:43,
1,Violette,Saint-Trojan-Les-Bains,Le Château-d'Oléron,Du lundi au dimanche et jours fériés,1,08:30,LE GRAND-VILLAGE-PLAGE,Mairie,le grand village plage|mairie,08:46,
1,Violette,Saint-Trojan-Les-Bains,Le Château-d'Oléron,Du lundi au dimanche et jours fériés,2,10:00,LE GRAND-VILLAGE-PLAGE,Mairie,le grand village plage|mairie,10:16,
1,Violette,Saint-Trojan-Les-Bains,Le Château-d'Oléron,Du lundi au dimanche et jours fériés,3,11:30,LE GRAND-VILLAGE-PLAGE,Mairie,le grand village plage|mairie,11:46,
1,Violette,Saint-Trojan-Les-Bains,Le Château-d'Oléron,Du lundi au dimanche et jours fériés,4,13:00,LE GRAND-VILLAGE-PLAGE,Mairie,le grand village plage|mairie,13:16,
1,Violette,Saint-Trojan-Les-Bains,Le Château-d'Oléron,Du lundi au dimanche et jours fériés,5,14:30,LE GRAND-VILLAGE-PLAGE,Mairie,le grand village plage|mairie,14:46,
1,Violette,Saint-Trojan-Les-Bains,Le Château-d'Oléron,Du lundi au dimanche et jours fériés,6,16:00,LE GRAND-VILLAGE-PLAGE,Mairie,le grand village plage|mairie,16:16,
1,Violette,Saint-Trojan-Les-Bains,Le Château-d'Oléron,Du lundi au dimanche et jours fériés,7,17:30,LE GRAND-VILLAGE-PLAGE,Mairie,le grand village plage|mairie,17:46,
1,Violette,Saint-Trojan-Les-Bains,Le Château-d'Oléron,Du lundi au dimanche et jours fériés,1,08:30,LE GRAND-VILLAGE-PLAGE,Camping le Maine,le grand village plage|camping le maine,08:51,
1,Violette,Saint-Trojan-Les-Bains,Le Château-d'Oléron,Du lundi au dimanche et jours fériés,2,10:00,LE GRAND-VILLAGE-PLAGE,Camping le Maine,le grand village plage|camping le maine,10:21,
1,Violette,Saint-Trojan-Les-Bains,Le Château-d'Oléron,Du lundi au dimanche et jours fériés,3,11:30,LE GRAND-VILLAGE-PLAGE,Camping le Maine,le grand village plage|camping le maine,11:51,
1,Violette,Saint-Trojan-Les-Bains,Le Château-d'Oléron,Du lundi au dimanche et jours fériés,4,13:00,LE GRAND-VILLAGE-PLAGE,Camping le Maine,le grand village plage|camping le maine,13:21,
1,Violette,Saint-Trojan-Les-Bains,Le Château-d'Oléron,Du lundi au dimanche et jours fériés,5,14:30,LE GRAND-VILLAGE-PLAGE,Camping le Maine,le grand village plage|camping le maine,14:51,
1,Violette,Saint-Trojan-Les-Bains,Le Château-d'Oléron,Du lundi au dimanche et jours fériés,6,16:00,LE GRAND-VILLAGE-PLAGE,Camping le Maine,le grand village plage|camping le maine,16:21,
1,Violette,Saint-Trojan-Les-Bains,Le Château-d'Oléron,Du lundi au dimanche et jours fériés,7,17:30,LE GRAND-VILLAGE-PLAGE,Camping le Maine,le grand village plage|camping le maine,17:51,
1,Violette,Saint-Trojan-Les-Bains,Le Château-d'Oléron,Du lundi au dimanche et jours fériés,1,08:30,DOLUS-D'OLÉRON,Vert-Bois,dolus d'oleron|vert bois,08:54,
1,Violette,Saint-Trojan-Les-Bains,Le Château-d'Oléron,Du lundi au dimanche et jours fériés,2,10:00,DOLUS-D'OLÉRON,Vert-Bois,dolus d'oleron|vert bois,10:24,
1,Violette,Saint-Trojan-Les-Bains,Le Château-d'Oléron,Du lundi au dimanche et jours fériés,3,11:30,DOLUS-D'OLÉRON,Vert-Bois,dolus d'oleron|vert bois,11:54,
1,Violette,Saint-Trojan-Les-Bains,Le Château-d'Oléron,Du lundi au dimanche et jours fériés,4,13:00,DOLUS-D'OLÉRON,Vert-Bois,dolus d'oleron|vert bois,13:24,
1,Violette,Saint-Trojan-Les-Bains,Le Château-d'Oléron,Du lundi au dimanche et jours fériés,5,14:30,DOLUS-D'OLÉRON,Vert-Bois,dolus d'oleron|vert bois,14:54,
1,Violette,Saint-Trojan-Les-Bains,Le Château-d'Oléron,Du lundi au dimanche et jours fériés,6,16:00,DOLUS-D'OLÉRON,Vert-Bois,dolus d'oleron|vert bois,16:24,
1,Violette,Saint-Trojan-Les-Bains,Le Château-d'Oléron,Du lundi au dimanche et jours fériés,7,17:30,DOLUS-D'OLÉRON,Vert-Bois,dolus d'oleron|vert bois,17:54,
1,Violette,Saint-Trojan-Les-Bains,Le Château-d'Oléron,Du lundi au dimanche et jours fériés,1,08:30,LE CHÂTEAU-D'OLÉRON,Camping le Fief Melin,le chateau d'oleron|camping le fief melin,09:02,
1,Violette,Saint-Trojan-Les-Bains,Le Château-d'Oléron,Du lundi au dimanche et jours fériés,2,10:00,LE CHÂTEAU-D'OLÉRON,Camping le Fief Melin,le chateau d'oleron|camping le fief melin,10:32,
1,Violette,Saint-Trojan-Les-Bains,Le Château-d'Oléron,Du lundi au dimanche et jours fériés,3,11:30,LE CHÂTEAU-D'OLÉRON,Camping le Fief Melin,le chateau d'oleron|camping le fief melin,12:02,
1,Violette,Saint-Trojan-Les-Bains,Le Château-d'Oléron,Du lundi au dimanche et jours fériés,4,13:00,LE CHÂTEAU-D'OLÉRON,Camping le Fief Melin,le chateau d'oleron|camping le fief melin,13:32,
1,Violette,Saint-Trojan-Les-Bains,Le Château-d'Oléron,Du lundi au dimanche et jours fériés,5,14:30,LE CHÂTEAU-D'OLÉRON,Camping le Fief Melin,le chateau d'oleron|camping le fief melin,15:02,
1,Violette,Saint-Trojan-Les-Bains,Le Château-d'Oléron,Du lundi au dimanche et jours fériés,6,16:00,LE CHÂTEAU-D'OLÉRON,Camping le Fief Melin,le chateau d'oleron|camping le fief melin,16:32,
1,Violette,Saint-Trojan-Les-Bains,Le Château-d'Oléron,Du lundi au dimanche et jours fériés,7,17:30,LE CHÂTEAU-D'OLÉRON,Camping le Fief Melin,le chateau d'oleron|camping le fief melin,18:02,
1,Violette,Saint-Trojan-Les-Bains,Le Château-d'Oléron,Du lundi au dimanche et jours fériés,1,08:30,LE CHÂTEAU-D'OLÉRON,Aire de camping-cars,le chateau d'oleron|aire de camping cars,09:06,
1,Violette,Saint-Trojan-Les-Bains,Le Château-d'Oléron,Du lundi au dimanche et jours fériés,2,10:00,LE CHÂTEAU-D'OLÉRON,Aire de camping-cars,le chateau d'oleron|aire de camping cars,10:36,
1,Violette,Saint-Trojan-Les-Bains,Le Château-d'Oléron,Du lundi au dimanche et jours fériés,3,11:30,LE CHÂTEAU-D'OLÉRON,Aire de camping-cars,le chateau d'oleron|aire de camping cars,12:06,
1,Violette,Saint-Trojan-Les-Bains,Le Château-d'Oléron,Du lundi au dimanche et jours fériés,4,13:00,LE CHÂTEAU-D'OLÉRON,Aire de camping-cars,le chateau d'oleron|aire de camping cars,13:36,
1,Violette,Saint-Trojan-Les-Bains,Le Château-d'Oléron,Du lundi au dimanche et jours fériés,5,14:30,LE CHÂTEAU-D'OLÉRON,Aire de camping-cars,le chateau d'oleron|aire de camping cars,15:06,
1,Violette,Saint-Trojan-Les-Bains,Le Château-d'Oléron,Du lundi au dimanche et jours fériés,6,16:00,LE CHÂTEAU-D'OLÉRON,Aire de camping-cars,le chateau d'oleron|aire de camping cars,16:36,
1,Violette,Saint-Trojan-Les-Bains,Le Château-d'Oléron,Du lundi au dimanche et jours fériés,7,17:30,LE CHÂTEAU-D'OLÉRON,Aire de camping-cars,le chateau d'oleron|aire de camping cars,18:06,
1,Violette,Saint-Trojan-Les-Bains,Le Château-d'Oléron,Du lundi au dimanche et jours fériés,1,08:30,LE CHÂTEAU-D'OLÉRON,Camping Les Remparts,le chateau d'oleron|camping les remparts,09:08,
1,Violette,Saint-Trojan-Les-Bains,Le Château-d'Oléron,Du lundi au dimanche et jours fériés,2,10:00,LE CHÂTEAU-D'OLÉRON,Camping Les Remparts,le chateau d'oleron|camping les remparts,10:38,
1,Violette,Saint-Trojan-Les-Bains,Le Château-d'Oléron,Du lundi au dimanche et jours fériés,3,11:30,LE CHÂTEAU-D'OLÉRON,Camping Les Remparts,le chateau d'oleron|camping les remparts,12:08,
1,Violette,Saint-Trojan-Les-Bains,Le Château-d'Oléron,Du lundi au dimanche et jours fériés,4,13:00,LE CHÂTEAU-D'OLÉRON,Camping Les Remparts,le chateau d'oleron|camping les remparts,13:38,
1,Violette,Saint-Trojan-Les-Bains,Le Château-d'Oléron,Du lundi au dimanche et jours fériés,5,14:30,LE CHÂTEAU-D'OLÉRON,Camping Les Remparts,le chateau d'oleron|camping les remparts,15:08,
1,Violette,Saint-Trojan-Les-Bains,Le Château-d'Oléron,Du lundi au dimanche et jours fériés,6,16:00,LE CHÂTEAU-D'OLÉRON,Camping Les Remparts,le chateau d'oleron|camping les remparts,16:38,
1,Violette,Saint-Trojan-Les-Bains,Le Château-d'Oléron,Du lundi au dimanche et jours fériés,7,17:30,LE CHÂTEAU-D'OLÉRON,Camping Les Remparts,le chateau d'oleron|camping les remparts,18:08,
1,Violette,Saint-Trojan-Les-Bains,Le Château-d'Oléron,Du lundi au dimanche et jours fériés,1,08:30,LE CHÂTEAU-D'OLÉRON,Porte de Dolus - cité Bastion,le chateau d'oleron|porte de dolus cite bastion,09:12,Correspondance navettes bleue et verte
1,Violette,Saint-Trojan-Les-Bains,Le Château-d'Oléron,Du lundi au dimanche et jours fériés,2,10:00,LE CHÂTEAU-D'OLÉRON,Porte de Dolus - cité Bastion,le chateau d'oleron|porte de dolus cite bastion,10:42,Correspondance navettes bleue et verte
1,Violette,Saint-Trojan-Les-Bains,Le Château-d'Oléron,Du lundi au dimanche et jours fériés,3,11:30,LE CHÂTEAU-D'OLÉRON,Porte de Dolus - cité Bastion,le chateau d'oleron|porte de dolus cite bastion,12:12,Correspondance navettes bleue et verte
1,Violette,Saint-Trojan-Les-Bains,Le Château-d'Oléron,Du lundi au dimanche et jours fériés,4,13:00,LE CHÂTEAU-D'OLÉRON,Porte de Dolus - cité Bastion,le chateau d'oleron|porte de dolus cite bastion,13:42,Correspondance navettes bleue et verte
1,Violette,Saint-Trojan-Les-Bains,Le Château-d'Oléron,Du lundi au dimanche et jours fériés,5,14:30,LE CHÂTEAU-D'OLÉRON,Porte de Dolus - cité Bastion,le chateau d'oleron|porte de dolus cite bastion,15:12,Correspondance navettes bleue et verte
1,Violette,Saint-Trojan-Les-Bains,Le Château-d'Oléron,Du lundi au dimanche et jours fériés,6,16:00,LE CHÂTEAU-D'OLÉRON,Porte de Dolus - cité Bastion,le chateau d'oleron|porte de dolus cite bastion,16:42,Correspondance navettes bleue et verte
1,Violette,Saint-Trojan-Les-Bains,Le Château-d'Oléron,Du lundi au dimanche et jours fériés,7,17:30,LE CHÂTEAU-D'OLÉRON,Porte de Dolus - cité Bastion,le chateau d'oleron|porte de dolus cite bastion,18:12,Correspondance navettes bleue et verte
2,Violette,Le Château-d'Oléron,Saint-Trojan-Les-Bains,Du lundi au dimanche et jours fériés,1,09:15,LE CHÂTEAU-D'OLÉRON,Porte de Dolus - cité Bastion,le chateau d'oleron|porte de dolus cite bastion,09:15,Correspondance navettes bleue et verte
2,Violette,Le Château-d'Oléron,Saint-Trojan-Les-Bains,Du lundi au dimanche et jours fériés,2,10:45,LE CHÂTEAU-D'OLÉRON,Porte de Dolus - cité Bastion,le chateau d'oleron|porte de dolus cite bastion,10:45,Correspondance navettes bleue et verte
2,Violette,Le Château-d'Oléron,Saint-Trojan-Les-Bains,Du lundi au dimanche et jours fériés,3,12:15,LE CHÂTEAU-D'OLÉRON,Porte de Dolus - cité Bastion,le chateau d'oleron|porte de dolus cite bastion,12:15,Correspondance navettes bleue et verte
2,Violette,Le Château-d'Oléron,Saint-Trojan-Les-Bains,Du lundi au dimanche et jours fériés,4,13:45,LE CHÂTEAU-D'OLÉRON,Porte de Dolus - cité Bastion,le chateau d'oleron|porte de dolus cite bastion,13:45,Correspondance navettes bleue et verte
2,Violette,Le Château-d'Oléron,Saint-Trojan-Les-Bains,Du lundi au dimanche et jours fériés,5,15:15,LE CHÂTEAU-D'OLÉRON,Porte de Dolus - cité Bastion,le chateau d'oleron|porte de dolus cite bastion,15:15,Correspondance navettes bleue et verte
2,Violette,Le Château-d'Oléron,Saint-Trojan-Les-Bains,Du lundi au dimanche et jours fériés,6,16:45,LE CHÂTEAU-D'OLÉRON,Porte de Dolus - cité Bastion,le chateau d'oleron|porte de dolus cite bastion,16:45,Correspondance navettes bleue et verte
2,Violette,Le Château-d'Oléron,Saint-Trojan-Les-Bains,Du lundi au dimanche et jours fériés,7,18:15,LE CHÂTEAU-D'OLÉRON,Porte de Dolus - cité Bastion,le chateau d'oleron|porte de dolus cite bastion,18:15,Correspondance navettes bleue et verte
2,Violette,Le Château-d'Oléron,Saint-Trojan-Les-Bains,Du lundi au dimanche et jours fériés,1,09:15,LE CHÂTEAU-D'OLÉRON,Camping Les Remparts,le chateau d'oleron|camping les remparts,09:16,
2,Violette,Le Château-d'Oléron,Saint-Trojan-Les-Bains,Du lundi au dimanche et jours fériés,2,10:45,LE CHÂTEAU-D'OLÉRON,Camping Les Remparts,le chateau d'oleron|camping les remparts,10:46,
2,Violette,Le Château-d'Oléron,Saint-Trojan-Les-Bains,Du lundi au dimanche et jours fériés,3,12:15,LE CHÂTEAU-D'OLÉRON,Camping Les Remparts,le chateau d'oleron|camping les remparts,12:16,
2,Violette,Le Château-d'Oléron,Saint-Trojan-Les-Bains,Du lundi au dimanche et jours fériés,4,13:45,LE CHÂTEAU-D'OLÉRON,Camping Les Remparts,le chateau d'oleron|camping les remparts,13:46,
2,Violette,Le Château-d'Oléron,Saint-Trojan-Les-Bains,Du lundi au dimanche et jours fériés,5,15:15,LE CHÂTEAU-D'OLÉRON,Camping Les Remparts,le chateau d'oleron|camping les remparts,15:16,
2,Violette,Le Château-d'Oléron,Saint-Trojan-Les-Bains,Du lundi au dimanche et jours fériés,6,16:45,LE CHÂTEAU-D'OLÉRON,Camping Les Remparts,le chateau d'oleron|camping les remparts,16:46,
2,Violette,Le Château-d'Oléron,Saint-Trojan-Les-Bains,Du lundi au dimanche et jours fériés,7,18:15,LE CHÂTEAU-D'OLÉRON,Camping Les Remparts,le chateau d'oleron|camping les remparts,18:16,
2,Violette,Le Château-d'Oléron,Saint-Trojan-Les-Bains,Du lundi au dimanche et jours fériés,1,09:15,LE CHÂTEAU-D'OLÉRON,Aire de camping-cars,le chateau d'oleron|aire de camping cars,09:18,
2,Violette,Le Château-d'Oléron,Saint-Trojan-Les-Bains,Du lundi au dimanche et jours fériés,2,10:45,LE CHÂTEAU-D'OLÉRON,Aire de camping-cars,le chateau d'oleron|aire de camping cars,10:48,
2,Violette,Le Château-d'Oléron,Saint-Trojan-Les-Bains,Du lundi au dimanche et jours fériés,3,12:15,LE CHÂTEAU-D'OLÉRON,Aire de camping-cars,le chateau d'oleron|aire de camping cars,12:18,
2,Violette,Le Château-d'Oléron,Saint-Trojan-Les-Bains,Du lundi au dimanche et jours fériés,4,13:45,LE CHÂTEAU-D'OLÉRON,Aire de camping-cars,le chateau d'oleron|aire de camping cars,13:48,
2,Violette,Le Château-d'Oléron,Saint-Trojan-Les-Bains,Du lundi au dimanche et jours fériés,5,15:15,LE CHÂTEAU-D'OLÉRON,Aire de camping-cars,le chateau d'oleron|aire de camping cars,15:18,
2,Violette,Le Château-d'Oléron,Saint-Trojan-Les-Bains,Du lundi au dimanche et jours fériés,6,16:45,LE CHÂTEAU-D'OLÉRON,Aire de camping-cars,le chateau d'oleron|aire de camping cars,16:48,
2,Violette,Le Château-d'Oléron,Saint-Trojan-Les-Bains,Du lundi au dimanche et jours fériés,7,18:15,LE CHÂTEAU-D'OLÉRON,Aire de camping-cars,le chateau d'oleron|aire de camping cars,18:18,
2,Violette,Le Château-d'Oléron,Saint-Trojan-Les-Bains,Du lundi au dimanche et jours fériés,1,09:15,LE CHÂTEAU-D'OLÉRON,Camping le Fief Melin,le chateau d'oleron|camping le fief melin,09:22,
2,Violette,Le Château-d'Oléron,Saint-Trojan-Les-Bains,Du lundi au dimanche et jours fériés,2,10:45,LE CHÂTEAU-D'OLÉRON,Camping le Fief Melin,le chateau d'oleron|camping le fief melin,10:52,
2,Violette,Le Château-d'Oléron,Saint-Trojan-Les-Bains,Du lundi au dimanche et jours fériés,3,12:15,LE CHÂTEAU-D'OLÉRON,Camping le Fief Melin,le chateau d'oleron|camping le fief melin,12:22,
2,Violette,Le Château-d'Oléron,Saint-Trojan-Les-Bains,Du lundi au dimanche et jours fériés,4,13:45,LE CHÂTEAU-D'OLÉRON,Camping le Fief Melin,le chateau d'oleron|camping le fief melin,13:52,
2,Violette,Le Château-d'Oléron,Saint-Trojan-Les-Bains,Du lundi au dimanche et jours fériés,5,15:15,LE CHÂTEAU-D'OLÉRON,Camping le Fief Melin,le chateau d'oleron|camping le fief melin,15:22,
2,Violette,Le Château-d'Oléron,Saint-Trojan-Les-Bains,Du lundi au dimanche et jours fériés,6,16:45,LE CHÂTEAU-D'OLÉRON,Camping le Fief Melin,le chateau d'oleron|camping le fief melin,16:52,
2,Violette,Le Château-d'Oléron,Saint-Trojan-Les-Bains,Du lundi au dimanche et jours fériés,7,18:15,LE CHÂTEAU-D'OLÉRON,Camping le Fief Melin,le chateau d'oleron|camping le fief melin,18:22,
2,Violette,Le Château-d'Oléron,Saint-Trojan-Les-Bains,Du lundi au dimanche et jours fériés,1,09:15,DOLUS-D'OLÉRON,Vert Bois,dolus d'oleron|vert bois,09:29,
2,Violette,Le Château-d'Oléron,Saint-Trojan-Les-Bains,Du lundi au dimanche et jours fériés,2,10:45,DOLUS-D'OLÉRON,Vert Bois,dolus d'oleron|vert bois,10:59,
2,Violette,Le Château-d'Oléron,Saint-Trojan-Les-Bains,Du lundi au dimanche et jours fériés,3,12:15,DOLUS-D'OLÉRON,Vert Bois,dolus d'oleron|vert bois,12:29,
2,Violette,Le Château-d'Oléron,Saint-Trojan-Les-Bains,Du lundi au dimanche et jours fériés,4,13:45,DOLUS-D'OLÉRON,Vert Bois,dolus d'oleron|vert bois,13:59,
2,Violette,Le Château-d'Oléron,Saint-Trojan-Les-Bains,Du lundi au dimanche et jours fériés,5,15:15,DOLUS-D'OLÉRON,Vert Bois,dolus d'oleron|vert bois,15:29,
2,Violette,Le Château-d'Oléron,Saint-Trojan-Les-Bains,Du lundi au dimanche et jours fériés,6,16:45,DOLUS-D'OLÉRON,Vert Bois,dolus d'oleron|vert bois,16:59,
2,Violette,Le Château-d'Oléron,Saint-Trojan-Les-Bains,Du lundi au dimanche et jours fériés,7,18:15,DOLUS-D'OLÉRON,Vert Bois,dolus d'oleron|vert bois,18:29,
2,Violette,Le Château-d'Oléron,Saint-Trojan-Les-Bains,Du lundi au dimanche et jours fériés,1,09:15,LE GRAND-VILLAGE-PLAGE,Camping le Maine,le grand village plage|camping le maine,09:32,
2,Violette,Le Château-d'Oléron,Saint-Trojan-Les-Bains,Du lundi au dimanche et jours fériés,2,10:45,LE GRAND-VILLAGE-PLAGE,Camping le Maine,le grand village plage|camping le maine,11:02,
2,Violette,Le Château-d'Oléron,Saint-Trojan-Les-Bains,Du lundi au dimanche et jours fériés,3,12:15,LE GRAND-VILLAGE-PLAGE,Camping le Maine,le grand village plage|camping le maine,12:32,
2,Violette,Le Château-d'Oléron,Saint-Trojan-Les-Bains,Du lundi au dimanche et jours fériés,4,13:45,LE GRAND-VILLAGE-PLAGE,Camping le Maine,le grand village plage|camping le maine,14:02,
2,Violette,Le Château-d'Oléron,Saint-Trojan-Les-Bains,Du lundi au dimanche et jours fériés,5,15:15,LE GRAND-VILLAGE-PLAGE,Camping le Maine,le grand village plage|camping le maine,15:32,
2,Violette,Le Château-d'Oléron,Saint-Trojan-Les-Bains,Du lundi au dimanche et jours fériés,6,16:45,LE GRAND-VILLAGE-PLAGE,Camping le Maine,le grand village plage|camping le maine,17:02,
2,Violette,Le Château-d'Oléron,Saint-Trojan-Les-Bains,Du lundi au dimanche et jours fériés,7,18:15,LE GRAND-VILLAGE-PLAGE,Camping le Maine,le grand village plage|camping le maine,18:32,
2,Violette,Le Château-d'Oléron,Saint-Trojan-Les-Bains,Du lundi au dimanche et jours fériés,1,09:15,LE GRAND-VILLAGE-PLAGE,Mairie,le grand village plage|mairie,09:37,
2,Violette,Le Château-d'Oléron,Saint-Trojan-Les-Bains,Du lundi au dimanche et jours fériés,2,10:45,LE GRAND-VILLAGE-PLAGE,Mairie,le grand village plage|mairie,11:07,
2,Violette,Le Château-d'Oléron,Saint-Trojan-Les-Bains,Du lundi au dimanche et jours fériés,3,12:15,LE GRAND-VILLAGE-PLAGE,Mairie,le grand village plage|mairie,12:37,
2,Violette,Le Château-d'Oléron,Saint-Trojan-Les-Bains,Du lundi au dimanche et jours fériés,4,13:45,LE GRAND-VILLAGE-PLAGE,Mairie,le grand village plage|mairie,14:07,
2,Violette,Le Château-d'Oléron,Saint-Trojan-Les-Bains,Du lundi au dimanche et jours fériés,5,15:15,LE GRAND-VILLAGE-PLAGE,Mairie,le grand village plage|mairie,15:37,
2,Violette,Le Château-d'Oléron,Saint-Trojan-Les-Bains,Du lundi au dimanche et jours fériés,6,16:45,LE GRAND-VILLAGE-PLAGE,Mairie,le grand village plage|mairie,17:07,
2,Violette,Le Château-d'Oléron,Saint-Trojan-Les-Bains,Du lundi au dimanche et jours fériés,7,18:15,LE GRAND-VILLAGE-PLAGE,Mairie,le grand village plage|mairie,18:37,
2,Violette,Le Château-d'Oléron,Saint-Trojan-Les-Bains,Du lundi au dimanche et jours fériés,1,09:15,LE GRAND-VILLAGE-PLAGE,Port des Salines,le grand village plage|port des salines,09:40,
2,Violette,Le Château-d'Oléron,Saint-Trojan-Les-Bains,Du lundi au dimanche et jours fériés,2,10:45,LE GRAND-VILLAGE-PLAGE,Port des Salines,le grand village plage|port des salines,11:10,
2,Violette,Le Château-d'Oléron,Saint-Trojan-Les-Bains,Du lundi au dimanche et jours fériés,3,12:15,LE GRAND-VILLAGE-PLAGE,Port des Salines,le grand village plage|port des salines,12:40,
2,Violette,Le Château-d'Oléron,Saint-Trojan-Les-Bains,Du lundi au dimanche et jours fériés,4,13:45,LE GRAND-VILLAGE-PLAGE,Port des Salines,le grand village plage|port des salines,14:10,
2,Violette,Le Château-d'Oléron,Saint-Trojan-Les-Bains,Du lundi au dimanche et jours fériés,5,15:15,LE GRAND-VILLAGE-PLAGE,Port des Salines,le grand village plage|port des salines,15:40,
2,Violette,Le Château-d'Oléron,Saint-Trojan-Les-Bains,Du lundi au dimanche et jours fériés,6,16:45,LE GRAND-VILLAGE-PLAGE,Port des Salines,le grand village plage|port des salines,17:10,
2,Violette,Le Château-d'Oléron,Saint-Trojan-Les-Bains,Du lundi au dimanche et jours fériés,7,18:15,LE GRAND-VILLAGE-PLAGE,Port des Salines,le grand village plage|port des salines,18:40,
2,Violette,Le Château-d'Oléron,Saint-Trojan-Les-Bains,Du lundi au dimanche et jours fériés,1,09:15,SAINT-TROJAN-LES-BAINS,Le Port,saint trojan les bains|le port,09:45,
2,Violette,Le Château-d'Oléron,Saint-Trojan-Les-Bains,Du lundi au dimanche et jours fériés,2,10:45,SAINT-TROJAN-LES-BAINS,Le Port,saint trojan les bains|le port,11:15,
2,Violette,Le Château-d'Oléron,Saint-Trojan-Les-Bains,Du lundi au dimanche et jours fériés,3,12:15,SAINT-TROJAN-LES-BAINS,Le Port,saint trojan les bains|le port,12:45,
2,Violette,Le Château-d'Oléron,Saint-Trojan-Les-Bains,Du lundi au dimanche et jours fériés,4,13:45,SAINT-TROJAN-LES-BAINS,Le Port,saint trojan les bains|le port,14:15,
2,Violette,Le Château-d'Oléron,Saint-Trojan-Les-Bains,Du lundi au dimanche et jours fériés,5,15:15,SAINT-TROJAN-LES-BAINS,Le Port,saint trojan les bains|le port,15:45,
2,Violette,Le Château-d'Oléron,Saint-Trojan-Les-Bains,Du lundi au dimanche et jours fériés,6,16:45,SAINT-TROJAN-LES-BAINS,Le Port,saint trojan les bains|le port,17:15,
2,Violette,Le Château-d'Oléron,Saint-Trojan-Les-Bains,Du lundi au dimanche et jours fériés,7,18:15,SAINT-TROJAN-LES-BAINS,Le Port,saint trojan les bains|le port,18:45,
2,Violette,Le Château-d'Oléron,Saint-Trojan-Les-Bains,Du lundi au dimanche et jours fériés,1,09:15,SAINT-TROJAN-LES-BAINS,Marché,saint trojan les bains|marche,09:46,
2,Violette,Le Château-d'Oléron,Saint-Trojan-Les-Bains,Du lundi au dimanche et jours fériés,2,10:45,SAINT-TROJAN-LES-BAINS,Marché,saint trojan les bains|marche,11:16,
2,Violette,Le Château-d'Oléron,Saint-Trojan-Les-Bains,Du lundi au dimanche et jours fériés,3,12:15,SAINT-TROJAN-LES-BAINS,Marché,saint trojan les bains|marche,12:46,
2,Violette,Le Château-d'Oléron,Saint-Trojan-Les-Bains,Du lundi au dimanche et jours fériés,4,13:45,SAINT-TROJAN-LES-BAINS,Marché,saint trojan les bains|marche,14:16,
2,Violette,Le Château-d'Oléron,Saint-Trojan-Les-Bains,Du lundi au dimanche et jours fériés,5,15:15,SAINT-TROJAN-LES-BAINS,Marché,saint trojan les bains|marche,15:46,
2,Violette,Le Château-d'Oléron,Saint-Trojan-Les-Bains,Du lundi au dimanche et jours fériés,6,16:45,SAINT-TROJAN-LES-BAINS,Marché,saint trojan les bains|marche,17:16,
2,Violette,Le Château-d'Oléron,Saint-Trojan-Les-Bains,Du lundi au dimanche et jours fériés,7,18:15,SAINT-TROJAN-LES-BAINS,Marché,saint trojan les bains|marche,18:46,
2,Violette,Le Château-d'Oléron,Saint-Trojan-Les-Bains,Du lundi au dimanche et jours fériés,1,09:15,SAINT-TROJAN-LES-BAINS,Hôtel Les Cleunes Oléron,saint trojan les bains|hotel les cleunes oleron,09:47,
2,Violette,Le Château-d'Oléron,Saint-Trojan-Les-Bains,Du lundi au dimanche et jours fériés,2,10:45,SAINT-TROJAN-LES-BAINS,Hôtel Les Cleunes Oléron,saint trojan les bains|hotel les cleunes oleron,11:17,
2,Violette,Le Château-d'Oléron,Saint-Trojan-Les-Bains,Du lundi au dimanche et jours fériés,3,12:15,SAINT-TROJAN-LES-BAINS,Hôtel Les Cleunes Oléron,saint trojan les bains|hotel les cleunes oleron,12:47,
2,Violette,Le Château-d'Oléron,Saint-Trojan-Les-Bains,Du lundi au dimanche et jours fériés,4,13:45,SAINT-TROJAN-LES-BAINS,Hôtel Les Cleunes Oléron,saint trojan les bains|hotel les cleunes oleron,14:17,
2,Violette,Le Château-d'Oléron,Saint-Trojan-Les-Bains,Du lundi au dimanche et jours fériés,5,15:15,SAINT-TROJAN-LES-BAINS,Hôtel Les Cleunes Oléron,saint trojan les bains|hotel les cleunes oleron,15:47,
2,Violette,Le Château-d'Oléron,Saint-Trojan-Les-Bains,Du lundi au dimanche et jours fériés,6,16:45,SAINT-TROJAN-LES-BAINS,Hôtel Les Cleunes Oléron,saint trojan les bains|hotel les cleunes oleron,17:17,
2,Violette,Le Château-d'Oléron,Saint-Trojan-Les-Bains,Du lundi au dimanche et jours fériés,7,18:15,SAINT-TROJAN-LES-BAINS,Hôtel Les Cleunes Oléron,saint trojan les bains|hotel les cleunes oleron,18:47,
2,Violette,Le Château-d'Oléron,Saint-Trojan-Les-Bains,Du lundi au dimanche et jours fériés,1,09:15,SAINT-TROJAN-LES-BAINS,Camping Flower Monplaisir,saint trojan les bains|camping flower monplaisir,09:49,
2,Violette,Le Château-d'Oléron,Saint-Trojan-Les-Bains,Du lundi au dimanche et jours fériés,2,10:45,SAINT-TROJAN-LES-BAINS,Camping Flower Monplaisir,saint trojan les bains|camping flower monplaisir,11:19,
2,Violette,Le Château-d'Oléron,Saint-Trojan-Les-Bains,Du lundi au dimanche et jours fériés,3,12:15,SAINT-TROJAN-LES-BAINS,Camping Flower Monplaisir,saint trojan les bains|camping flower monplaisir,12:49,
2,Violette,Le Château-d'Oléron,Saint-Trojan-Les-Bains,Du lundi au dimanche et jours fériés,4,13:45,SAINT-TROJAN-LES-BAINS,Camping Flower Monplaisir,saint trojan les bains|camping flower monplaisir,14:19,
2,Violette,Le Château-d'Oléron,Saint-Trojan-Les-Bains,Du lundi au dimanche et jours fériés,5,15:15,SAINT-TROJAN-LES-BAINS,Camping Flower Monplaisir,saint trojan les bains|camping flower monplaisir,15:49,
2,Violette,Le Château-d'Oléron,Saint-Trojan-Les-Bains,Du lundi au dimanche et jours fériés,6,16:45,SAINT-TROJAN-LES-BAINS,Camping Flower Monplaisir,saint trojan les bains|camping flower monplaisir,17:19,
2,Violette,Le Château-d'Oléron,Saint-Trojan-Les-Bains,Du lundi au dimanche et jours fériés,7,18:15,SAINT-TROJAN-LES-BAINS,Camping Flower Monplaisir,saint trojan les bains|camping flower monplaisir,18:49,
2,Violette,Le Château-d'Oléron,Saint-Trojan-Les-Bains,Du lundi au dimanche et jours fériés,1,09:15,SAINT-TROJAN-LES-BAINS,Camping les Bris,saint trojan les bains|camping les bris,09:52,
2,Violette,Le Château-d'Oléron,Saint-Trojan-Les-Bains,Du lundi au dimanche et jours fériés,2,10:45,SAINT-TROJAN-LES-BAINS,Camping les Bris,saint trojan les bains|camping les bris,11:22,
2,Violette,Le Château-d'Oléron,Saint-Trojan-Les-Bains,Du lundi au dimanche et jours fériés,3,12:15,SAINT-TROJAN-LES-BAINS,Camping les Bris,saint trojan les bains|camping les bris,12:52,
2,Violette,Le Château-d'Oléron,Saint-Trojan-Les-Bains,Du lundi au dimanche et jours fériés,4,13:45,SAINT-TROJAN-LES-BAINS,Camping les Bris,saint trojan les bains|camping les bris,14:22,
2,Violette,Le Château-d'Oléron,Saint-Trojan-Les-Bains,Du lundi au dimanche et jours fériés,5,15:15,SAINT-TROJAN-LES-BAINS,Camping les Bris,saint trojan les bains|camping les bris,15:52,
2,Violette,Le Château-d'Oléron,Saint-Trojan-Les-Bains,Du lundi au dimanche et jours fériés,6,16:45,SAINT-TROJAN-LES-BAINS,Camping les Bris,saint trojan les bains|camping les bris,17:22,
2,Violette,Le Château-d'Oléron,Saint-Trojan-Les-Bains,Du lundi au dimanche et jours fériés,7,18:15,SAINT-TROJAN-LES-BAINS,Camping les Bris,saint trojan les bains|camping les bris,18:52,
2,Violette,Le Château-d'Oléron,Saint-Trojan-Les-Bains,Du lundi au dimanche et jours fériés,1,09:15,SAINT-TROJAN-LES-BAINS,Lannelongue - Plage de Gatseau,saint trojan les bains|lannelongue plage de gatseau,09:54,
2,Violette,Le Château-d'Oléron,Saint-Trojan-Les-Bains,Du lundi au dimanche et jours fériés,2,10:45,SAINT-TROJAN-LES-BAINS,Lannelongue - Plage de Gatseau,saint trojan les bains|lannelongue plage de gatseau,11:24,
2,Violette,Le Château-d'Oléron,Saint-Trojan-Les-Bains,Du lundi au dimanche et jours fériés,3,12:15,SAINT-TROJAN-LES-BAINS,Lannelongue - Plage de Gatseau,saint trojan les bains|lannelongue plage de gatseau,12:54,
2,Violette,Le Château-d'Oléron,Saint-Trojan-Les-Bains,Du lundi au dimanche et jours fériés,4,13:45,SAINT-TROJAN-LES-BAINS,Lannelongue - Plage de Gatseau,saint trojan les bains|lannelongue plage de gatseau,14:24,
2,Violette,Le Château-d'Oléron,Saint-Trojan-Les-Bains,Du lundi au dimanche et jours fériés,5,15:15,SAINT-TROJAN-LES-BAINS,Lannelongue - Plage de Gatseau,saint trojan les bains|lannelongue plage de gatseau,15:54,
2,Violette,Le Château-d'Oléron,Saint-Trojan-Les-Bains,Du lundi au dimanche et jours fériés,6,16:45,SAINT-TROJAN-LES-BAINS,Lannelongue - Plage de Gatseau,saint trojan les bains|lannelongue plage de gatseau,17:24,
2,Violette,Le Château-d'Oléron,Saint-Trojan-Les-Bains,Du lundi au dimanche et jours fériés,7,18:15,SAINT-TROJAN-LES-BAINS,Lannelongue - Plage de Gatseau,saint trojan les bains|lannelongue plage de gatseau,18:54,
3,Verte,Le Château-d'Oléron,Chéray (par Boyardville),Du lundi au dimanche et jours fériés,1,09:15,LE CHÂTEAU-D'OLÉRON,Porte de Dolus - Cité Bastion,le chateau d'oleron|porte de dolus cite bastion,09:15,Correspondance navettes violette et bleue
3,Verte,Le Château-d'Oléron,Chéray (par Boyardville),Du lundi au dimanche et jours fériés,2,10:45,LE CHÂTEAU-D'OLÉRON,Porte de Dolus - Cité Bastion,le chateau d'oleron|porte de dolus cite bastion,10:45,Correspondance navettes violette et bleue
3,Verte,Le Château-d'Oléron,Chéray (par Boyardville),Du lundi au dimanche et jours fériés,3,12:15,LE CHÂTEAU-D'OLÉRON,Porte de Dolus - Cité Bastion,le chateau d'oleron|porte de dolus cite bastion,12:15,Correspondance navettes violette et bleue
3,Verte,Le Château-d'Oléron,Chéray (par Boyardville),Du lundi au dimanche et jours fériés,4,13:45,LE CHÂTEAU-D'OLÉRON,Porte de Dolus - Cité Bastion,le chateau d'oleron|porte de dolus cite bastion,13:45,Correspondance navettes violette et bleue
3,Verte,Le Château-d'Oléron,Chéray (par Boyardville),Du lundi au dimanche et jours fériés,5,15:15,LE CHÂTEAU-D'OLÉRON,Porte de Dolus - Cité Bastion,le chateau d'oleron|porte de dolus cite bastion,15:15,Correspondance navettes violette et bleue
3,Verte,Le Château-d'Oléron,Chéray (par Boyardville),Du lundi au dimanche et jours fériés,6,16:45,LE CHÂTEAU-D'OLÉRON,Porte de Dolus - Cité Bastion,le chateau d'oleron|porte de dolus cite bastion,16:45,Correspondance navettes violette et bleue
3,Verte,Le Château-d'Oléron,Chéray (par Boyardville),Du lundi au dimanche et jours fériés,7,18:15,LE CHÂTEAU-D'OLÉRON,Porte de Dolus - Cité Bastion,le chateau d'oleron|porte de dolus cite bastion,18:15,Correspondance navettes violette et bleue
3,Verte,Le Château-d'Oléron,Chéray (par Boyardville),Du lundi au dimanche et jours fériés,1,09:15,LE CHÂTEAU-D'OLÉRON,Camping Les Embruns d'Oléron,le chateau d'oleron|camping les embruns d'oleron,09:17,
3,Verte,Le Château-d'Oléron,Chéray (par Boyardville),Du lundi au dimanche et jours fériés,2,10:45,LE CHÂTEAU-D'OLÉRON,Camping Les Embruns d'Oléron,le chateau d'oleron|camping les embruns d'oleron,10:47,
3,Verte,Le Château-d'Oléron,Chéray (par Boyardville),Du lundi au dimanche et jours fériés,3,12:15,LE CHÂTEAU-D'OLÉRON,Camping Les Embruns d'Oléron,le chateau d'oleron|camping les embruns d'oleron,12:17,
3,Verte,Le Château-d'Oléron,Chéray (par Boyardville),Du lundi au dimanche et jours fériés,4,13:45,LE CHÂTEAU-D'OLÉRON,Camping Les Embruns d'Oléron,le chateau d'oleron|camping les embruns d'oleron,13:47,
3,Verte,Le Château-d'Oléron,Chéray (par Boyardville),Du lundi au dimanche et jours fériés,5,15:15,LE CHÂTEAU-D'OLÉRON,Camping Les Embruns d'Oléron,le chateau d'oleron|camping les embruns d'oleron,15:17,
3,Verte,Le Château-d'Oléron,Chéray (par Boyardville),Du lundi au dimanche et jours fériés,6,16:45,LE CHÂTEAU-D'OLÉRON,Camping Les Embruns d'Oléron,le chateau d'oleron|camping les embruns d'oleron,16:47,
3,Verte,Le Château-d'Oléron,Chéray (par Boyardville),Du lundi au dimanche et jours fériés,7,18:15,LE CHÂTEAU-D'OLÉRON,Camping Les Embruns d'Oléron,le chateau d'oleron|camping les embruns d'oleron,18:17,
3,Verte,Le Château-d'Oléron,Chéray (par Boyardville),Du lundi au dimanche et jours fériés,1,09:15,LE CHÂTEAU-D'OLÉRON,Camping Au Pigeonnier,le chateau d'oleron|camping au pigeonnier,09:19,
3,Verte,Le Château-d'Oléron,Chéray (par Boyardville),Du lundi au dimanche et jours fériés,2,10:45,LE CHÂTEAU-D'OLÉRON,Camping Au Pigeonnier,le chateau d'oleron|camping au pigeonnier,10:49,
3,Verte,Le Château-d'Oléron,Chéray (par Boyardville),Du lundi au dimanche et jours fériés,3,12:15,LE CHÂTEAU-D'OLÉRON,Camping Au Pigeonnier,le chateau d'oleron|camping au pigeonnier,12:19,
3,Verte,Le Château-d'Oléron,Chéray (par Boyardville),Du lundi au dimanche et jours fériés,4,13:45,LE CHÂTEAU-D'OLÉRON,Camping Au Pigeonnier,le chateau d'oleron|camping au pigeonnier,13:49,
3,Verte,Le Château-d'Oléron,Chéray (par Boyardville),Du lundi au dimanche et jours fériés,5,15:15,LE CHÂTEAU-D'OLÉRON,Camping Au Pigeonnier,le chateau d'oleron|camping au pigeonnier,15:19,
3,Verte,Le Château-d'Oléron,Chéray (par Boyardville),Du lundi au dimanche et jours fériés,6,16:45,LE CHÂTEAU-D'OLÉRON,Camping Au Pigeonnier,le chateau d'oleron|camping au pigeonnier,16:49,
3,Verte,Le Château-d'Oléron,Chéray (par Boyardville),Du lundi au dimanche et jours fériés,7,18:15,LE CHÂTEAU-D'OLÉRON,Camping Au Pigeonnier,le chateau d'oleron|camping au pigeonnier,18:19,
3,Verte,Le Château-d'Oléron,Chéray (par Boyardville),Du lundi au dimanche et jours fériés,1,09:15,LE CHÂTEAU-D'OLÉRON,Camping Les Remparts,le chateau d'oleron|camping les remparts,09:22,
3,Verte,Le Château-d'Oléron,Chéray (par Boyardville),Du lundi au dimanche et jours fériés,2,10:45,LE CHÂTEAU-D'OLÉRON,Camping Les Remparts,le chateau d'oleron|camping les remparts,10:52,
3,Verte,Le Château-d'Oléron,Chéray (par Boyardville),Du lundi au dimanche et jours fériés,3,12:15,LE CHÂTEAU-D'OLÉRON,Camping Les Remparts,le chateau d'oleron|camping les remparts,12:22,
3,Verte,Le Château-d'Oléron,Chéray (par Boyardville),Du lundi au dimanche et jours fériés,4,13:45,LE CHÂTEAU-D'OLÉRON,Camping Les Remparts,le chateau d'oleron|camping les remparts,13:52,
3,Verte,Le Château-d'Oléron,Chéray (par Boyardville),Du lundi au dimanche et jours fériés,5,15:15,LE CHÂTEAU-D'OLÉRON,Camping Les Remparts,le chateau d'oleron|camping les remparts,15:22,
3,Verte,Le Château-d'Oléron,Chéray (par Boyardville),Du lundi au dimanche et jours fériés,6,16:45,LE CHÂTEAU-D'OLÉRON,Camping Les Remparts,le chateau d'oleron|camping les remparts,16:52,
3,Verte,Le Château-d'Oléron,Chéray (par Boyardville),Du lundi au dimanche et jours fériés,7,18:15,LE CHÂTEAU-D'OLÉRON,Camping Les Remparts,le chateau d'oleron|camping les remparts,18:22,
3,Verte,Le Château-d'Oléron,Chéray (par Boyardville),Du lundi au dimanche et jours fériés,1,09:15,LE CHÂTEAU-D'OLÉRON,Aire de camping-cars,le chateau d'oleron|aire de camping cars,09:24,
3,Verte,Le Château-d'Oléron,Chéray (par Boyardville),Du lundi au dimanche et jours fériés,2,10:45,LE CHÂTEAU-D'OLÉRON,Aire de camping-cars,le chateau d'oleron|aire de camping cars,10:54,
3,Verte,Le Château-d'Oléron,Chéray (par Boyardville),Du lundi au dimanche et jours fériés,3,12:15,LE CHÂTEAU-D'OLÉRON,Aire de camping-cars,le chateau d'oleron|aire de camping cars,12:24,
3,Verte,Le Château-d'Oléron,Chéray (par Boyardville),Du lundi au dimanche et jours fériés,4,13:45,LE CHÂTEAU-D'OLÉRON,Aire de camping-cars,le chateau d'oleron|aire de camping cars,13:54,
3,Verte,Le Château-d'Oléron,Chéray (par Boyardville),Du lundi au dimanche et jours fériés,5,15:15,LE CHÂTEAU-D'OLÉRON,Aire de camping-cars,le chateau d'oleron|aire de camping cars,15:24,
3,Verte,Le Château-d'Oléron,Chéray (par Boyardville),Du lundi au dimanche et jours fériés,6,16:45,LE CHÂTEAU-D'OLÉRON,Aire de camping-cars,le chateau d'oleron|aire de camping cars,16:54,
3,Verte,Le Château-d'Oléron,Chéray (par Boyardville),Du lundi au dimanche et jours fériés,7,18:15,LE CHÂTEAU-D'OLÉRON,Aire de camping-cars,le chateau d'oleron|aire de camping cars,18:24,
3,Verte,Le Château-d'Oléron,Chéray (par Boyardville),Du lundi au dimanche et jours fériés,1,09:15,LE CHÂTEAU-D'OLÉRON,Camping La Brande,le chateau d'oleron|camping la brande,09:27,
3,Verte,Le Château-d'Oléron,Chéray (par Boyardville),Du lundi au dimanche et jours fériés,2,10:45,LE CHÂTEAU-D'OLÉRON,Camping La Brande,le chateau d'oleron|camping la brande,10:57,
3,Verte,Le Château-d'Oléron,Chéray (par Boyardville),Du lundi au dimanche et jours fériés,3,12:15,LE CHÂTEAU-D'OLÉRON,Camping La Brande,le chateau d'oleron|camping la brande,12:27,
3,Verte,Le Château-d'Oléron,Chéray (par Boyardville),Du lundi au dimanche et jours fériés,4,13:45,LE CHÂTEAU-D'OLÉRON,Camping La Brande,le chateau d'oleron|camping la brande,13:57,
3,Verte,Le Château-d'Oléron,Chéray (par Boyardville),Du lundi au dimanche et jours fériés,5,15:15,LE CHÂTEAU-D'OLÉRON,Camping La Brande,le chateau d'oleron|camping la brande,15:27,
3,Verte,Le Château-d'Oléron,Chéray (par Boyardville),Du lundi au dimanche et jours fériés,6,16:45,LE CHÂTEAU-D'OLÉRON,Camping La Brande,le chateau d'oleron|camping la brande,16:57,
3,Verte,Le Château-d'Oléron,Chéray (par Boyardville),Du lundi au dimanche et jours fériés,7,18:15,LE CHÂTEAU-D'OLÉRON,Camping La Brande,le chateau d'oleron|camping la brande,18:27,
3,Verte,Le Château-d'Oléron,Chéray (par Boyardville),Du lundi au dimanche et jours fériés,1,09:15,DOLUS-D'OLÉRON,Camping Ostréa,dolus d'oleron|camping ostrea,09:29,
3,Verte,Le Château-d'Oléron,Chéray (par Boyardville),Du lundi au dimanche et jours fériés,2,10:45,DOLUS-D'OLÉRON,Camping Ostréa,dolus d'oleron|camping ostrea,10:59,
3,Verte,Le Château-d'Oléron,Chéray (par Boyardville),Du lundi au dimanche et jours fériés,3,12:15,DOLUS-D'OLÉRON,Camping Ostréa,dolus d'oleron|camping ostrea,12:29,
3,Verte,Le Château-d'Oléron,Chéray (par Boyardville),Du lundi au dimanche et jours fériés,4,13:45,DOLUS-D'OLÉRON,Camping Ostréa,dolus d'oleron|camping ostrea,13:59,
3,Verte,Le Château-d'Oléron,Chéray (par Boyardville),Du lundi au dimanche et jours fériés,5,15:15,DOLUS-D'OLÉRON,Camping Ostréa,dolus d'oleron|camping ostrea,15:29,
3,Verte,Le Château-d'Oléron,Chéray (par Boyardville),Du lundi au dimanche et jours fériés,6,16:45,DOLUS-D'OLÉRON,Camping Ostréa,dolus d'oleron|camping ostrea,16:59,
3,Verte,Le Château-d'Oléron,Chéray (par Boyardville),Du lundi au dimanche et jours fériés,7,18:15,DOLUS-D'OLÉRON,Camping Ostréa,dolus d'oleron|camping ostrea,18:29,
3,Verte,Le Château-d'Oléron,Chéray (par Boyardville),Du lundi au dimanche et jours fériés,1,09:15,DOLUS-D'OLÉRON,Camping La Cailletière,dolus d'oleron|camping la cailletiere,09:35,
3,Verte,Le Château-d'Oléron,Chéray (par Boyardville),Du lundi au dimanche et jours fériés,2,10:45,DOLUS-D'OLÉRON,Camping La Cailletière,dolus d'oleron|camping la cailletiere,11:05,
3,Verte,Le Château-d'Oléron,Chéray (par Boyardville),Du lundi au dimanche et jours fériés,3,12:15,DOLUS-D'OLÉRON,Camping La Cailletière,dolus d'oleron|camping la cailletiere,12:35,
3,Verte,Le Château-d'Oléron,Chéray (par Boyardville),Du lundi au dimanche et jours fériés,4,13:45,DOLUS-D'OLÉRON,Camping La Cailletière,dolus d'oleron|camping la cailletiere,14:05,
3,Verte,Le Château-d'Oléron,Chéray (par Boyardville),Du lundi au dimanche et jours fériés,5,15:15,DOLUS-D'OLÉRON,Camping La Cailletière,dolus d'oleron|camping la cailletiere,15:35,
3,Verte,Le Château-d'Oléron,Chéray (par Boyardville),Du lundi au dimanche et jours fériés,6,16:45,DOLUS-D'OLÉRON,Camping La Cailletière,dolus d'oleron|camping la cailletiere,17:05,
3,Verte,Le Château-d'Oléron,Chéray (par Boyardville),Du lundi au dimanche et jours fériés,7,18:15,DOLUS-D'OLÉRON,Camping La Cailletière,dolus d'oleron|camping la cailletiere,18:35,
3,Verte,Le Château-d'Oléron,Chéray (par Boyardville),Du lundi au dimanche et jours fériés,1,09:15,DOLUS-D'OLÉRON,Parc aquatique Iléo,dolus d'oleron|parc aquatique ileo,09:39,
3,Verte,Le Château-d'Oléron,Chéray (par Boyardville),Du lundi au dimanche et jours fériés,2,10:45,DOLUS-D'OLÉRON,Parc aquatique Iléo,dolus d'oleron|parc aquatique ileo,11:09,
3,Verte,Le Château-d'Oléron,Chéray (par Boyardville),Du lundi au dimanche et jours fériés,3,12:15,DOLUS-D'OLÉRON,Parc aquatique Iléo,dolus d'oleron|parc aquatique ileo,12:39,
3,Verte,Le Château-d'Oléron,Chéray (par Boyardville),Du lundi au dimanche et jours fériés,4,13:45,DOLUS-D'OLÉRON,Parc aquatique Iléo,dolus d'oleron|parc aquatique ileo,14:09,
3,Verte,Le Château-d'Oléron,Chéray (par Boyardville),Du lundi au dimanche et jours fériés,5,15:15,DOLUS-D'OLÉRON,Parc aquatique Iléo,dolus d'oleron|parc aquatique ileo,15:39,
3,Verte,Le Château-d'Oléron,Chéray (par Boyardville),Du lundi au dimanche et jours fériés,6,16:45,DOLUS-D'OLÉRON,Parc aquatique Iléo,dolus d'oleron|parc aquatique ileo,17:09,
3,Verte,Le Château-d'Oléron,Chéray (par Boyardville),Du lundi au dimanche et jours fériés,7,18:15,DOLUS-D'OLÉRON,Parc aquatique Iléo,dolus d'oleron|parc aquatique ileo,18:39,
3,Verte,Le Château-d'Oléron,Chéray (par Boyardville),Du lundi au dimanche et jours fériés,1,09:15,DOLUS-D'OLÉRON,Les Allards - La Forge,dolus d'oleron|les allards la forge,09:44,
3,Verte,Le Château-d'Oléron,Chéray (par Boyardville),Du lundi au dimanche et jours fériés,2,10:45,DOLUS-D'OLÉRON,Les Allards - La Forge,dolus d'oleron|les allards la forge,11:14,
3,Verte,Le Château-d'Oléron,Chéray (par Boyardville),Du lundi au dimanche et jours fériés,3,12:15,DOLUS-D'OLÉRON,Les Allards - La Forge,dolus d'oleron|les allards la forge,12:44,
3,Verte,Le Château-d'Oléron,Chéray (par Boyardville),Du lundi au dimanche et jours fériés,4,13:45,DOLUS-D'OLÉRON,Les Allards - La Forge,dolus d'oleron|les allards la forge,14:14,
3,Verte,Le Château-d'Oléron,Chéray (par Boyardville),Du lundi au dimanche et jours fériés,5,15:15,DOLUS-D'OLÉRON,Les Allards - La Forge,dolus d'oleron|les allards la forge,15:44,
3,Verte,Le Château-d'Oléron,Chéray (par Boyardville),Du lundi au dimanche et jours fériés,6,16:45,DOLUS-D'OLÉRON,Les Allards - La Forge,dolus d'oleron|les allards la forge,17:14,
3,Verte,Le Château-d'Oléron,Chéray (par Boyardville),Du lundi au dimanche et jours fériés,7,18:15,DOLUS-D'OLÉRON,Les Allards - La Forge,dolus d'oleron|les allards la forge,18:44,
3,Verte,Le Château-d'Oléron,Chéray (par Boyardville),Du lundi au dimanche et jours fériés,1,09:15,SAINT-PIERRE-D'OLÉRON,CAES du CNRS La Vieille Perrotine,saint pierre d'oleron|caes du cnrs la vieille perrotine,09:49,
3,Verte,Le Château-d'Oléron,Chéray (par Boyardville),Du lundi au dimanche et jours fériés,2,10:45,SAINT-PIERRE-D'OLÉRON,CAES du CNRS La Vieille Perrotine,saint pierre d'oleron|caes du cnrs la vieille perrotine,11:19,
3,Verte,Le Château-d'Oléron,Chéray (par Boyardville),Du lundi au dimanche et jours fériés,3,12:15,SAINT-PIERRE-D'OLÉRON,CAES du CNRS La Vieille Perrotine,saint pierre d'oleron|caes du cnrs la vieille perrotine,12:49,
3,Verte,Le Château-d'Oléron,Chéray (par Boyardville),Du lundi au dimanche et jours fériés,4,13:45,SAINT-PIERRE-D'OLÉRON,CAES du CNRS La Vieille Perrotine,saint pierre d'oleron|caes du cnrs la vieille perrotine,14:19,
3,Verte,Le Château-d'Oléron,Chéray (par Boyardville),Du lundi au dimanche et jours fériés,5,15:15,SAINT-PIERRE-D'OLÉRON,CAES du CNRS La Vieille Perrotine,saint pierre d'oleron|caes du cnrs la vieille perrotine,15:49,
3,Verte,Le Château-d'Oléron,Chéray (par Boyardville),Du lundi au dimanche et jours fériés,6,16:45,SAINT-PIERRE-D'OLÉRON,CAES du CNRS La Vieille Perrotine,saint pierre d'oleron|caes du cnrs la vieille perrotine,17:19,
3,Verte,Le Château-d'Oléron,Chéray (par Boyardville),Du lundi au dimanche et jours fériés,7,18:15,SAINT-PIERRE-D'OLÉRON,CAES du CNRS La Vieille Perrotine,saint pierre d'oleron|caes du cnrs la vieille perrotine,18:49,
3,Verte,Le Château-d'Oléron,Chéray (par Boyardville),Du lundi au dimanche et jours fériés,1,09:15,SAINT-PIERRE-D'OLÉRON,Fort Royer - Camping le Dauphin,saint pierre d'oleron|fort royer camping le dauphin,09:53,Correspondance navette orange
3,Verte,Le Château-d'Oléron,Chéray (par Boyardville),Du lundi au dimanche et jours fériés,2,10:45,SAINT-PIERRE-D'OLÉRON,Fort Royer - Camping le Dauphin,saint pierre d'oleron|fort royer camping le dauphin,11:23,Correspondance navette orange
3,Verte,Le Château-d'Oléron,Chéray (par Boyardville),Du lundi au dimanche et jours fériés,3,12:15,SAINT-PIERRE-D'OLÉRON,Fort Royer - Camping le Dauphin,saint pierre d'oleron|fort royer camping le dauphin,12:53,Correspondance navette orange
3,Verte,Le Château-d'Oléron,Chéray (par Boyardville),Du lundi au dimanche et jours fériés,4,13:45,SAINT-PIERRE-D'OLÉRON,Fort Royer - Camping le Dauphin,saint pierre d'oleron|fort royer camping le dauphin,14:23,Correspondance navette orange
3,Verte,Le Château-d'Oléron,Chéray (par Boyardville),Du lundi au dimanche et jours fériés,5,15:15,SAINT-PIERRE-D'OLÉRON,Fort Royer - Camping le Dauphin,saint pierre d'oleron|fort royer camping le dauphin,15:53,Correspondance navette orange
3,Verte,Le Château-d'Oléron,Chéray (par Boyardville),Du lundi au dimanche et jours fériés,6,16:45,SAINT-PIERRE-D'OLÉRON,Fort Royer - Camping le Dauphin,saint pierre d'oleron|fort royer camping le dauphin,17:23,Correspondance navette orange
3,Verte,Le Château-d'Oléron,Chéray (par Boyardville),Du lundi au dimanche et jours fériés,7,18:15,SAINT-PIERRE-D'OLÉRON,Fort Royer - Camping le Dauphin,saint pierre d'oleron|fort royer camping le dauphin,18:53,Correspondance navette orange
3,Verte,Le Château-d'Oléron,Chéray (par Boyardville),Du lundi au dimanche et jours fériés,1,09:15,SAINT-GEORGES-D'OLÉRON,Camping Signol,saint georges d'oleron|camping signol,09:56,
3,Verte,Le Château-d'Oléron,Chéray (par Boyardville),Du lundi au dimanche et jours fériés,2,10:45,SAINT-GEORGES-D'OLÉRON,Camping Signol,saint georges d'oleron|camping signol,11:26,
3,Verte,Le Château-d'Oléron,Chéray (par Boyardville),Du lundi au dimanche et jours fériés,3,12:15,SAINT-GEORGES-D'OLÉRON,Camping Signol,saint georges d'oleron|camping signol,12:56,
3,Verte,Le Château-d'Oléron,Chéray (par Boyardville),Du lundi au dimanche et jours fériés,4,13:45,SAINT-GEORGES-D'OLÉRON,Camping Signol,saint georges d'oleron|camping signol,14:26,
3,Verte,Le Château-d'Oléron,Chéray (par Boyardville),Du lundi au dimanche et jours fériés,5,15:15,SAINT-GEORGES-D'OLÉRON,Camping Signol,saint georges d'oleron|camping signol,15:56,
3,Verte,Le Château-d'Oléron,Chéray (par Boyardville),Du lundi au dimanche et jours fériés,6,16:45,SAINT-GEORGES-D'OLÉRON,Camping Signol,saint georges d'oleron|camping signol,17:26,
3,Verte,Le Château-d'Oléron,Chéray (par Boyardville),Du lundi au dimanche et jours fériés,7,18:15,SAINT-GEORGES-D'OLÉRON,Camping Signol,saint georges d'oleron|camping signol,18:56,
3,Verte,Le Château-d'Oléron,Chéray (par Boyardville),Du lundi au dimanche et jours fériés,1,09:15,SAINT-GEORGES-D'OLÉRON,Boyardville - Parking du chenal,saint georges d'oleron|boyardville parking du chenal,09:59,Embarcadère de la liaison maritime à proximité
3,Verte,Le Château-d'Oléron,Chéray (par Boyardville),Du lundi au dimanche et jours fériés,2,10:45,SAINT-GEORGES-D'OLÉRON,Boyardville - Parking du chenal,saint georges d'oleron|boyardville parking du chenal,11:29,Embarcadère de la liaison maritime à proximité
3,Verte,Le Château-d'Oléron,Chéray (par Boyardville),Du lundi au dimanche et jours fériés,3,12:15,SAINT-GEORGES-D'OLÉRON,Boyardville - Parking du chenal,saint georges d'oleron|boyardville parking du chenal,12:59,Embarcadère de la liaison maritime à proximité
3,Verte,Le Château-d'Oléron,Chéray (par Boyardville),Du lundi au dimanche et jours fériés,4,13:45,SAINT-GEORGES-D'OLÉRON,Boyardville - Parking du chenal,saint georges d'oleron|boyardville parking du chenal,14:29,Embarcadère de la liaison maritime à proximité
3,Verte,Le Château-d'Oléron,Chéray (par Boyardville),Du lundi au dimanche et jours fériés,5,15:15,SAINT-GEORGES-D'OLÉRON,Boyardville - Parking du chenal,saint georges d'oleron|boyardville parking du chenal,15:59,Embarcadère de la liaison maritime à proximité
3,Verte,Le Château-d'Oléron,Chéray (par Boyardville),Du lundi au dimanche et jours fériés,6,16:45,SAINT-GEORGES-D'OLÉRON,Boyardville - Parking du chenal,saint georges d'oleron|boyardville parking du chenal,17:29,Embarcadère de la liaison maritime à proximité
3,Verte,Le Château-d'Oléron,Chéray (par Boyardville),Du lundi au dimanche et jours fériés,7,18:15,SAINT-GEORGES-D'OLÉRON,Boyardville - Parking du chenal,saint georges d'oleron|boyardville parking du chenal,18:59,Embarcadère de la liaison maritime à proximité
3,Verte,Le Château-d'Oléron,Chéray (par Boyardville),Du lundi au dimanche et jours fériés,1,09:15,SAINT-GEORGES-D'OLÉRON,Boyardville - Plage,saint georges d'oleron|boyardville plage,10:02,
3,Verte,Le Château-d'Oléron,Chéray (par Boyardville),Du lundi au dimanche et jours fériés,2,10:45,SAINT-GEORGES-D'OLÉRON,Boyardville - Plage,saint georges d'oleron|boyardville plage,11:32,
3,Verte,Le Château-d'Oléron,Chéray (par Boyardville),Du lundi au dimanche et jours fériés,3,12:15,SAINT-GEORGES-D'OLÉRON,Boyardville - Plage,saint georges d'oleron|boyardville plage,13:02,
3,Verte,Le Château-d'Oléron,Chéray (par Boyardville),Du lundi au dimanche et jours fériés,4,13:45,SAINT-GEORGES-D'OLÉRON,Boyardville - Plage,saint georges d'oleron|boyardville plage,14:32,
3,Verte,Le Château-d'Oléron,Chéray (par Boyardville),Du lundi au dimanche et jours fériés,5,15:15,SAINT-GEORGES-D'OLÉRON,Boyardville - Plage,saint georges d'oleron|boyardville plage,16:02,
3,Verte,Le Château-d'Oléron,Chéray (par Boyardville),Du lundi au dimanche et jours fériés,6,16:45,SAINT-GEORGES-D'OLÉRON,Boyardville - Plage,saint georges d'oleron|boyardville plage,17:32,
3,Verte,Le Château-d'Oléron,Chéray (par Boyardville),Du lundi au dimanche et jours fériés,7,18:15,SAINT-GEORGES-D'OLÉRON,Boyardville - Plage,saint georges d'oleron|boyardville plage,19:02,
3,Verte,Le Château-d'Oléron,Chéray (par Boyardville),Du lundi au dimanche et jours fériés,1,09:15,SAINT-GEORGES-D'OLÉRON,Sauzelle,saint georges d'oleron|sauzelle,10:09,
3,Verte,Le Château-d'Oléron,Chéray (par Boyardville),Du lundi au dimanche et jours fériés,2,10:45,SAINT-GEORGES-D'OLÉRON,Sauzelle,saint georges d'oleron|sauzelle,11:39,
3,Verte,Le Château-d'Oléron,Chéray (par Boyardville),Du lundi au dimanche et jours fériés,3,12:15,SAINT-GEORGES-D'OLÉRON,Sauzelle,saint georges d'oleron|sauzelle,13:09,
3,Verte,Le Château-d'Oléron,Chéray (par Boyardville),Du lundi au dimanche et jours fériés,4,13:45,SAINT-GEORGES-D'OLÉRON,Sauzelle,saint georges d'oleron|sauzelle,14:39,
3,Verte,Le Château-d'Oléron,Chéray (par Boyardville),Du lundi au dimanche et jours fériés,5,15:15,SAINT-GEORGES-D'OLÉRON,Sauzelle,saint georges d'oleron|sauzelle,16:09,
3,Verte,Le Château-d'Oléron,Chéray (par Boyardville),Du lundi au dimanche et jours fériés,6,16:45,SAINT-GEORGES-D'OLÉRON,Sauzelle,saint georges d'oleron|sauzelle,17:39,
3,Verte,Le Château-d'Oléron,Chéray (par Boyardville),Du lundi au dimanche et jours fériés,7,18:15,SAINT-GEORGES-D'OLÉRON,Sauzelle,saint georges d'oleron|sauzelle,19:09,
3,Verte,Le Château-d'Oléron,Chéray (par Boyardville),Du lundi au dimanche et jours fériés,1,09:15,SAINT-GEORGES-D'OLÉRON,Camping Oléron Loisirs,saint georges d'oleron|camping oleron loisirs,10:12,
3,Verte,Le Château-d'Oléron,Chéray (par Boyardville),Du lundi au dimanche et jours fériés,2,10:45,SAINT-GEORGES-D'OLÉRON,Camping Oléron Loisirs,saint georges d'oleron|camping oleron loisirs,11:42,
3,Verte,Le Château-d'Oléron,Chéray (par Boyardville),Du lundi au dimanche et jours fériés,3,12:15,SAINT-GEORGES-D'OLÉRON,Camping Oléron Loisirs,saint georges d'oleron|camping oleron loisirs,13:12,
3,Verte,Le Château-d'Oléron,Chéray (par Boyardville),Du lundi au dimanche et jours fériés,4,13:45,SAINT-GEORGES-D'OLÉRON,Camping Oléron Loisirs,saint georges d'oleron|camping oleron loisirs,14:42,
3,Verte,Le Château-d'Oléron,Chéray (par Boyardville),Du lundi au dimanche et jours fériés,5,15:15,SAINT-GEORGES-D'OLÉRON,Camping Oléron Loisirs,saint georges d'oleron|camping oleron loisirs,16:12,
3,Verte,Le Château-d'Oléron,Chéray (par Boyardville),Du lundi au dimanche et jours fériés,6,16:45,SAINT-GEORGES-D'OLÉRON,Camping Oléron Loisirs,saint georges d'oleron|camping oleron loisirs,17:42,
3,Verte,Le Château-d'Oléron,Chéray (par Boyardville),Du lundi au dimanche et jours fériés,7,18:15,SAINT-GEORGES-D'OLÉRON,Camping Oléron Loisirs,saint georges d'oleron|camping oleron loisirs,19:12,
3,Verte,Le Château-d'Oléron,Chéray (par Boyardville),Du lundi au dimanche et jours fériés,1,09:15,SAINT-GEORGES-D'OLÉRON,Camping Verébleu,saint georges d'oleron|camping verebleu,10:13,
3,Verte,Le Château-d'Oléron,Chéray (par Boyardville),Du lundi au dimanche et jours fériés,2,10:45,SAINT-GEORGES-D'OLÉRON,Camping Verébleu,saint georges d'oleron|camping verebleu,11:43,
3,Verte,Le Château-d'Oléron,Chéray (par Boyardville),Du lundi au dimanche et jours fériés,3,12:15,SAINT-GEORGES-D'OLÉRON,Camping Verébleu,saint georges d'oleron|camping verebleu,13:13,
3,Verte,Le Château-d'Oléron,Chéray (par Boyardville),Du lundi au dimanche et jours fériés,4,13:45,SAINT-GEORGES-D'OLÉRON,Camping Verébleu,saint georges d'oleron|camping verebleu,14:43,
3,Verte,Le Château-d'Oléron,Chéray (par Boyardville),Du lundi au dimanche et jours fériés,5,15:15,SAINT-GEORGES-D'OLÉRON,Camping Verébleu,saint georges d'oleron|camping verebleu,16:13,
3,Verte,Le Château-d'Oléron,Chéray (par Boyardville),Du lundi au dimanche et jours fériés,6,16:45,SAINT-GEORGES-D'OLÉRON,Camping Verébleu,saint georges d'oleron|camping verebleu,17:43,
3,Verte,Le Château-d'Oléron,Chéray (par Boyardville),Du lundi au dimanche et jours fériés,7,18:15,SAINT-GEORGES-D'OLÉRON,Camping Verébleu,saint georges d'oleron|camping verebleu,19:13,
3,Verte,Le Château-d'Oléron,Chéray (par Boyardville),Du lundi au dimanche et jours fériés,1,09:15,SAINT-GEORGES-D'OLÉRON,Camping Chadotel Le Domaine d'Oléron,saint georges d'oleron|camping chadotel le domaine d'oleron,10:15,
3,Verte,Le Château-d'Oléron,Chéray (par Boyardville),Du lundi au dimanche et jours fériés,2,10:45,SAINT-GEORGES-D'OLÉRON,Camping Chadotel Le Domaine d'Oléron,saint georges d'oleron|camping chadotel le domaine d'oleron,11:45,
3,Verte,Le Château-d'Oléron,Chéray (par Boyardville),Du lundi au dimanche et jours fériés,3,12:15,SAINT-GEORGES-D'OLÉRON,Camping Chadotel Le Domaine d'Oléron,saint georges d'oleron|camping chadotel le domaine d'oleron,13:15,
3,Verte,Le Château-d'Oléron,Chéray (par Boyardville),Du lundi au dimanche et jours fériés,4,13:45,SAINT-GEORGES-D'OLÉRON,Camping Chadotel Le Domaine d'Oléron,saint georges d'oleron|camping chadotel le domaine d'oleron,14:45,
3,Verte,Le Château-d'Oléron,Chéray (par Boyardville),Du lundi au dimanche et jours fériés,5,15:15,SAINT-GEORGES-D'OLÉRON,Camping Chadotel Le Domaine d'Oléron,saint georges d'oleron|camping chadotel le domaine d'oleron,16:15,
3,Verte,Le Château-d'Oléron,Chéray (par Boyardville),Du lundi au dimanche et jours fériés,6,16:45,SAINT-GEORGES-D'OLÉRON,Camping Chadotel Le Domaine d'Oléron,saint georges d'oleron|camping chadotel le domaine d'oleron,17:45,
3,Verte,Le Château-d'Oléron,Chéray (par Boyardville),Du lundi au dimanche et jours fériés,7,18:15,SAINT-GEORGES-D'OLÉRON,Camping Chadotel Le Domaine d'Oléron,saint georges d'oleron|camping chadotel le domaine d'oleron,19:15,
3,Verte,Le Château-d'Oléron,Chéray (par Boyardville),Du lundi au dimanche et jours fériés,1,09:15,SAINT-GEORGES-D'OLÉRON,Centre,saint georges d'oleron|centre,10:22,
3,Verte,Le Château-d'Oléron,Chéray (par Boyardville),Du lundi au dimanche et jours fériés,2,10:45,SAINT-GEORGES-D'OLÉRON,Centre,saint georges d'oleron|centre,11:52,
3,Verte,Le Château-d'Oléron,Chéray (par Boyardville),Du lundi au dimanche et jours fériés,3,12:15,SAINT-GEORGES-D'OLÉRON,Centre,saint georges d'oleron|centre,13:22,
3,Verte,Le Château-d'Oléron,Chéray (par Boyardville),Du lundi au dimanche et jours fériés,4,13:45,SAINT-GEORGES-D'OLÉRON,Centre,saint georges d'oleron|centre,14:52,
3,Verte,Le Château-d'Oléron,Chéray (par Boyardville),Du lundi au dimanche et jours fériés,5,15:15,SAINT-GEORGES-D'OLÉRON,Centre,saint georges d'oleron|centre,16:22,
3,Verte,Le Château-d'Oléron,Chéray (par Boyardville),Du lundi au dimanche et jours fériés,6,16:45,SAINT-GEORGES-D'OLÉRON,Centre,saint georges d'oleron|centre,17:52,
3,Verte,Le Château-d'Oléron,Chéray (par Boyardville),Du lundi au dimanche et jours fériés,7,18:15,SAINT-GEORGES-D'OLÉRON,Centre,saint georges d'oleron|centre,19:22,
3,Verte,Le Château-d'Oléron,Chéray (par Boyardville),Du lundi au dimanche et jours fériés,1,09:15,SAINT-GEORGES-D'OLÉRON,Chéray - Les 4 Moulins,saint georges d'oleron|cheray les 4 moulins,10:27,Correspondance navettes rouge et bleue
3,Verte,Le Château-d'Oléron,Chéray (par Boyardville),Du lundi au dimanche et jours fériés,2,10:45,SAINT-GEORGES-D'OLÉRON,Chéray - Les 4 Moulins,saint georges d'oleron|cheray les 4 moulins,11:57,Correspondance navettes rouge et bleue
3,Verte,Le Château-d'Oléron,Chéray (par Boyardville),Du lundi au dimanche et jours fériés,3,12:15,SAINT-GEORGES-D'OLÉRON,Chéray - Les 4 Moulins,saint georges d'oleron|cheray les 4 moulins,13:27,Correspondance navettes rouge et bleue
3,Verte,Le Château-d'Oléron,Chéray (par Boyardville),Du lundi au dimanche et jours fériés,4,13:45,SAINT-GEORGES-D'OLÉRON,Chéray - Les 4 Moulins,saint georges d'oleron|cheray les 4 moulins,14:57,Correspondance navettes rouge et bleue
3,Verte,Le Château-d'Oléron,Chéray (par Boyardville),Du lundi au dimanche et jours fériés,5,15:15,SAINT-GEORGES-D'OLÉRON,Chéray - Les 4 Moulins,saint georges d'oleron|cheray les 4 moulins,16:27,Correspondance navettes rouge et bleue
3,Verte,Le Château-d'Oléron,Chéray (par Boyardville),Du lundi au dimanche et jours fériés,6,16:45,SAINT-GEORGES-D'OLÉRON,Chéray - Les 4 Moulins,saint georges d'oleron|cheray les 4 moulins,17:57,Correspondance navettes rouge et bleue
3,Verte,Le Château-d'Oléron,Chéray (par Boyardville),Du lundi au dimanche et jours fériés,7,18:15,SAINT-GEORGES-D'OLÉRON,Chéray - Les 4 Moulins,saint georges d'oleron|cheray les 4 moulins,19:27,Correspondance navettes rouge et bleue
4,Verte,Chéray,Le Château-d'Oléron (par Boyardville),Du lundi au dimanche et jours fériés,1,09:15,SAINT-GEORGES-D'OLÉRON,Chéray - Les 4 Moulins,saint georges d'oleron|cheray les 4 moulins,09:15,Correspondance navettes rouge et bleue
4,Verte,Chéray,Le Château-d'Oléron (par Boyardville),Du lundi au dimanche et jours fériés,2,10:45,SAINT-GEORGES-D'OLÉRON,Chéray - Les 4 Moulins,saint georges d'oleron|cheray les 4 moulins,10:45,Correspondance navettes rouge et bleue
4,Verte,Chéray,Le Château-d'Oléron (par Boyardville),Du lundi au dimanche et jours fériés,3,12:15,SAINT-GEORGES-D'OLÉRON,Chéray - Les 4 Moulins,saint georges d'oleron|cheray les 4 moulins,12:15,Correspondance navettes rouge et bleue
4,Verte,Chéray,Le Château-d'Oléron (par Boyardville),Du lundi au dimanche et jours fériés,4,13:45,SAINT-GEORGES-D'OLÉRON,Chéray - Les 4 Moulins,saint georges d'oleron|cheray les 4 moulins,13:45,Correspondance navettes rouge et bleue
4,Verte,Chéray,Le Château-d'Oléron (par Boyardville),Du lundi au dimanche et jours fériés,5,15:15,SAINT-GEORGES-D'OLÉRON,Chéray - Les 4 Moulins,saint georges d'oleron|cheray les 4 moulins,15:15,Correspondance navettes rouge et bleue
4,Verte,Chéray,Le Château-d'Oléron (par Boyardville),Du lundi au dimanche et jours fériés,6,16:45,SAINT-GEORGES-D'OLÉRON,Chéray - Les 4 Moulins,saint georges d'oleron|cheray les 4 moulins,16:45,Correspondance navettes rouge et bleue
4,Verte,Chéray,Le Château-d'Oléron (par Boyardville),Du lundi au dimanche et jours fériés,7,18:15,SAINT-GEORGES-D'OLÉRON,Chéray - Les 4 Moulins,saint georges d'oleron|cheray les 4 moulins,18:15,Correspondance navettes rouge et bleue
4,Verte,Chéray,Le Château-d'Oléron (par Boyardville),Du lundi au dimanche et jours fériés,1,09:15,SAINT-GEORGES-D'OLÉRON,Mairie,saint georges d'oleron|mairie,09:19,
4,Verte,Chéray,Le Château-d'Oléron (par Boyardville),Du lundi au dimanche et jours fériés,2,10:45,SAINT-GEORGES-D'OLÉRON,Mairie,saint georges d'oleron|mairie,10:49,
4,Verte,Chéray,Le Château-d'Oléron (par Boyardville),Du lundi au dimanche et jours fériés,3,12:15,SAINT-GEORGES-D'OLÉRON,Mairie,saint georges d'oleron|mairie,12:19,
4,Verte,Chéray,Le Château-d'Oléron (par Boyardville),Du lundi au dimanche et jours fériés,4,13:45,SAINT-GEORGES-D'OLÉRON,Mairie,saint georges d'oleron|mairie,13:49,
4,Verte,Chéray,Le Château-d'Oléron (par Boyardville),Du lundi au dimanche et jours fériés,5,15:15,SAINT-GEORGES-D'OLÉRON,Mairie,saint georges d'oleron|mairie,15:19,
4,Verte,Chéray,Le Château-d'Oléron (par Boyardville),Du lundi au dimanche et jours fériés,6,16:45,SAINT-GEORGES-D'OLÉRON,Mairie,saint georges d'oleron|mairie,16:49,
4,Verte,Chéray,Le Château-d'Oléron (par Boyardville),Du lundi au dimanche et jours fériés,7,18:15,SAINT-GEORGES-D'OLÉRON,Mairie,saint georges d'oleron|mairie,18:19,
4,Verte,Chéray,Le Château-d'Oléron (par Boyardville),Du lundi au dimanche et jours fériés,1,09:15,SAINT-GEORGES-D'OLÉRON,Motel Saint Georges,saint georges d'oleron|motel saint georges,09:20,
4,Verte,Chéray,Le Château-d'Oléron (par Boyardville),Du lundi au dimanche et jours fériés,2,10:45,SAINT-GEORGES-D'OLÉRON,Motel Saint Georges,saint georges d'oleron|motel saint georges,10:50,
4,Verte,Chéray,Le Château-d'Oléron (par Boyardville),Du lundi au dimanche et jours fériés,3,12:15,SAINT-GEORGES-D'OLÉRON,Motel Saint Georges,saint georges d'oleron|motel saint georges,12:20,
4,Verte,Chéray,Le Château-d'Oléron (par Boyardville),Du lundi au dimanche et jours fériés,4,13:45,SAINT-GEORGES-D'OLÉRON,Motel Saint Georges,saint georges d'oleron|motel saint georges,13:50,
4,Verte,Chéray,Le Château-d'Oléron (par Boyardville),Du lundi au dimanche et jours fériés,5,15:15,SAINT-GEORGES-D'OLÉRON,Motel Saint Georges,saint georges d'oleron|motel saint georges,15:20,
4,Verte,Chéray,Le Château-d'Oléron (par Boyardville),Du lundi au dimanche et jours fériés,6,16:45,SAINT-GEORGES-D'OLÉRON,Motel Saint Georges,saint georges d'oleron|motel saint georges,16:50,
4,Verte,Chéray,Le Château-d'Oléron (par Boyardville),Du lundi au dimanche et jours fériés,7,18:15,SAINT-GEORGES-D'OLÉRON,Motel Saint Georges,saint georges d'oleron|motel saint georges,18:20,
4,Verte,Chéray,Le Château-d'Oléron (par Boyardville),Du lundi au dimanche et jours fériés,1,09:15,SAINT-GEORGES-D'OLÉRON,Camping Chadotel le Domaine d'Oléron,saint georges d'oleron|camping chadotel le domaine d'oleron,09:25,
4,Verte,Chéray,Le Château-d'Oléron (par Boyardville),Du lundi au dimanche et jours fériés,2,10:45,SAINT-GEORGES-D'OLÉRON,Camping Chadotel le Domaine d'Oléron,saint georges d'oleron|camping chadotel le domaine d'oleron,10:55,
4,Verte,Chéray,Le Château-d'Oléron (par Boyardville),Du lundi au dimanche et jours fériés,3,12:15,SAINT-GEORGES-D'OLÉRON,Camping Chadotel le Domaine d'Oléron,saint georges d'oleron|camping chadotel le domaine d'oleron,12:25,
4,Verte,Chéray,Le Château-d'Oléron (par Boyardville),Du lundi au dimanche et jours fériés,4,13:45,SAINT-GEORGES-D'OLÉRON,Camping Chadotel le Domaine d'Oléron,saint georges d'oleron|camping chadotel le domaine d'oleron,13:55,
4,Verte,Chéray,Le Château-d'Oléron (par Boyardville),Du lundi au dimanche et jours fériés,5,15:15,SAINT-GEORGES-D'OLÉRON,Camping Chadotel le Domaine d'Oléron,saint georges d'oleron|camping chadotel le domaine d'oleron,15:25,
4,Verte,Chéray,Le Château-d'Oléron (par Boyardville),Du lundi au dimanche et jours fériés,6,16:45,SAINT-GEORGES-D'OLÉRON,Camping Chadotel le Domaine d'Oléron,saint georges d'oleron|camping chadotel le domaine d'oleron,16:55,
4,Verte,Chéray,Le Château-d'Oléron (par Boyardville),Du lundi au dimanche et jours fériés,7,18:15,SAINT-GEORGES-D'OLÉRON,Camping Chadotel le Domaine d'Oléron,saint georges d'oleron|camping chadotel le domaine d'oleron,18:25,
4,Verte,Chéray,Le Château-d'Oléron (par Boyardville),Du lundi au dimanche et jours fériés,1,09:15,SAINT-GEORGES-D'OLÉRON,Camping Verébleu,saint georges d'oleron|camping verebleu,09:26,
4,Verte,Chéray,Le Château-d'Oléron (par Boyardville),Du lundi au dimanche et jours fériés,2,10:45,SAINT-GEORGES-D'OLÉRON,Camping Verébleu,saint georges d'oleron|camping verebleu,10:56,
4,Verte,Chéray,Le Château-d'Oléron (par Boyardville),Du lundi au dimanche et jours fériés,3,12:15,SAINT-GEORGES-D'OLÉRON,Camping Verébleu,saint georges d'oleron|camping verebleu,12:26,
4,Verte,Chéray,Le Château-d'Oléron (par Boyardville),Du lundi au dimanche et jours fériés,4,13:45,SAINT-GEORGES-D'OLÉRON,Camping Verébleu,saint georges d'oleron|camping verebleu,13:56,
4,Verte,Chéray,Le Château-d'Oléron (par Boyardville),Du lundi au dimanche et jours fériés,5,15:15,SAINT-GEORGES-D'OLÉRON,Camping Verébleu,saint georges d'oleron|camping verebleu,15:26,
4,Verte,Chéray,Le Château-d'Oléron (par Boyardville),Du lundi au dimanche et jours fériés,6,16:45,SAINT-GEORGES-D'OLÉRON,Camping Verébleu,saint georges d'oleron|camping verebleu,16:56,
4,Verte,Chéray,Le Château-d'Oléron (par Boyardville),Du lundi au dimanche et jours fériés,7,18:15,SAINT-GEORGES-D'OLÉRON,Camping Verébleu,saint georges d'oleron|camping verebleu,18:26,
4,Verte,Chéray,Le Château-d'Oléron (par Boyardville),Du lundi au dimanche et jours fériés,1,09:15,SAINT-GEORGES-D'OLÉRON,Camping Oléron Loisirs,saint georges d'oleron|camping oleron loisirs,09:27,
4,Verte,Chéray,Le Château-d'Oléron (par Boyardville),Du lundi au dimanche et jours fériés,2,10:45,SAINT-GEORGES-D'OLÉRON,Camping Oléron Loisirs,saint georges d'oleron|camping oleron loisirs,10:57,
4,Verte,Chéray,Le Château-d'Oléron (par Boyardville),Du lundi au dimanche et jours fériés,3,12:15,SAINT-GEORGES-D'OLÉRON,Camping Oléron Loisirs,saint georges d'oleron|camping oleron loisirs,12:27,
4,Verte,Chéray,Le Château-d'Oléron (par Boyardville),Du lundi au dimanche et jours fériés,4,13:45,SAINT-GEORGES-D'OLÉRON,Camping Oléron Loisirs,saint georges d'oleron|camping oleron loisirs,13:57,
4,Verte,Chéray,Le Château-d'Oléron (par Boyardville),Du lundi au dimanche et jours fériés,5,15:15,SAINT-GEORGES-D'OLÉRON,Camping Oléron Loisirs,saint georges d'oleron|camping oleron loisirs,15:27,
4,Verte,Chéray,Le Château-d'Oléron (par Boyardville),Du lundi au dimanche et jours fériés,6,16:45,SAINT-GEORGES-D'OLÉRON,Camping Oléron Loisirs,saint georges d'oleron|camping oleron loisirs,16:57,
4,Verte,Chéray,Le Château-d'Oléron (par Boyardville),Du lundi au dimanche et jours fériés,7,18:15,SAINT-GEORGES-D'OLÉRON,Camping Oléron Loisirs,saint georges d'oleron|camping oleron loisirs,18:27,
4,Verte,Chéray,Le Château-d'Oléron (par Boyardville),Du lundi au dimanche et jours fériés,1,09:15,SAINT-GEORGES-D'OLÉRON,Sauzelle,saint georges d'oleron|sauzelle,09:31,
4,Verte,Chéray,Le Château-d'Oléron (par Boyardville),Du lundi au dimanche et jours fériés,2,10:45,SAINT-GEORGES-D'OLÉRON,Sauzelle,saint georges d'oleron|sauzelle,11:01,
4,Verte,Chéray,Le Château-d'Oléron (par Boyardville),Du lundi au dimanche et jours fériés,3,12:15,SAINT-GEORGES-D'OLÉRON,Sauzelle,saint georges d'oleron|sauzelle,12:31,
4,Verte,Chéray,Le Château-d'Oléron (par Boyardville),Du lundi au dimanche et jours fériés,4,13:45,SAINT-GEORGES-D'OLÉRON,Sauzelle,saint georges d'oleron|sauzelle,14:01,
4,Verte,Chéray,Le Château-d'Oléron (par Boyardville),Du lundi au dimanche et jours fériés,5,15:15,SAINT-GEORGES-D'OLÉRON,Sauzelle,saint georges d'oleron|sauzelle,15:31,
4,Verte,Chéray,Le Château-d'Oléron (par Boyardville),Du lundi au dimanche et jours fériés,6,16:45,SAINT-GEORGES-D'OLÉRON,Sauzelle,saint georges d'oleron|sauzelle,17:01,
4,Verte,Chéray,Le Château-d'Oléron (par Boyardville),Du lundi au dimanche et jours fériés,7,18:15,SAINT-GEORGES-D'OLÉRON,Sauzelle,saint georges d'oleron|sauzelle,18:31,
4,Verte,Chéray,Le Château-d'Oléron (par Boyardville),Du lundi au dimanche et jours fériés,1,09:15,SAINT-GEORGES-D'OLÉRON,Camping Signol,saint georges d'oleron|camping signol,09:38,
4,Verte,Chéray,Le Château-d'Oléron (par Boyardville),Du lundi au dimanche et jours fériés,2,10:45,SAINT-GEORGES-D'OLÉRON,Camping Signol,saint georges d'oleron|camping signol,11:08,
4,Verte,Chéray,Le Château-d'Oléron (par Boyardville),Du lundi au dimanche et jours fériés,3,12:15,SAINT-GEORGES-D'OLÉRON,Camping Signol,saint georges d'oleron|camping signol,12:38,
4,Verte,Chéray,Le Château-d'Oléron (par Boyardville),Du lundi au dimanche et jours fériés,4,13:45,SAINT-GEORGES-D'OLÉRON,Camping Signol,saint georges d'oleron|camping signol,14:08,
4,Verte,Chéray,Le Château-d'Oléron (par Boyardville),Du lundi au dimanche et jours fériés,5,15:15,SAINT-GEORGES-D'OLÉRON,Camping Signol,saint georges d'oleron|camping signol,15:38,
4,Verte,Chéray,Le Château-d'Oléron (par Boyardville),Du lundi au dimanche et jours fériés,6,16:45,SAINT-GEORGES-D'OLÉRON,Camping Signol,saint georges d'oleron|camping signol,17:08,
4,Verte,Chéray,Le Château-d'Oléron (par Boyardville),Du lundi au dimanche et jours fériés,7,18:15,SAINT-GEORGES-D'OLÉRON,Camping Signol,saint georges d'oleron|camping signol,18:38,
4,Verte,Chéray,Le Château-d'Oléron (par Boyardville),Du lundi au dimanche et jours fériés,1,09:15,SAINT-GEORGES-D'OLÉRON,Boyardville - Parking du chenal,saint georges d'oleron|boyardville parking du chenal,09:41,Embarcadère de la liaison maritime à proximité
4,Verte,Chéray,Le Château-d'Oléron (par Boyardville),Du lundi au dimanche et jours fériés,2,10:45,SAINT-GEORGES-D'OLÉRON,Boyardville - Parking du chenal,saint georges d'oleron|boyardville parking du chenal,11:11,Embarcadère de la liaison maritime à proximité
4,Verte,Chéray,Le Château-d'Oléron (par Boyardville),Du lundi au dimanche et jours fériés,3,12:15,SAINT-GEORGES-D'OLÉRON,Boyardville - Parking du chenal,saint georges d'oleron|boyardville parking du chenal,12:41,Embarcadère de la liaison maritime à proximité
4,Verte,Chéray,Le Château-d'Oléron (par Boyardville),Du lundi au dimanche et jours fériés,4,13:45,SAINT-GEORGES-D'OLÉRON,Boyardville - Parking du chenal,saint georges d'oleron|boyardville parking du chenal,14:11,Embarcadère de la liaison maritime à proximité
4,Verte,Chéray,Le Château-d'Oléron (par Boyardville),Du lundi au dimanche et jours fériés,5,15:15,SAINT-GEORGES-D'OLÉRON,Boyardville - Parking du chenal,saint georges d'oleron|boyardville parking du chenal,15:41,Embarcadère de la liaison maritime à proximité
4,Verte,Chéray,Le Château-d'Oléron (par Boyardville),Du lundi au dimanche et jours fériés,6,16:45,SAINT-GEORGES-D'OLÉRON,Boyardville - Parking du chenal,saint georges d'oleron|boyardville parking du chenal,17:11,Embarcadère de la liaison maritime à proximité
4,Verte,Chéray,Le Château-d'Oléron (par Boyardville),Du lundi au dimanche et jours fériés,7,18:15,SAINT-GEORGES-D'OLÉRON,Boyardville - Parking du chenal,saint georges d'oleron|boyardville parking du chenal,18:41,Embarcadère de la liaison maritime à proximité
4,Verte,Chéray,Le Château-d'Oléron (par Boyardville),Du lundi au dimanche et jours fériés,1,09:15,SAINT-GEORGES-D'OLÉRON,Boyardville - Plage,saint georges d'oleron|boyardville plage,09:44,
4,Verte,Chéray,Le Château-d'Oléron (par Boyardville),Du lundi au dimanche et jours fériés,2,10:45,SAINT-GEORGES-D'OLÉRON,Boyardville - Plage,saint georges d'oleron|boyardville plage,11:14,
4,Verte,Chéray,Le Château-d'Oléron (par Boyardville),Du lundi au dimanche et jours fériés,3,12:15,SAINT-GEORGES-D'OLÉRON,Boyardville - Plage,saint georges d'oleron|boyardville plage,12:44,
4,Verte,Chéray,Le Château-d'Oléron (par Boyardville),Du lundi au dimanche et jours fériés,4,13:45,SAINT-GEORGES-D'OLÉRON,Boyardville - Plage,saint georges d'oleron|boyardville plage,14:14,
4,Verte,Chéray,Le Château-d'Oléron (par Boyardville),Du lundi au dimanche et jours fériés,5,15:15,SAINT-GEORGES-D'OLÉRON,Boyardville - Plage,saint georges d'oleron|boyardville plage,15:44,
4,Verte,Chéray,Le Château-d'Oléron (par Boyardville),Du lundi au dimanche et jours fériés,6,16:45,SAINT-GEORGES-D'OLÉRON,Boyardville - Plage,saint georges d'oleron|boyardville plage,17:14,
4,Verte,Chéray,Le Château-d'Oléron (par Boyardville),Du lundi au dimanche et jours fériés,7,18:15,SAINT-GEORGES-D'OLÉRON,Boyardville - Plage,saint georges d'oleron|boyardville plage,18:44,
4,Verte,Chéray,Le Château-d'Oléron (par Boyardville),Du lundi au dimanche et jours fériés,1,09:15,SAINT-PIERRE-D'OLÉRON,Fort Royer - Camping le Dauphin,saint pierre d'oleron|fort royer camping le dauphin,09:49,Correspondance navette orange
4,Verte,Chéray,Le Château-d'Oléron (par Boyardville),Du lundi au dimanche et jours fériés,2,10:45,SAINT-PIERRE-D'OLÉRON,Fort Royer - Camping le Dauphin,saint pierre d'oleron|fort royer camping le dauphin,11:19,Correspondance navette orange
4,Verte,Chéray,Le Château-d'Oléron (par Boyardville),Du lundi au dimanche et jours fériés,3,12:15,SAINT-PIERRE-D'OLÉRON,Fort Royer - Camping le Dauphin,saint pierre d'oleron|fort royer camping le dauphin,12:49,Correspondance navette orange
4,Verte,Chéray,Le Château-d'Oléron (par Boyardville),Du lundi au dimanche et jours fériés,4,13:45,SAINT-PIERRE-D'OLÉRON,Fort Royer - Camping le Dauphin,saint pierre d'oleron|fort royer camping le dauphin,14:19,Correspondance navette orange
4,Verte,Chéray,Le Château-d'Oléron (par Boyardville),Du lundi au dimanche et jours fériés,5,15:15,SAINT-PIERRE-D'OLÉRON,Fort Royer - Camping le Dauphin,saint pierre d'oleron|fort royer camping le dauphin,15:49,Correspondance navette orange
4,Verte,Chéray,Le Château-d'Oléron (par Boyardville),Du lundi au dimanche et jours fériés,6,16:45,SAINT-PIERRE-D'OLÉRON,Fort Royer - Camping le Dauphin,saint pierre d'oleron|fort royer camping le dauphin,17:19,Correspondance navette orange
4,Verte,Chéray,Le Château-d'Oléron (par Boyardville),Du lundi au dimanche et jours fériés,7,18:15,SAINT-PIERRE-D'OLÉRON,Fort Royer - Camping le Dauphin,saint pierre d'oleron|fort royer camping le dauphin,18:49,Correspondance navette orange
4,Verte,Chéray,Le Château-d'Oléron (par Boyardville),Du lundi au dimanche et jours fériés,1,09:15,SAINT-PIERRE-D'OLÉRON,CAES du CNRS La Vieille Perrotine,saint pierre d'oleron|caes du cnrs la vieille perrotine,09:54,
4,Verte,Chéray,Le Château-d'Oléron (par Boyardville),Du lundi au dimanche et jours fériés,2,10:45,SAINT-PIERRE-D'OLÉRON,CAES du CNRS La Vieille Perrotine,saint pierre d'oleron|caes du cnrs la vieille perrotine,11:24,
4,Verte,Chéray,Le Château-d'Oléron (par Boyardville),Du lundi au dimanche et jours fériés,3,12:15,SAINT-PIERRE-D'OLÉRON,CAES du CNRS La Vieille Perrotine,saint pierre d'oleron|caes du cnrs la vieille perrotine,12:54,
4,Verte,Chéray,Le Château-d'Oléron (par Boyardville),Du lundi au dimanche et jours fériés,4,13:45,SAINT-PIERRE-D'OLÉRON,CAES du CNRS La Vieille Perrotine,saint pierre d'oleron|caes du cnrs la vieille perrotine,14:24,
4,Verte,Chéray,Le Château-d'Oléron (par Boyardville),Du lundi au dimanche et jours fériés,5,15:15,SAINT-PIERRE-D'OLÉRON,CAES du CNRS La Vieille Perrotine,saint pierre d'oleron|caes du cnrs la vieille perrotine,15:54,
4,Verte,Chéray,Le Château-d'Oléron (par Boyardville),Du lundi au dimanche et jours fériés,6,16:45,SAINT-PIERRE-D'OLÉRON,CAES du CNRS La Vieille Perrotine,saint pierre d'oleron|caes du cnrs la vieille perrotine,17:24,
4,Verte,Chéray,Le Château-d'Oléron (par Boyardville),Du lundi au dimanche et jours fériés,7,18:15,SAINT-PIERRE-D'OLÉRON,CAES du CNRS La Vieille Perrotine,saint pierre d'oleron|caes du cnrs la vieille perrotine,18:54,
4,Verte,Chéray,Le Château-d'Oléron (par Boyardville),Du lundi au dimanche et jours fériés,1,09:15,DOLUS-D'OLÉRON,Les Allards - La Forge,dolus d'oleron|les allards la forge,09:59,
4,Verte,Chéray,Le Château-d'Oléron (par Boyardville),Du lundi au dimanche et jours fériés,2,10:45,DOLUS-D'OLÉRON,Les Allards - La Forge,dolus d'oleron|les allards la forge,11:29,
4,Verte,Chéray,Le Château-d'Oléron (par Boyardville),Du lundi au dimanche et jours fériés,3,12:15,DOLUS-D'OLÉRON,Les Allards - La Forge,dolus d'oleron|les allards la forge,12:59,
4,Verte,Chéray,Le Château-d'Oléron (par Boyardville),Du lundi au dimanche et jours fériés,4,13:45,DOLUS-D'OLÉRON,Les Allards - La Forge,dolus d'oleron|les allards la forge,14:29,
4,Verte,Chéray,Le Château-d'Oléron (par Boyardville),Du lundi au dimanche et jours fériés,5,15:15,DOLUS-D'OLÉRON,Les Allards - La Forge,dolus d'oleron|les allards la forge,15:59,
4,Verte,Chéray,Le Château-d'Oléron (par Boyardville),Du lundi au dimanche et jours fériés,6,16:45,DOLUS-D'OLÉRON,Les Allards - La Forge,dolus d'oleron|les allards la forge,17:29,
4,Verte,Chéray,Le Château-d'Oléron (par Boyardville),Du lundi au dimanche et jours fériés,7,18:15,DOLUS-D'OLÉRON,Les Allards - La Forge,dolus d'oleron|les allards la forge,18:59,
4,Verte,Chéray,Le Château-d'Oléron (par Boyardville),Du lundi au dimanche et jours fériés,1,09:15,DOLUS-D'OLÉRON,Parc aquatique Iléo,dolus d'oleron|parc aquatique ileo,10:05,
4,Verte,Chéray,Le Château-d'Oléron (par Boyardville),Du lundi au dimanche et jours fériés,2,10:45,DOLUS-D'OLÉRON,Parc aquatique Iléo,dolus d'oleron|parc aquatique ileo,11:35,
4,Verte,Chéray,Le Château-d'Oléron (par Boyardville),Du lundi au dimanche et jours fériés,3,12:15,DOLUS-D'OLÉRON,Parc aquatique Iléo,dolus d'oleron|parc aquatique ileo,13:05,
4,Verte,Chéray,Le Château-d'Oléron (par Boyardville),Du lundi au dimanche et jours fériés,4,13:45,DOLUS-D'OLÉRON,Parc aquatique Iléo,dolus d'oleron|parc aquatique ileo,14:35,
4,Verte,Chéray,Le Château-d'Oléron (par Boyardville),Du lundi au dimanche et jours fériés,5,15:15,DOLUS-D'OLÉRON,Parc aquatique Iléo,dolus d'oleron|parc aquatique ileo,16:05,
4,Verte,Chéray,Le Château-d'Oléron (par Boyardville),Du lundi au dimanche et jours fériés,6,16:45,DOLUS-D'OLÉRON,Parc aquatique Iléo,dolus d'oleron|parc aquatique ileo,17:35,
4,Verte,Chéray,Le Château-d'Oléron (par Boyardville),Du lundi au dimanche et jours fériés,7,18:15,DOLUS-D'OLÉRON,Parc aquatique Iléo,dolus d'oleron|parc aquatique ileo,19:05,
4,Verte,Chéray,Le Château-d'Oléron (par Boyardville),Du lundi au dimanche et jours fériés,1,09:15,DOLUS-D'OLÉRON,Camping La Cailletière,dolus d'oleron|camping la cailletiere,10:08,
4,Verte,Chéray,Le Château-d'Oléron (par Boyardville),Du lundi au dimanche et jours fériés,2,10:45,DOLUS-D'OLÉRON,Camping La Cailletière,dolus d'oleron|camping la cailletiere,11:38,
4,Verte,Chéray,Le Château-d'Oléron (par Boyardville),Du lundi au dimanche et jours fériés,3,12:15,DOLUS-D'OLÉRON,Camping La Cailletière,dolus d'oleron|camping la cailletiere,13:08,
4,Verte,Chéray,Le Château-d'Oléron (par Boyardville),Du lundi au dimanche et jours fériés,4,13:45,DOLUS-D'OLÉRON,Camping La Cailletière,dolus d'oleron|camping la cailletiere,14:38,
4,Verte,Chéray,Le Château-d'Oléron (par Boyardville),Du lundi au dimanche et jours fériés,5,15:15,DOLUS-D'OLÉRON,Camping La Cailletière,dolus d'oleron|camping la cailletiere,16:08,
4,Verte,Chéray,Le Château-d'Oléron (par Boyardville),Du lundi au dimanche et jours fériés,6,16:45,DOLUS-D'OLÉRON,Camping La Cailletière,dolus d'oleron|camping la cailletiere,17:38,
4,Verte,Chéray,Le Château-d'Oléron (par Boyardville),Du lundi au dimanche et jours fériés,7,18:15,DOLUS-D'OLÉRON,Camping La Cailletière,dolus d'oleron|camping la cailletiere,19:08,
4,Verte,Chéray,Le Château-d'Oléron (par Boyardville),Du lundi au dimanche et jours fériés,1,09:15,DOLUS-D'OLÉRON,Camping Ostréa,dolus d'oleron|camping ostrea,10:14,
4,Verte,Chéray,Le Château-d'Oléron (par Boyardville),Du lundi au dimanche et jours fériés,2,10:45,DOLUS-D'OLÉRON,Camping Ostréa,dolus d'oleron|camping ostrea,11:44,
4,Verte,Chéray,Le Château-d'Oléron (par Boyardville),Du lundi au dimanche et jours fériés,3,12:15,DOLUS-D'OLÉRON,Camping Ostréa,dolus d'oleron|camping ostrea,13:14,
4,Verte,Chéray,Le Château-d'Oléron (par Boyardville),Du lundi au dimanche et jours fériés,4,13:45,DOLUS-D'OLÉRON,Camping Ostréa,dolus d'oleron|camping ostrea,14:44,
4,Verte,Chéray,Le Château-d'Oléron (par Boyardville),Du lundi au dimanche et jours fériés,5,15:15,DOLUS-D'OLÉRON,Camping Ostréa,dolus d'oleron|camping ostrea,16:14,
4,Verte,Chéray,Le Château-d'Oléron (par Boyardville),Du lundi au dimanche et jours fériés,6,16:45,DOLUS-D'OLÉRON,Camping Ostréa,dolus d'oleron|camping ostrea,17:44,
4,Verte,Chéray,Le Château-d'Oléron (par Boyardville),Du lundi au dimanche et jours fériés,7,18:15,DOLUS-D'OLÉRON,Camping Ostréa,dolus d'oleron|camping ostrea,19:14,
4,Verte,Chéray,Le Château-d'Oléron (par Boyardville),Du lundi au dimanche et jours fériés,1,09:15,LE CHÂTEAU-D'OLÉRON,Camping La Brande,le chateau d'oleron|camping la brande,10:15,
4,Verte,Chéray,Le Château-d'Oléron (par Boyardville),Du lundi au dimanche et jours fériés,2,10:45,LE CHÂTEAU-D'OLÉRON,Camping La Brande,le chateau d'oleron|camping la brande,11:45,
4,Verte,Chéray,Le Château-d'Oléron (par Boyardville),Du lundi au dimanche et jours fériés,3,12:15,LE CHÂTEAU-D'OLÉRON,Camping La Brande,le chateau d'oleron|camping la brande,13:15,
4,Verte,Chéray,Le Château-d'Oléron (par Boyardville),Du lundi au dimanche et jours fériés,4,13:45,LE CHÂTEAU-D'OLÉRON,Camping La Brande,le chateau d'oleron|camping la brande,14:45,
4,Verte,Chéray,Le Château-d'Oléron (par Boyardville),Du lundi au dimanche et jours fériés,5,15:15,LE CHÂTEAU-D'OLÉRON,Camping La Brande,le chateau d'oleron|camping la brande,16:15,
4,Verte,Chéray,Le Château-d'Oléron (par Boyardville),Du lundi au dimanche et jours fériés,6,16:45,LE CHÂTEAU-D'OLÉRON,Camping La Brande,le chateau d'oleron|camping la brande,17:45,
4,Verte,Chéray,Le Château-d'Oléron (par Boyardville),Du lundi au dimanche et jours fériés,7,18:15,LE CHÂTEAU-D'OLÉRON,Camping La Brande,le chateau d'oleron|camping la brande,19:15,
4,Verte,Chéray,Le Château-d'Oléron (par Boyardville),Du lundi au dimanche et jours fériés,1,09:15,LE CHÂTEAU-D'OLÉRON,Aire de camping-cars,le chateau d'oleron|aire de camping cars,10:19,
4,Verte,Chéray,Le Château-d'Oléron (par Boyardville),Du lundi au dimanche et jours fériés,2,10:45,LE CHÂTEAU-D'OLÉRON,Aire de camping-cars,le chateau d'oleron|aire de camping cars,11:49,
4,Verte,Chéray,Le Château-d'Oléron (par Boyardville),Du lundi au dimanche et jours fériés,3,12:15,LE CHÂTEAU-D'OLÉRON,Aire de camping-cars,le chateau d'oleron|aire de camping cars,13:19,
4,Verte,Chéray,Le Château-d'Oléron (par Boyardville),Du lundi au dimanche et jours fériés,4,13:45,LE CHÂTEAU-D'OLÉRON,Aire de camping-cars,le chateau d'oleron|aire de camping cars,14:49,
4,Verte,Chéray,Le Château-d'Oléron (par Boyardville),Du lundi au dimanche et jours fériés,5,15:15,LE CHÂTEAU-D'OLÉRON,Aire de camping-cars,le chateau d'oleron|aire de camping cars,16:19,
4,Verte,Chéray,Le Château-d'Oléron (par Boyardville),Du lundi au dimanche et jours fériés,6,16:45,LE CHÂTEAU-D'OLÉRON,Aire de camping-cars,le chateau d'oleron|aire de camping cars,17:49,
4,Verte,Chéray,Le Château-d'Oléron (par Boyardville),Du lundi au dimanche et jours fériés,7,18:15,LE CHÂTEAU-D'OLÉRON,Aire de camping-cars,le chateau d'oleron|aire de camping cars,19:19,
4,Verte,Chéray,Le Château-d'Oléron (par Boyardville),Du lundi au dimanche et jours fériés,1,09:15,LE CHÂTEAU-D'OLÉRON,Camping Les Remparts,le chateau d'oleron|camping les remparts,10:21,
4,Verte,Chéray,Le Château-d'Oléron (par Boyardville),Du lundi au dimanche et jours fériés,2,10:45,LE CHÂTEAU-D'OLÉRON,Camping Les Remparts,le chateau d'oleron|camping les remparts,11:51,
4,Verte,Chéray,Le Château-d'Oléron (par Boyardville),Du lundi au dimanche et jours fériés,3,12:15,LE CHÂTEAU-D'OLÉRON,Camping Les Remparts,le chateau d'oleron|camping les remparts,13:21,
4,Verte,Chéray,Le Château-d'Oléron (par Boyardville),Du lundi au dimanche et jours fériés,4,13:45,LE CHÂTEAU-D'OLÉRON,Camping Les Remparts,le chateau d'oleron|camping les remparts,14:51,
4,Verte,Chéray,Le Château-d'Oléron (par Boyardville),Du lundi au dimanche et jours fériés,5,15:15,LE CHÂTEAU-D'OLÉRON,Camping Les Remparts,le chateau d'oleron|camping les remparts,16:21,
4,Verte,Chéray,Le Château-d'Oléron (par Boyardville),Du lundi au dimanche et jours fériés,6,16:45,LE CHÂTEAU-D'OLÉRON,Camping Les Remparts,le chateau d'oleron|camping les remparts,17:51,
4,Verte,Chéray,Le Château-d'Oléron (par Boyardville),Du lundi au dimanche et jours fériés,7,18:15,LE CHÂTEAU-D'OLÉRON,Camping Les Remparts,le chateau d'oleron|camping les remparts,19:21,
4,Verte,Chéray,Le Château-d'Oléron (par Boyardville),Du lundi au dimanche et jours fériés,1,09:15,LE CHÂTEAU-D'OLÉRON,Camping Au Pigeonnier,le chateau d'oleron|camping au pigeonnier,10:24,
4,Verte,Chéray,Le Château-d'Oléron (par Boyardville),Du lundi au dimanche et jours fériés,2,10:45,LE CHÂTEAU-D'OLÉRON,Camping Au Pigeonnier,le chateau d'oleron|camping au pigeonnier,11:54,
4,Verte,Chéray,Le Château-d'Oléron (par Boyardville),Du lundi au dimanche et jours fériés,3,12:15,LE CHÂTEAU-D'OLÉRON,Camping Au Pigeonnier,le chateau d'oleron|camping au pigeonnier,13:24,
4,Verte,Chéray,Le Château-d'Oléron (par Boyardville),Du lundi au dimanche et jours fériés,4,13:45,LE CHÂTEAU-D'OLÉRON,Camping Au Pigeonnier,le chateau d'oleron|camping au pigeonnier,14:54,
4,Verte,Chéray,Le Château-d'Oléron (par Boyardville),Du lundi au dimanche et jours fériés,5,15:15,LE CHÂTEAU-D'OLÉRON,Camping Au Pigeonnier,le chateau d'oleron|camping au pigeonnier,16:24,
4,Verte,Chéray,Le Château-d'Oléron (par Boyardville),Du lundi au dimanche et jours fériés,6,16:45,LE CHÂTEAU-D'OLÉRON,Camping Au Pigeonnier,le chateau d'oleron|camping au pigeonnier,17:54,
4,Verte,Chéray,Le Château-d'Oléron (par Boyardville),Du lundi au dimanche et jours fériés,7,18:15,LE CHÂTEAU-D'OLÉRON,Camping Au Pigeonnier,le chateau d'oleron|camping au pigeonnier,19:24,
4,Verte,Chéray,Le Château-d'Oléron (par Boyardville),Du lundi au dimanche et jours fériés,1,09:15,LE CHÂTEAU-D'OLÉRON,Camping Les Embruns d'Oléron,le chateau d'oleron|camping les embruns d'oleron,10:26,
4,Verte,Chéray,Le Château-d'Oléron (par Boyardville),Du lundi au dimanche et jours fériés,2,10:45,LE CHÂTEAU-D'OLÉRON,Camping Les Embruns d'Oléron,le chateau d'oleron|camping les embruns d'oleron,11:56,
4,Verte,Chéray,Le Château-d'Oléron (par Boyardville),Du lundi au dimanche et jours fériés,3,12:15,LE CHÂTEAU-D'OLÉRON,Camping Les Embruns d'Oléron,le chateau d'oleron|camping les embruns d'oleron,13:26,
4,Verte,Chéray,Le Château-d'Oléron (par Boyardville),Du lundi au dimanche et jours fériés,4,13:45,LE CHÂTEAU-D'OLÉRON,Camping Les Embruns d'Oléron,le chateau d'oleron|camping les embruns d'oleron,14:56,
4,Verte,Chéray,Le Château-d'Oléron (par Boyardville),Du lundi au dimanche et jours fériés,5,15:15,LE CHÂTEAU-D'OLÉRON,Camping Les Embruns d'Oléron,le chateau d'oleron|camping les embruns d'oleron,16:26,
4,Verte,Chéray,Le Château-d'Oléron (par Boyardville),Du lundi au dimanche et jours fériés,6,16:45,LE CHÂTEAU-D'OLÉRON,Camping Les Embruns d'Oléron,le chateau d'oleron|camping les embruns d'oleron,17:56,
4,Verte,Chéray,Le Château-d'Oléron (par Boyardville),Du lundi au dimanche et jours fériés,7,18:15,LE CHÂTEAU-D'OLÉRON,Camping Les Embruns d'Oléron,le chateau d'oleron|camping les embruns d'oleron,19:26,
4,Verte,Chéray,Le Château-d'Oléron (par Boyardville),Du lundi au dimanche et jours fériés,1,09:15,LE CHÂTEAU-D'OLÉRON,Porte de Dolus - Cité Bastion,le chateau d'oleron|porte de dolus cite bastion,10:28,Correspondance navettes violette et bleue
4,Verte,Chéray,Le Château-d'Oléron (par Boyardville),Du lundi au dimanche et jours fériés,2,10:45,LE CHÂTEAU-D'OLÉRON,Porte de Dolus - Cité Bastion,le chateau d'oleron|porte de dolus cite bastion,11:58,Correspondance navettes violette et bleue
4,Verte,Chéray,Le Château-d'Oléron (par Boyardville),Du lundi au dimanche et jours fériés,3,12:15,LE CHÂTEAU-D'OLÉRON,Porte de Dolus - Cité Bastion,le chateau d'oleron|porte de dolus cite bastion,13:28,Correspondance navettes violette et bleue
4,Verte,Chéray,Le Château-d'Oléron (par Boyardville),Du lundi au dimanche et jours fériés,4,13:45,LE CHÂTEAU-D'OLÉRON,Porte de Dolus - Cité Bastion,le chateau d'oleron|porte de dolus cite bastion,14:58,Correspondance navettes violette et bleue
4,Verte,Chéray,Le Château-d'Oléron (par Boyardville),Du lundi au dimanche et jours fériés,5,15:15,LE CHÂTEAU-D'OLÉRON,Porte de Dolus - Cité Bastion,le chateau d'oleron|porte de dolus cite bastion,16:28,Correspondance navettes violette et bleue
4,Verte,Chéray,Le Château-d'Oléron (par Boyardville),Du lundi au dimanche et jours fériés,6,16:45,LE CHÂTEAU-D'OLÉRON,Porte de Dolus - Cité Bastion,le chateau d'oleron|porte de dolus cite bastion,17:58,Correspondance navettes violette et bleue
4,Verte,Chéray,Le Château-d'Oléron (par Boyardville),Du lundi au dimanche et jours fériés,7,18:15,LE CHÂTEAU-D'OLÉRON,Porte de Dolus - Cité Bastion,le chateau d'oleron|porte de dolus cite bastion,19:28,Correspondance navettes violette et bleue
5,Bleue,Le Château-d'Oléron,Chéray (par La Cotinière),Du lundi au dimanche et jours fériés,1,09:15,LE CHÂTEAU-D'OLÉRON,Porte de Dolus - cité Bastion,le chateau d'oleron|porte de dolus cite bastion,09:15,Correspondance navettes violette et verte
5,Bleue,Le Château-d'Oléron,Chéray (par La Cotinière),Du lundi au dimanche et jours fériés,2,10:45,LE CHÂTEAU-D'OLÉRON,Porte de Dolus - cité Bastion,le chateau d'oleron|porte de dolus cite bastion,10:45,Correspondance navettes violette et verte
5,Bleue,Le Château-d'Oléron,Chéray (par La Cotinière),Du lundi au dimanche et jours fériés,3,12:15,LE CHÂTEAU-D'OLÉRON,Porte de Dolus - cité Bastion,le chateau d'oleron|porte de dolus cite bastion,12:15,Correspondance navettes violette et verte
5,Bleue,Le Château-d'Oléron,Chéray (par La Cotinière),Du lundi au dimanche et jours fériés,4,13:45,LE CHÂTEAU-D'OLÉRON,Porte de Dolus - cité Bastion,le chateau d'oleron|porte de dolus cite bastion,13:45,Correspondance navettes violette et verte
5,Bleue,Le Château-d'Oléron,Chéray (par La Cotinière),Du lundi au dimanche et jours fériés,5,15:15,LE CHÂTEAU-D'OLÉRON,Porte de Dolus - cité Bastion,le chateau d'oleron|porte de dolus cite bastion,15:15,Correspondance navettes violette et verte
5,Bleue,Le Château-d'Oléron,Chéray (par La Cotinière),Du lundi au dimanche et jours fériés,6,16:45,LE CHÂTEAU-D'OLÉRON,Porte de Dolus - cité Bastion,le chateau d'oleron|porte de dolus cite bastion,16:45,Correspondance navettes violette et verte
5,Bleue,Le Château-d'Oléron,Chéray (par La Cotinière),Du lundi au dimanche et jours fériés,7,18:15,LE CHÂTEAU-D'OLÉRON,Porte de Dolus - cité Bastion,le chateau d'oleron|porte de dolus cite bastion,18:15,Correspondance navettes violette et verte
5,Bleue,Le Château-d'Oléron,Chéray (par La Cotinière),Du lundi au dimanche et jours fériés,1,09:15,LE CHÂTEAU-D'OLÉRON,Camping Les Embruns d'Oléron,le chateau d'oleron|camping les embruns d'oleron,09:17,
5,Bleue,Le Château-d'Oléron,Chéray (par La Cotinière),Du lundi au dimanche et jours fériés,2,10:45,LE CHÂTEAU-D'OLÉRON,Camping Les Embruns d'Oléron,le chateau d'oleron|camping les embruns d'oleron,10:47,
5,Bleue,Le Château-d'Oléron,Chéray (par La Cotinière),Du lundi au dimanche et jours fériés,3,12:15,LE CHÂTEAU-D'OLÉRON,Camping Les Embruns d'Oléron,le chateau d'oleron|camping les embruns d'oleron,12:17,
5,Bleue,Le Château-d'Oléron,Chéray (par La Cotinière),Du lundi au dimanche et jours fériés,4,13:45,LE CHÂTEAU-D'OLÉRON,Camping Les Embruns d'Oléron,le chateau d'oleron|camping les embruns d'oleron,13:47,
5,Bleue,Le Château-d'Oléron,Chéray (par La Cotinière),Du lundi au dimanche et jours fériés,5,15:15,LE CHÂTEAU-D'OLÉRON,Camping Les Embruns d'Oléron,le chateau d'oleron|camping les embruns d'oleron,15:17,
5,Bleue,Le Château-d'Oléron,Chéray (par La Cotinière),Du lundi au dimanche et jours fériés,6,16:45,LE CHÂTEAU-D'OLÉRON,Camping Les Embruns d'Oléron,le chateau d'oleron|camping les embruns d'oleron,16:47,
5,Bleue,Le Château-d'Oléron,Chéray (par La Cotinière),Du lundi au dimanche et jours fériés,7,18:15,LE CHÂTEAU-D'OLÉRON,Camping Les Embruns d'Oléron,le chateau d'oleron|camping les embruns d'oleron,18:17,
5,Bleue,Le Château-d'Oléron,Chéray (par La Cotinière),Du lundi au dimanche et jours fériés,1,09:15,LE CHÂTEAU-D'OLÉRON,Camping Au Pigeonnier,le chateau d'oleron|camping au pigeonnier,09:19,
5,Bleue,Le Château-d'Oléron,Chéray (par La Cotinière),Du lundi au dimanche et jours fériés,2,10:45,LE CHÂTEAU-D'OLÉRON,Camping Au Pigeonnier,le chateau d'oleron|camping au pigeonnier,10:49,
5,Bleue,Le Château-d'Oléron,Chéray (par La Cotinière),Du lundi au dimanche et jours fériés,3,12:15,LE CHÂTEAU-D'OLÉRON,Camping Au Pigeonnier,le chateau d'oleron|camping au pigeonnier,12:19,
5,Bleue,Le Château-d'Oléron,Chéray (par La Cotinière),Du lundi au dimanche et jours fériés,4,13:45,LE CHÂTEAU-D'OLÉRON,Camping Au Pigeonnier,le chateau d'oleron|camping au pigeonnier,13:49,
5,Bleue,Le Château-d'Oléron,Chéray (par La Cotinière),Du lundi au dimanche et jours fériés,5,15:15,LE CHÂTEAU-D'OLÉRON,Camping Au Pigeonnier,le chateau d'oleron|camping au pigeonnier,15:19,
5,Bleue,Le Château-d'Oléron,Chéray (par La Cotinière),Du lundi au dimanche et jours fériés,6,16:45,LE CHÂTEAU-D'OLÉRON,Camping Au Pigeonnier,le chateau d'oleron|camping au pigeonnier,16:49,
5,Bleue,Le Château-d'Oléron,Chéray (par La Cotinière),Du lundi au dimanche et jours fériés,7,18:15,LE CHÂTEAU-D'OLÉRON,Camping Au Pigeonnier,le chateau d'oleron|camping au pigeonnier,18:19,
5,Bleue,Le Château-d'Oléron,Chéray (par La Cotinière),Du lundi au dimanche et jours fériés,1,09:15,LE CHÂTEAU-D'OLÉRON,Camping Les Remparts,le chateau d'oleron|camping les remparts,09:22,
5,Bleue,Le Château-d'Oléron,Chéray (par La Cotinière),Du lundi au dimanche et jours fériés,2,10:45,LE CHÂTEAU-D'OLÉRON,Camping Les Remparts,le chateau d'oleron|camping les remparts,10:52,
5,Bleue,Le Château-d'Oléron,Chéray (par La Cotinière),Du lundi au dimanche et jours fériés,3,12:15,LE CHÂTEAU-D'OLÉRON,Camping Les Remparts,le chateau d'oleron|camping les remparts,12:22,
5,Bleue,Le Château-d'Oléron,Chéray (par La Cotinière),Du lundi au dimanche et jours fériés,4,13:45,LE CHÂTEAU-D'OLÉRON,Camping Les Remparts,le chateau d'oleron|camping les remparts,13:52,
5,Bleue,Le Château-d'Oléron,Chéray (par La Cotinière),Du lundi au dimanche et jours fériés,5,15:15,LE CHÂTEAU-D'OLÉRON,Camping Les Remparts,le chateau d'oleron|camping les remparts,15:22,
5,Bleue,Le Château-d'Oléron,Chéray (par La Cotinière),Du lundi au dimanche et jours fériés,6,16:45,LE CHÂTEAU-D'OLÉRON,Camping Les Remparts,le chateau d'oleron|camping les remparts,16:52,
5,Bleue,Le Château-d'Oléron,Chéray (par La Cotinière),Du lundi au dimanche et jours fériés,7,18:15,LE CHÂTEAU-D'OLÉRON,Camping Les Remparts,le chateau d'oleron|camping les remparts,18:22,
5,Bleue,Le Château-d'Oléron,Chéray (par La Cotinière),Du lundi au dimanche et jours fériés,1,09:15,LE CHÂTEAU-D'OLÉRON,Aire de camping-cars,le chateau d'oleron|aire de camping cars,09:24,
5,Bleue,Le Château-d'Oléron,Chéray (par La Cotinière),Du lundi au dimanche et jours fériés,2,10:45,LE CHÂTEAU-D'OLÉRON,Aire de camping-cars,le chateau d'oleron|aire de camping cars,10:54,
5,Bleue,Le Château-d'Oléron,Chéray (par La Cotinière),Du lundi au dimanche et jours fériés,3,12:15,LE CHÂTEAU-D'OLÉRON,Aire de camping-cars,le chateau d'oleron|aire de camping cars,12:24,
5,Bleue,Le Château-d'Oléron,Chéray (par La Cotinière),Du lundi au dimanche et jours fériés,4,13:45,LE CHÂTEAU-D'OLÉRON,Aire de camping-cars,le chateau d'oleron|aire de camping cars,13:54,
5,Bleue,Le Château-d'Oléron,Chéray (par La Cotinière),Du lundi au dimanche et jours fériés,5,15:15,LE CHÂTEAU-D'OLÉRON,Aire de camping-cars,le chateau d'oleron|aire de camping cars,15:24,
5,Bleue,Le Château-d'Oléron,Chéray (par La Cotinière),Du lundi au dimanche et jours fériés,6,16:45,LE CHÂTEAU-D'OLÉRON,Aire de camping-cars,le chateau d'oleron|aire de camping cars,16:54,
5,Bleue,Le Château-d'Oléron,Chéray (par La Cotinière),Du lundi au dimanche et jours fériés,7,18:15,LE CHÂTEAU-D'OLÉRON,Aire de camping-cars,le chateau d'oleron|aire de camping cars,18:24,
5,Bleue,Le Château-d'Oléron,Chéray (par La Cotinière),Du lundi au dimanche et jours fériés,1,09:15,LE CHÂTEAU-D'OLÉRON,Camping La Brande,le chateau d'oleron|camping la brande,09:27,
5,Bleue,Le Château-d'Oléron,Chéray (par La Cotinière),Du lundi au dimanche et jours fériés,2,10:45,LE CHÂTEAU-D'OLÉRON,Camping La Brande,le chateau d'oleron|camping la brande,10:57,
5,Bleue,Le Château-d'Oléron,Chéray (par La Cotinière),Du lundi au dimanche et jours fériés,3,12:15,LE CHÂTEAU-D'OLÉRON,Camping La Brande,le chateau d'oleron|camping la brande,12:27,
5,Bleue,Le Château-d'Oléron,Chéray (par La Cotinière),Du lundi au dimanche et jours fériés,4,13:45,LE CHÂTEAU-D'OLÉRON,Camping La Brande,le chateau d'oleron|camping la brande,13:57,
5,Bleue,Le Château-d'Oléron,Chéray (par La Cotinière),Du lundi au dimanche et jours fériés,5,15:15,LE CHÂTEAU-D'OLÉRON,Camping La Brande,le chateau d'oleron|camping la brande,15:27,
5,Bleue,Le Château-d'Oléron,Chéray (par La Cotinière),Du lundi au dimanche et jours fériés,6,16:45,LE CHÂTEAU-D'OLÉRON,Camping La Brande,le chateau d'oleron|camping la brande,16:57,
5,Bleue,Le Château-d'Oléron,Chéray (par La Cotinière),Du lundi au dimanche et jours fériés,7,18:15,LE CHÂTEAU-D'OLÉRON,Camping La Brande,le chateau d'oleron|camping la brande,18:27,
5,Bleue,Le Château-d'Oléron,Chéray (par La Cotinière),Du lundi au dimanche et jours fériés,1,09:15,DOLUS-D'OLÉRON,Camping Ostréa,dolus d'oleron|camping ostrea,09:29,
5,Bleue,Le Château-d'Oléron,Chéray (par La Cotinière),Du lundi au dimanche et jours fériés,2,10:45,DOLUS-D'OLÉRON,Camping Ostréa,dolus d'oleron|camping ostrea,10:59,
5,Bleue,Le Château-d'Oléron,Chéray (par La Cotinière),Du lundi au dimanche et jours fériés,3,12:15,DOLUS-D'OLÉRON,Camping Ostréa,dolus d'oleron|camping ostrea,12:29,
5,Bleue,Le Château-d'Oléron,Chéray (par La Cotinière),Du lundi au dimanche et jours fériés,4,13:45,DOLUS-D'OLÉRON,Camping Ostréa,dolus d'oleron|camping ostrea,13:59,
5,Bleue,Le Château-d'Oléron,Chéray (par La Cotinière),Du lundi au dimanche et jours fériés,5,15:15,DOLUS-D'OLÉRON,Camping Ostréa,dolus d'oleron|camping ostrea,15:29,
5,Bleue,Le Château-d'Oléron,Chéray (par La Cotinière),Du lundi au dimanche et jours fériés,6,16:45,DOLUS-D'OLÉRON,Camping Ostréa,dolus d'oleron|camping ostrea,16:59,
5,Bleue,Le Château-d'Oléron,Chéray (par La Cotinière),Du lundi au dimanche et jours fériés,7,18:15,DOLUS-D'OLÉRON,Camping Ostréa,dolus d'oleron|camping ostrea,18:29,
5,Bleue,Le Château-d'Oléron,Chéray (par La Cotinière),Du lundi au dimanche et jours fériés,1,09:15,DOLUS-D'OLÉRON,Camping La Cailletière,dolus d'oleron|camping la cailletiere,09:35,
5,Bleue,Le Château-d'Oléron,Chéray (par La Cotinière),Du lundi au dimanche et jours fériés,2,10:45,DOLUS-D'OLÉRON,Camping La Cailletière,dolus d'oleron|camping la cailletiere,11:05,
5,Bleue,Le Château-d'Oléron,Chéray (par La Cotinière),Du lundi au dimanche et jours fériés,3,12:15,DOLUS-D'OLÉRON,Camping La Cailletière,dolus d'oleron|camping la cailletiere,12:35,
5,Bleue,Le Château-d'Oléron,Chéray (par La Cotinière),Du lundi au dimanche et jours fériés,4,13:45,DOLUS-D'OLÉRON,Camping La Cailletière,dolus d'oleron|camping la cailletiere,14:05,
5,Bleue,Le Château-d'Oléron,Chéray (par La Cotinière),Du lundi au dimanche et jours fériés,5,15:15,DOLUS-D'OLÉRON,Camping La Cailletière,dolus d'oleron|camping la cailletiere,15:35,
5,Bleue,Le Château-d'Oléron,Chéray (par La Cotinière),Du lundi au dimanche et jours fériés,6,16:45,DOLUS-D'OLÉRON,Camping La Cailletière,dolus d'oleron|camping la cailletiere,17:05,
5,Bleue,Le Château-d'Oléron,Chéray (par La Cotinière),Du lundi au dimanche et jours fériés,7,18:15,DOLUS-D'OLÉRON,Camping La Cailletière,dolus d'oleron|camping la cailletiere,18:35,
5,Bleue,Le Château-d'Oléron,Chéray (par La Cotinière),Du lundi au dimanche et jours fériés,1,09:15,DOLUS-D'OLÉRON,Parc aquatique Iléo,dolus d'oleron|parc aquatique ileo,09:39,
5,Bleue,Le Château-d'Oléron,Chéray (par La Cotinière),Du lundi au dimanche et jours fériés,2,10:45,DOLUS-D'OLÉRON,Parc aquatique Iléo,dolus d'oleron|parc aquatique ileo,11:09,
5,Bleue,Le Château-d'Oléron,Chéray (par La Cotinière),Du lundi au dimanche et jours fériés,3,12:15,DOLUS-D'OLÉRON,Parc aquatique Iléo,dolus d'oleron|parc aquatique ileo,12:39,
5,Bleue,Le Château-d'Oléron,Chéray (par La Cotinière),Du lundi au dimanche et jours fériés,4,13:45,DOLUS-D'OLÉRON,Parc aquatique Iléo,dolus d'oleron|parc aquatique ileo,14:09,
5,Bleue,Le Château-d'Oléron,Chéray (par La Cotinière),Du lundi au dimanche et jours fériés,5,15:15,DOLUS-D'OLÉRON,Parc aquatique Iléo,dolus d'oleron|parc aquatique ileo,15:39,
5,Bleue,Le Château-d'Oléron,Chéray (par La Cotinière),Du lundi au dimanche et jours fériés,6,16:45,DOLUS-D'OLÉRON,Parc aquatique Iléo,dolus d'oleron|parc aquatique ileo,17:09,
5,Bleue,Le Château-d'Oléron,Chéray (par La Cotinière),Du lundi au dimanche et jours fériés,7,18:15,DOLUS-D'OLÉRON,Parc aquatique Iléo,dolus d'oleron|parc aquatique ileo,18:39,
5,Bleue,Le Château-d'Oléron,Chéray (par La Cotinière),Du lundi au dimanche et jours fériés,1,09:15,DOLUS-D'OLÉRON,Place de l'église,dolus d'oleron|place de l'eglise,09:43,
5,Bleue,Le Château-d'Oléron,Chéray (par La Cotinière),Du lundi au dimanche et jours fériés,2,10:45,DOLUS-D'OLÉRON,Place de l'église,dolus d'oleron|place de l'eglise,11:13,
5,Bleue,Le Château-d'Oléron,Chéray (par La Cotinière),Du lundi au dimanche et jours fériés,3,12:15,DOLUS-D'OLÉRON,Place de l'église,dolus d'oleron|place de l'eglise,12:43,
5,Bleue,Le Château-d'Oléron,Chéray (par La Cotinière),Du lundi au dimanche et jours fériés,4,13:45,DOLUS-D'OLÉRON,Place de l'église,dolus d'oleron|place de l'eglise,14:13,
5,Bleue,Le Château-d'Oléron,Chéray (par La Cotinière),Du lundi au dimanche et jours fériés,5,15:15,DOLUS-D'OLÉRON,Place de l'église,dolus d'oleron|place de l'eglise,15:43,
5,Bleue,Le Château-d'Oléron,Chéray (par La Cotinière),Du lundi au dimanche et jours fériés,6,16:45,DOLUS-D'OLÉRON,Place de l'église,dolus d'oleron|place de l'eglise,17:13,
5,Bleue,Le Château-d'Oléron,Chéray (par La Cotinière),Du lundi au dimanche et jours fériés,7,18:15,DOLUS-D'OLÉRON,Place de l'église,dolus d'oleron|place de l'eglise,18:43,
5,Bleue,Le Château-d'Oléron,Chéray (par La Cotinière),Du lundi au dimanche et jours fériés,1,09:15,DOLUS-D'OLÉRON,Camping Le Montet,dolus d'oleron|camping le montet,09:46,
5,Bleue,Le Château-d'Oléron,Chéray (par La Cotinière),Du lundi au dimanche et jours fériés,2,10:45,DOLUS-D'OLÉRON,Camping Le Montet,dolus d'oleron|camping le montet,11:16,
5,Bleue,Le Château-d'Oléron,Chéray (par La Cotinière),Du lundi au dimanche et jours fériés,3,12:15,DOLUS-D'OLÉRON,Camping Le Montet,dolus d'oleron|camping le montet,12:46,
5,Bleue,Le Château-d'Oléron,Chéray (par La Cotinière),Du lundi au dimanche et jours fériés,4,13:45,DOLUS-D'OLÉRON,Camping Le Montet,dolus d'oleron|camping le montet,14:16,
5,Bleue,Le Château-d'Oléron,Chéray (par La Cotinière),Du lundi au dimanche et jours fériés,5,15:15,DOLUS-D'OLÉRON,Camping Le Montet,dolus d'oleron|camping le montet,15:46,
5,Bleue,Le Château-d'Oléron,Chéray (par La Cotinière),Du lundi au dimanche et jours fériés,6,16:45,DOLUS-D'OLÉRON,Camping Le Montet,dolus d'oleron|camping le montet,17:16,
5,Bleue,Le Château-d'Oléron,Chéray (par La Cotinière),Du lundi au dimanche et jours fériés,7,18:15,DOLUS-D'OLÉRON,Camping Le Montet,dolus d'oleron|camping le montet,18:46,
5,Bleue,Le Château-d'Oléron,Chéray (par La Cotinière),Du lundi au dimanche et jours fériés,1,09:15,DOLUS-D'OLÉRON,Passe du Treuil,dolus d'oleron|passe du treuil,09:49,
5,Bleue,Le Château-d'Oléron,Chéray (par La Cotinière),Du lundi au dimanche et jours fériés,2,10:45,DOLUS-D'OLÉRON,Passe du Treuil,dolus d'oleron|passe du treuil,11:19,
5,Bleue,Le Château-d'Oléron,Chéray (par La Cotinière),Du lundi au dimanche et jours fériés,3,12:15,DOLUS-D'OLÉRON,Passe du Treuil,dolus d'oleron|passe du treuil,12:49,
5,Bleue,Le Château-d'Oléron,Chéray (par La Cotinière),Du lundi au dimanche et jours fériés,4,13:45,DOLUS-D'OLÉRON,Passe du Treuil,dolus d'oleron|passe du treuil,14:19,
5,Bleue,Le Château-d'Oléron,Chéray (par La Cotinière),Du lundi au dimanche et jours fériés,5,15:15,DOLUS-D'OLÉRON,Passe du Treuil,dolus d'oleron|passe du treuil,15:49,
5,Bleue,Le Château-d'Oléron,Chéray (par La Cotinière),Du lundi au dimanche et jours fériés,6,16:45,DOLUS-D'OLÉRON,Passe du Treuil,dolus d'oleron|passe du treuil,17:19,
5,Bleue,Le Château-d'Oléron,Chéray (par La Cotinière),Du lundi au dimanche et jours fériés,7,18:15,DOLUS-D'OLÉRON,Passe du Treuil,dolus d'oleron|passe du treuil,18:49,
5,Bleue,Le Château-d'Oléron,Chéray (par La Cotinière),Du lundi au dimanche et jours fériés,1,09:15,DOLUS-D'OLÉRON,Plage de La Rémigeasse,dolus d'oleron|plage de la remigeasse,09:51,
5,Bleue,Le Château-d'Oléron,Chéray (par La Cotinière),Du lundi au dimanche et jours fériés,2,10:45,DOLUS-D'OLÉRON,Plage de La Rémigeasse,dolus d'oleron|plage de la remigeasse,11:21,
5,Bleue,Le Château-d'Oléron,Chéray (par La Cotinière),Du lundi au dimanche et jours fériés,3,12:15,DOLUS-D'OLÉRON,Plage de La Rémigeasse,dolus d'oleron|plage de la remigeasse,12:51,
5,Bleue,Le Château-d'Oléron,Chéray (par La Cotinière),Du lundi au dimanche et jours fériés,4,13:45,DOLUS-D'OLÉRON,Plage de La Rémigeasse,dolus d'oleron|plage de la remigeasse,14:21,
5,Bleue,Le Château-d'Oléron,Chéray (par La Cotinière),Du lundi au dimanche et jours fériés,5,15:15,DOLUS-D'OLÉRON,Plage de La Rémigeasse,dolus d'oleron|plage de la remigeasse,15:51,
5,Bleue,Le Château-d'Oléron,Chéray (par La Cotinière),Du lundi au dimanche et jours fériés,6,16:45,DOLUS-D'OLÉRON,Plage de La Rémigeasse,dolus d'oleron|plage de la remigeasse,17:21,
5,Bleue,Le Château-d'Oléron,Chéray (par La Cotinière),Du lundi au dimanche et jours fériés,7,18:15,DOLUS-D'OLÉRON,Plage de La Rémigeasse,dolus d'oleron|plage de la remigeasse,18:51,
5,Bleue,Le Château-d'Oléron,Chéray (par La Cotinière),Du lundi au dimanche et jours fériés,1,09:15,DOLUS-D'OLÉRON,Plage de La Perroche,dolus d'oleron|plage de la perroche,09:53,
5,Bleue,Le Château-d'Oléron,Chéray (par La Cotinière),Du lundi au dimanche et jours fériés,2,10:45,DOLUS-D'OLÉRON,Plage de La Perroche,dolus d'oleron|plage de la perroche,11:23,
5,Bleue,Le Château-d'Oléron,Chéray (par La Cotinière),Du lundi au dimanche et jours fériés,3,12:15,DOLUS-D'OLÉRON,Plage de La Perroche,dolus d'oleron|plage de la perroche,12:53,
5,Bleue,Le Château-d'Oléron,Chéray (par La Cotinière),Du lundi au dimanche et jours fériés,4,13:45,DOLUS-D'OLÉRON,Plage de La Perroche,dolus d'oleron|plage de la perroche,14:23,
5,Bleue,Le Château-d'Oléron,Chéray (par La Cotinière),Du lundi au dimanche et jours fériés,5,15:15,DOLUS-D'OLÉRON,Plage de La Perroche,dolus d'oleron|plage de la perroche,15:53,
5,Bleue,Le Château-d'Oléron,Chéray (par La Cotinière),Du lundi au dimanche et jours fériés,6,16:45,DOLUS-D'OLÉRON,Plage de La Perroche,dolus d'oleron|plage de la perroche,17:23,
5,Bleue,Le Château-d'Oléron,Chéray (par La Cotinière),Du lundi au dimanche et jours fériés,7,18:15,DOLUS-D'OLÉRON,Plage de La Perroche,dolus d'oleron|plage de la perroche,18:53,
5,Bleue,Le Château-d'Oléron,Chéray (par La Cotinière),Du lundi au dimanche et jours fériés,1,09:15,SAINT-PIERRE-D'OLÉRON,Camping les Flots Atlantique,saint pierre d'oleron|camping les flots atlantique,09:54,
5,Bleue,Le Château-d'Oléron,Chéray (par La Cotinière),Du lundi au dimanche et jours fériés,2,10:45,SAINT-PIERRE-D'OLÉRON,Camping les Flots Atlantique,saint pierre d'oleron|camping les flots atlantique,11:24,
5,Bleue,Le Château-d'Oléron,Chéray (par La Cotinière),Du lundi au dimanche et jours fériés,3,12:15,SAINT-PIERRE-D'OLÉRON,Camping les Flots Atlantique,saint pierre d'oleron|camping les flots atlantique,12:54,
5,Bleue,Le Château-d'Oléron,Chéray (par La Cotinière),Du lundi au dimanche et jours fériés,4,13:45,SAINT-PIERRE-D'OLÉRON,Camping les Flots Atlantique,saint pierre d'oleron|camping les flots atlantique,14:24,
5,Bleue,Le Château-d'Oléron,Chéray (par La Cotinière),Du lundi au dimanche et jours fériés,5,15:15,SAINT-PIERRE-D'OLÉRON,Camping les Flots Atlantique,saint pierre d'oleron|camping les flots atlantique,15:54,
5,Bleue,Le Château-d'Oléron,Chéray (par La Cotinière),Du lundi au dimanche et jours fériés,6,16:45,SAINT-PIERRE-D'OLÉRON,Camping les Flots Atlantique,saint pierre d'oleron|camping les flots atlantique,17:24,
5,Bleue,Le Château-d'Oléron,Chéray (par La Cotinière),Du lundi au dimanche et jours fériés,7,18:15,SAINT-PIERRE-D'OLÉRON,Camping les Flots Atlantique,saint pierre d'oleron|camping les flots atlantique,18:54,
5,Bleue,Le Château-d'Oléron,Chéray (par La Cotinière),Du lundi au dimanche et jours fériés,1,09:15,SAINT-PIERRE-D'OLÉRON,Plage de Matha,saint pierre d'oleron|plage de matha,09:56,
5,Bleue,Le Château-d'Oléron,Chéray (par La Cotinière),Du lundi au dimanche et jours fériés,2,10:45,SAINT-PIERRE-D'OLÉRON,Plage de Matha,saint pierre d'oleron|plage de matha,11:26,
5,Bleue,Le Château-d'Oléron,Chéray (par La Cotinière),Du lundi au dimanche et jours fériés,3,12:15,SAINT-PIERRE-D'OLÉRON,Plage de Matha,saint pierre d'oleron|plage de matha,12:56,
5,Bleue,Le Château-d'Oléron,Chéray (par La Cotinière),Du lundi au dimanche et jours fériés,4,13:45,SAINT-PIERRE-D'OLÉRON,Plage de Matha,saint pierre d'oleron|plage de matha,14:26,
5,Bleue,Le Château-d'Oléron,Chéray (par La Cotinière),Du lundi au dimanche et jours fériés,5,15:15,SAINT-PIERRE-D'OLÉRON,Plage de Matha,saint pierre d'oleron|plage de matha,15:56,
5,Bleue,Le Château-d'Oléron,Chéray (par La Cotinière),Du lundi au dimanche et jours fériés,6,16:45,SAINT-PIERRE-D'OLÉRON,Plage de Matha,saint pierre d'oleron|plage de matha,17:26,
5,Bleue,Le Château-d'Oléron,Chéray (par La Cotinière),Du lundi au dimanche et jours fériés,7,18:15,SAINT-PIERRE-D'OLÉRON,Plage de Matha,saint pierre d'oleron|plage de matha,18:56,
5,Bleue,Le Château-d'Oléron,Chéray (par La Cotinière),Du lundi au dimanche et jours fériés,1,09:15,SAINT-PIERRE-D'OLÉRON,Hôtel l'Océane,saint pierre d'oleron|hotel l'oceane,09:57,
5,Bleue,Le Château-d'Oléron,Chéray (par La Cotinière),Du lundi au dimanche et jours fériés,2,10:45,SAINT-PIERRE-D'OLÉRON,Hôtel l'Océane,saint pierre d'oleron|hotel l'oceane,11:27,
5,Bleue,Le Château-d'Oléron,Chéray (par La Cotinière),Du lundi au dimanche et jours fériés,3,12:15,SAINT-PIERRE-D'OLÉRON,Hôtel l'Océane,saint pierre d'oleron|hotel l'oceane,12:57,
5,Bleue,Le Château-d'Oléron,Chéray (par La Cotinière),Du lundi au dimanche et jours fériés,4,13:45,SAINT-PIERRE-D'OLÉRON,Hôtel l'Océane,saint pierre d'oleron|hotel l'oceane,14:27,
5,Bleue,Le Château-d'Oléron,Chéray (par La Cotinière),Du lundi au dimanche et jours fériés,5,15:15,SAINT-PIERRE-D'OLÉRON,Hôtel l'Océane,saint pierre d'oleron|hotel l'oceane,15:57,
5,Bleue,Le Château-d'Oléron,Chéray (par La Cotinière),Du lundi au dimanche et jours fériés,6,16:45,SAINT-PIERRE-D'OLÉRON,Hôtel l'Océane,saint pierre d'oleron|hotel l'oceane,17:27,
5,Bleue,Le Château-d'Oléron,Chéray (par La Cotinière),Du lundi au dimanche et jours fériés,7,18:15,SAINT-PIERRE-D'OLÉRON,Hôtel l'Océane,saint pierre d'oleron|hotel l'oceane,18:57,
5,Bleue,Le Château-d'Oléron,Chéray (par La Cotinière),Du lundi au dimanche et jours fériés,1,09:15,SAINT-PIERRE-D'OLÉRON,La Cotinière - Le Port,saint pierre d'oleron|la cotiniere le port,09:59,Correspondance navette orange
5,Bleue,Le Château-d'Oléron,Chéray (par La Cotinière),Du lundi au dimanche et jours fériés,2,10:45,SAINT-PIERRE-D'OLÉRON,La Cotinière - Le Port,saint pierre d'oleron|la cotiniere le port,11:29,Correspondance navette orange
5,Bleue,Le Château-d'Oléron,Chéray (par La Cotinière),Du lundi au dimanche et jours fériés,3,12:15,SAINT-PIERRE-D'OLÉRON,La Cotinière - Le Port,saint pierre d'oleron|la cotiniere le port,12:59,Correspondance navette orange
5,Bleue,Le Château-d'Oléron,Chéray (par La Cotinière),Du lundi au dimanche et jours fériés,4,13:45,SAINT-PIERRE-D'OLÉRON,La Cotinière - Le Port,saint pierre d'oleron|la cotiniere le port,14:29,Correspondance navette orange
5,Bleue,Le Château-d'Oléron,Chéray (par La Cotinière),Du lundi au dimanche et jours fériés,5,15:15,SAINT-PIERRE-D'OLÉRON,La Cotinière - Le Port,saint pierre d'oleron|la cotiniere le port,15:59,Correspondance navette orange
5,Bleue,Le Château-d'Oléron,Chéray (par La Cotinière),Du lundi au dimanche et jours fériés,6,16:45,SAINT-PIERRE-D'OLÉRON,La Cotinière - Le Port,saint pierre d'oleron|la cotiniere le port,17:29,Correspondance navette orange
5,Bleue,Le Château-d'Oléron,Chéray (par La Cotinière),Du lundi au dimanche et jours fériés,7,18:15,SAINT-PIERRE-D'OLÉRON,La Cotinière - Le Port,saint pierre d'oleron|la cotiniere le port,18:59,Correspondance navette orange
5,Bleue,Le Château-d'Oléron,Chéray (par La Cotinière),Du lundi au dimanche et jours fériés,1,09:15,SAINT-PIERRE-D'OLÉRON,La Cotinière - Châteliers,saint pierre d'oleron|la cotiniere chateliers,10:04,
5,Bleue,Le Château-d'Oléron,Chéray (par La Cotinière),Du lundi au dimanche et jours fériés,2,10:45,SAINT-PIERRE-D'OLÉRON,La Cotinière - Châteliers,saint pierre d'oleron|la cotiniere chateliers,11:34,
5,Bleue,Le Château-d'Oléron,Chéray (par La Cotinière),Du lundi au dimanche et jours fériés,3,12:15,SAINT-PIERRE-D'OLÉRON,La Cotinière - Châteliers,saint pierre d'oleron|la cotiniere chateliers,13:04,
5,Bleue,Le Château-d'Oléron,Chéray (par La Cotinière),Du lundi au dimanche et jours fériés,4,13:45,SAINT-PIERRE-D'OLÉRON,La Cotinière - Châteliers,saint pierre d'oleron|la cotiniere chateliers,14:34,
5,Bleue,Le Château-d'Oléron,Chéray (par La Cotinière),Du lundi au dimanche et jours fériés,5,15:15,SAINT-PIERRE-D'OLÉRON,La Cotinière - Châteliers,saint pierre d'oleron|la cotiniere chateliers,16:04,
5,Bleue,Le Château-d'Oléron,Chéray (par La Cotinière),Du lundi au dimanche et jours fériés,6,16:45,SAINT-PIERRE-D'OLÉRON,La Cotinière - Châteliers,saint pierre d'oleron|la cotiniere chateliers,17:34,
5,Bleue,Le Château-d'Oléron,Chéray (par La Cotinière),Du lundi au dimanche et jours fériés,7,18:15,SAINT-PIERRE-D'OLÉRON,La Cotinière - Châteliers,saint pierre d'oleron|la cotiniere chateliers,19:04,
5,Bleue,Le Château-d'Oléron,Chéray (par La Cotinière),Du lundi au dimanche et jours fériés,1,09:15,SAINT-PIERRE-D'OLÉRON,Camping Le Sous Bois,saint pierre d'oleron|camping le sous bois,10:05,
5,Bleue,Le Château-d'Oléron,Chéray (par La Cotinière),Du lundi au dimanche et jours fériés,2,10:45,SAINT-PIERRE-D'OLÉRON,Camping Le Sous Bois,saint pierre d'oleron|camping le sous bois,11:35,
5,Bleue,Le Château-d'Oléron,Chéray (par La Cotinière),Du lundi au dimanche et jours fériés,3,12:15,SAINT-PIERRE-D'OLÉRON,Camping Le Sous Bois,saint pierre d'oleron|camping le sous bois,13:05,
5,Bleue,Le Château-d'Oléron,Chéray (par La Cotinière),Du lundi au dimanche et jours fériés,4,13:45,SAINT-PIERRE-D'OLÉRON,Camping Le Sous Bois,saint pierre d'oleron|camping le sous bois,14:35,
5,Bleue,Le Château-d'Oléron,Chéray (par La Cotinière),Du lundi au dimanche et jours fériés,5,15:15,SAINT-PIERRE-D'OLÉRON,Camping Le Sous Bois,saint pierre d'oleron|camping le sous bois,16:05,
5,Bleue,Le Château-d'Oléron,Chéray (par La Cotinière),Du lundi au dimanche et jours fériés,6,16:45,SAINT-PIERRE-D'OLÉRON,Camping Le Sous Bois,saint pierre d'oleron|camping le sous bois,17:35,
5,Bleue,Le Château-d'Oléron,Chéray (par La Cotinière),Du lundi au dimanche et jours fériés,7,18:15,SAINT-PIERRE-D'OLÉRON,Camping Le Sous Bois,saint pierre d'oleron|camping le sous bois,19:05,
5,Bleue,Le Château-d'Oléron,Chéray (par La Cotinière),Du lundi au dimanche et jours fériés,1,09:15,SAINT-PIERRE-D'OLÉRON,Atlantic hôtel,saint pierre d'oleron|atlantic hotel,10:08,
5,Bleue,Le Château-d'Oléron,Chéray (par La Cotinière),Du lundi au dimanche et jours fériés,2,10:45,SAINT-PIERRE-D'OLÉRON,Atlantic hôtel,saint pierre d'oleron|atlantic hotel,11:38,
5,Bleue,Le Château-d'Oléron,Chéray (par La Cotinière),Du lundi au dimanche et jours fériés,3,12:15,SAINT-PIERRE-D'OLÉRON,Atlantic hôtel,saint pierre d'oleron|atlantic hotel,13:08,
5,Bleue,Le Château-d'Oléron,Chéray (par La Cotinière),Du lundi au dimanche et jours fériés,4,13:45,SAINT-PIERRE-D'OLÉRON,Atlantic hôtel,saint pierre d'oleron|atlantic hotel,14:38,
5,Bleue,Le Château-d'Oléron,Chéray (par La Cotinière),Du lundi au dimanche et jours fériés,5,15:15,SAINT-PIERRE-D'OLÉRON,Atlantic hôtel,saint pierre d'oleron|atlantic hotel,16:08,
5,Bleue,Le Château-d'Oléron,Chéray (par La Cotinière),Du lundi au dimanche et jours fériés,6,16:45,SAINT-PIERRE-D'OLÉRON,Atlantic hôtel,saint pierre d'oleron|atlantic hotel,17:38,
5,Bleue,Le Château-d'Oléron,Chéray (par La Cotinière),Du lundi au dimanche et jours fériés,7,18:15,SAINT-PIERRE-D'OLÉRON,Atlantic hôtel,saint pierre d'oleron|atlantic hotel,19:08,
5,Bleue,Le Château-d'Oléron,Chéray (par La Cotinière),Du lundi au dimanche et jours fériés,1,09:15,SAINT-GEORGES-D'OLÉRON,Camping Le Suroit,saint georges d'oleron|camping le suroit,10:11,
5,Bleue,Le Château-d'Oléron,Chéray (par La Cotinière),Du lundi au dimanche et jours fériés,2,10:45,SAINT-GEORGES-D'OLÉRON,Camping Le Suroit,saint georges d'oleron|camping le suroit,11:41,
5,Bleue,Le Château-d'Oléron,Chéray (par La Cotinière),Du lundi au dimanche et jours fériés,3,12:15,SAINT-GEORGES-D'OLÉRON,Camping Le Suroit,saint georges d'oleron|camping le suroit,13:11,
5,Bleue,Le Château-d'Oléron,Chéray (par La Cotinière),Du lundi au dimanche et jours fériés,4,13:45,SAINT-GEORGES-D'OLÉRON,Camping Le Suroit,saint georges d'oleron|camping le suroit,14:41,
5,Bleue,Le Château-d'Oléron,Chéray (par La Cotinière),Du lundi au dimanche et jours fériés,5,15:15,SAINT-GEORGES-D'OLÉRON,Camping Le Suroit,saint georges d'oleron|camping le suroit,16:11,
5,Bleue,Le Château-d'Oléron,Chéray (par La Cotinière),Du lundi au dimanche et jours fériés,6,16:45,SAINT-GEORGES-D'OLÉRON,Camping Le Suroit,saint georges d'oleron|camping le suroit,17:41,
5,Bleue,Le Château-d'Oléron,Chéray (par La Cotinière),Du lundi au dimanche et jours fériés,7,18:15,SAINT-GEORGES-D'OLÉRON,Camping Le Suroit,saint georges d'oleron|camping le suroit,19:11,
5,Bleue,Le Château-d'Oléron,Chéray (par La Cotinière),Du lundi au dimanche et jours fériés,1,09:15,SAINT-GEORGES-D'OLÉRON,Les Gros Joncs,saint georges d'oleron|les gros joncs,10:13,
5,Bleue,Le Château-d'Oléron,Chéray (par La Cotinière),Du lundi au dimanche et jours fériés,2,10:45,SAINT-GEORGES-D'OLÉRON,Les Gros Joncs,saint georges d'oleron|les gros joncs,11:43,
5,Bleue,Le Château-d'Oléron,Chéray (par La Cotinière),Du lundi au dimanche et jours fériés,3,12:15,SAINT-GEORGES-D'OLÉRON,Les Gros Joncs,saint georges d'oleron|les gros joncs,13:13,
5,Bleue,Le Château-d'Oléron,Chéray (par La Cotinière),Du lundi au dimanche et jours fériés,4,13:45,SAINT-GEORGES-D'OLÉRON,Les Gros Joncs,saint georges d'oleron|les gros joncs,14:43,
5,Bleue,Le Château-d'Oléron,Chéray (par La Cotinière),Du lundi au dimanche et jours fériés,5,15:15,SAINT-GEORGES-D'OLÉRON,Les Gros Joncs,saint georges d'oleron|les gros joncs,16:13,
5,Bleue,Le Château-d'Oléron,Chéray (par La Cotinière),Du lundi au dimanche et jours fériés,6,16:45,SAINT-GEORGES-D'OLÉRON,Les Gros Joncs,saint georges d'oleron|les gros joncs,17:43,
5,Bleue,Le Château-d'Oléron,Chéray (par La Cotinière),Du lundi au dimanche et jours fériés,7,18:15,SAINT-GEORGES-D'OLÉRON,Les Gros Joncs,saint georges d'oleron|les gros joncs,19:13,
5,Bleue,Le Château-d'Oléron,Chéray (par La Cotinière),Du lundi au dimanche et jours fériés,1,09:15,SAINT-GEORGES-D'OLÉRON,Les Sables Vignier Plage,saint georges d'oleron|les sables vignier plage,10:14,
5,Bleue,Le Château-d'Oléron,Chéray (par La Cotinière),Du lundi au dimanche et jours fériés,2,10:45,SAINT-GEORGES-D'OLÉRON,Les Sables Vignier Plage,saint georges d'oleron|les sables vignier plage,11:44,
5,Bleue,Le Château-d'Oléron,Chéray (par La Cotinière),Du lundi au dimanche et jours fériés,3,12:15,SAINT-GEORGES-D'OLÉRON,Les Sables Vignier Plage,saint georges d'oleron|les sables vignier plage,13:14,
5,Bleue,Le Château-d'Oléron,Chéray (par La Cotinière),Du lundi au dimanche et jours fériés,4,13:45,SAINT-GEORGES-D'OLÉRON,Les Sables Vignier Plage,saint georges d'oleron|les sables vignier plage,14:44,
5,Bleue,Le Château-d'Oléron,Chéray (par La Cotinière),Du lundi au dimanche et jours fériés,5,15:15,SAINT-GEORGES-D'OLÉRON,Les Sables Vignier Plage,saint georges d'oleron|les sables vignier plage,16:14,
5,Bleue,Le Château-d'Oléron,Chéray (par La Cotinière),Du lundi au dimanche et jours fériés,6,16:45,SAINT-GEORGES-D'OLÉRON,Les Sables Vignier Plage,saint georges d'oleron|les sables vignier plage,17:44,
5,Bleue,Le Château-d'Oléron,Chéray (par La Cotinière),Du lundi au dimanche et jours fériés,7,18:15,SAINT-GEORGES-D'OLÉRON,Les Sables Vignier Plage,saint georges d'oleron|les sables vignier plage,19:14,
5,Bleue,Le Château-d'Oléron,Chéray (par La Cotinière),Du lundi au dimanche et jours fériés,1,09:15,SAINT-GEORGES-D'OLÉRON,Camping Les Grosses Pierres,saint georges d'oleron|camping les grosses pierres,10:15,
5,Bleue,Le Château-d'Oléron,Chéray (par La Cotinière),Du lundi au dimanche et jours fériés,2,10:45,SAINT-GEORGES-D'OLÉRON,Camping Les Grosses Pierres,saint georges d'oleron|camping les grosses pierres,11:45,
5,Bleue,Le Château-d'Oléron,Chéray (par La Cotinière),Du lundi au dimanche et jours fériés,3,12:15,SAINT-GEORGES-D'OLÉRON,Camping Les Grosses Pierres,saint georges d'oleron|camping les grosses pierres,13:15,
5,Bleue,Le Château-d'Oléron,Chéray (par La Cotinière),Du lundi au dimanche et jours fériés,4,13:45,SAINT-GEORGES-D'OLÉRON,Camping Les Grosses Pierres,saint georges d'oleron|camping les grosses pierres,14:45,
5,Bleue,Le Château-d'Oléron,Chéray (par La Cotinière),Du lundi au dimanche et jours fériés,5,15:15,SAINT-GEORGES-D'OLÉRON,Camping Les Grosses Pierres,saint georges d'oleron|camping les grosses pierres,16:15,
5,Bleue,Le Château-d'Oléron,Chéray (par La Cotinière),Du lundi au dimanche et jours fériés,6,16:45,SAINT-GEORGES-D'OLÉRON,Camping Les Grosses Pierres,saint georges d'oleron|camping les grosses pierres,17:45,
5,Bleue,Le Château-d'Oléron,Chéray (par La Cotinière),Du lundi au dimanche et jours fériés,7,18:15,SAINT-GEORGES-D'OLÉRON,Camping Les Grosses Pierres,saint georges d'oleron|camping les grosses pierres,19:15,
5,Bleue,Le Château-d'Oléron,Chéray (par La Cotinière),Du lundi au dimanche et jours fériés,1,09:15,SAINT-GEORGES-D'OLÉRON,Camping Siblu Mer et Soleil,saint georges d'oleron|camping siblu mer et soleil,10:17,
5,Bleue,Le Château-d'Oléron,Chéray (par La Cotinière),Du lundi au dimanche et jours fériés,2,10:45,SAINT-GEORGES-D'OLÉRON,Camping Siblu Mer et Soleil,saint georges d'oleron|camping siblu mer et soleil,11:47,
5,Bleue,Le Château-d'Oléron,Chéray (par La Cotinière),Du lundi au dimanche et jours fériés,3,12:15,SAINT-GEORGES-D'OLÉRON,Camping Siblu Mer et Soleil,saint georges d'oleron|camping siblu mer et soleil,13:17,
5,Bleue,Le Château-d'Oléron,Chéray (par La Cotinière),Du lundi au dimanche et jours fériés,4,13:45,SAINT-GEORGES-D'OLÉRON,Camping Siblu Mer et Soleil,saint georges d'oleron|camping siblu mer et soleil,14:47,
5,Bleue,Le Château-d'Oléron,Chéray (par La Cotinière),Du lundi au dimanche et jours fériés,5,15:15,SAINT-GEORGES-D'OLÉRON,Camping Siblu Mer et Soleil,saint georges d'oleron|camping siblu mer et soleil,16:17,
5,Bleue,Le Château-d'Oléron,Chéray (par La Cotinière),Du lundi au dimanche et jours fériés,6,16:45,SAINT-GEORGES-D'OLÉRON,Camping Siblu Mer et Soleil,saint georges d'oleron|camping siblu mer et soleil,17:47,
5,Bleue,Le Château-d'Oléron,Chéray (par La Cotinière),Du lundi au dimanche et jours fériés,7,18:15,SAINT-GEORGES-D'OLÉRON,Camping Siblu Mer et Soleil,saint georges d'oleron|camping siblu mer et soleil,19:17,
5,Bleue,Le Château-d'Oléron,Chéray (par La Cotinière),Du lundi au dimanche et jours fériés,1,09:15,SAINT-GEORGES-D'OLÉRON,Chéray - salle des fêtes,saint georges d'oleron|cheray salle des fetes,10:30,
5,Bleue,Le Château-d'Oléron,Chéray (par La Cotinière),Du lundi au dimanche et jours fériés,2,10:45,SAINT-GEORGES-D'OLÉRON,Chéray - salle des fêtes,saint georges d'oleron|cheray salle des fetes,12:00,
5,Bleue,Le Château-d'Oléron,Chéray (par La Cotinière),Du lundi au dimanche et jours fériés,3,12:15,SAINT-GEORGES-D'OLÉRON,Chéray - salle des fêtes,saint georges d'oleron|cheray salle des fetes,13:30,
5,Bleue,Le Château-d'Oléron,Chéray (par La Cotinière),Du lundi au dimanche et jours fériés,4,13:45,SAINT-GEORGES-D'OLÉRON,Chéray - salle des fêtes,saint georges d'oleron|cheray salle des fetes,15:00,
5,Bleue,Le Château-d'Oléron,Chéray (par La Cotinière),Du lundi au dimanche et jours fériés,5,15:15,SAINT-GEORGES-D'OLÉRON,Chéray - salle des fêtes,saint georges d'oleron|cheray salle des fetes,16:30,
5,Bleue,Le Château-d'Oléron,Chéray (par La Cotinière),Du lundi au dimanche et jours fériés,6,16:45,SAINT-GEORGES-D'OLÉRON,Chéray - salle des fêtes,saint georges d'oleron|cheray salle des fetes,18:00,
5,Bleue,Le Château-d'Oléron,Chéray (par La Cotinière),Du lundi au dimanche et jours fériés,7,18:15,SAINT-GEORGES-D'OLÉRON,Chéray - salle des fêtes,saint georges d'oleron|cheray salle des fetes,19:30,
5,Bleue,Le Château-d'Oléron,Chéray (par La Cotinière),Du lundi au dimanche et jours fériés,1,09:15,SAINT-GEORGES-D'OLÉRON,Chéray - Les 4 Moulins,saint georges d'oleron|cheray les 4 moulins,10:33,Correspondance navettes verte et rouge
5,Bleue,Le Château-d'Oléron,Chéray (par La Cotinière),Du lundi au dimanche et jours fériés,2,10:45,SAINT-GEORGES-D'OLÉRON,Chéray - Les 4 Moulins,saint georges d'oleron|cheray les 4 moulins,12:03,Correspondance navettes verte et rouge
5,Bleue,Le Château-d'Oléron,Chéray (par La Cotinière),Du lundi au dimanche et jours fériés,3,12:15,SAINT-GEORGES-D'OLÉRON,Chéray - Les 4 Moulins,saint georges d'oleron|cheray les 4 moulins,13:33,Correspondance navettes verte et rouge
5,Bleue,Le Château-d'Oléron,Chéray (par La Cotinière),Du lundi au dimanche et jours fériés,4,13:45,SAINT-GEORGES-D'OLÉRON,Chéray - Les 4 Moulins,saint georges d'oleron|cheray les 4 moulins,15:03,Correspondance navettes verte et rouge
5,Bleue,Le Château-d'Oléron,Chéray (par La Cotinière),Du lundi au dimanche et jours fériés,5,15:15,SAINT-GEORGES-D'OLÉRON,Chéray - Les 4 Moulins,saint georges d'oleron|cheray les 4 moulins,16:33,Correspondance navettes verte et rouge
5,Bleue,Le Château-d'Oléron,Chéray (par La Cotinière),Du lundi au dimanche et jours fériés,6,16:45,SAINT-GEORGES-D'OLÉRON,Chéray - Les 4 Moulins,saint georges d'oleron|cheray les 4 moulins,18:03,Correspondance navettes verte et rouge
5,Bleue,Le Château-d'Oléron,Chéray (par La Cotinière),Du lundi au dimanche et jours fériés,7,18:15,SAINT-GEORGES-D'OLÉRON,Chéray - Les 4 Moulins,saint georges d'oleron|cheray les 4 moulins,19:33,Correspondance navettes verte et rouge
6,Bleue,Chéray,Le Château-d'Oléron (par La Cotinière),Du lundi au dimanche et jours fériés,1,09:15,SAINT-GEORGES-D'OLÉRON,Chéray - Les 4 Moulins,saint georges d'oleron|cheray les 4 moulins,09:15,Correspondance navettes verte et rouge
6,Bleue,Chéray,Le Château-d'Oléron (par La Cotinière),Du lundi au dimanche et jours fériés,2,10:45,SAINT-GEORGES-D'OLÉRON,Chéray - Les 4 Moulins,saint georges d'oleron|cheray les 4 moulins,10:45,Correspondance navettes verte et rouge
6,Bleue,Chéray,Le Château-d'Oléron (par La Cotinière),Du lundi au dimanche et jours fériés,3,12:15,SAINT-GEORGES-D'OLÉRON,Chéray - Les 4 Moulins,saint georges d'oleron|cheray les 4 moulins,12:15,Correspondance navettes verte et rouge
6,Bleue,Chéray,Le Château-d'Oléron (par La Cotinière),Du lundi au dimanche et jours fériés,4,13:45,SAINT-GEORGES-D'OLÉRON,Chéray - Les 4 Moulins,saint georges d'oleron|cheray les 4 moulins,13:45,Correspondance navettes verte et rouge
6,Bleue,Chéray,Le Château-d'Oléron (par La Cotinière),Du lundi au dimanche et jours fériés,5,15:15,SAINT-GEORGES-D'OLÉRON,Chéray - Les 4 Moulins,saint georges d'oleron|cheray les 4 moulins,15:15,Correspondance navettes verte et rouge
6,Bleue,Chéray,Le Château-d'Oléron (par La Cotinière),Du lundi au dimanche et jours fériés,6,16:45,SAINT-GEORGES-D'OLÉRON,Chéray - Les 4 Moulins,saint georges d'oleron|cheray les 4 moulins,16:45,Correspondance navettes verte et rouge
6,Bleue,Chéray,Le Château-d'Oléron (par La Cotinière),Du lundi au dimanche et jours fériés,7,18:15,SAINT-GEORGES-D'OLÉRON,Chéray - Les 4 Moulins,saint georges d'oleron|cheray les 4 moulins,18:15,Correspondance navettes verte et rouge
6,Bleue,Chéray,Le Château-d'Oléron (par La Cotinière),Du lundi au dimanche et jours fériés,1,09:15,SAINT-GEORGES-D'OLÉRON,Chéray - salle des fêtes,saint georges d'oleron|cheray salle des fetes,09:18,
6,Bleue,Chéray,Le Château-d'Oléron (par La Cotinière),Du lundi au dimanche et jours fériés,2,10:45,SAINT-GEORGES-D'OLÉRON,Chéray - salle des fêtes,saint georges d'oleron|cheray salle des fetes,10:48,
6,Bleue,Chéray,Le Château-d'Oléron (par La Cotinière),Du lundi au dimanche et jours fériés,3,12:15,SAINT-GEORGES-D'OLÉRON,Chéray - salle des fêtes,saint georges d'oleron|cheray salle des fetes,12:18,
6,Bleue,Chéray,Le Château-d'Oléron (par La Cotinière),Du lundi au dimanche et jours fériés,4,13:45,SAINT-GEORGES-D'OLÉRON,Chéray - salle des fêtes,saint georges d'oleron|cheray salle des fetes,13:48,
6,Bleue,Chéray,Le Château-d'Oléron (par La Cotinière),Du lundi au dimanche et jours fériés,5,15:15,SAINT-GEORGES-D'OLÉRON,Chéray - salle des fêtes,saint georges d'oleron|cheray salle des fetes,15:18,
6,Bleue,Chéray,Le Château-d'Oléron (par La Cotinière),Du lundi au dimanche et jours fériés,6,16:45,SAINT-GEORGES-D'OLÉRON,Chéray - salle des fêtes,saint georges d'oleron|cheray salle des fetes,16:48,
6,Bleue,Chéray,Le Château-d'Oléron (par La Cotinière),Du lundi au dimanche et jours fériés,7,18:15,SAINT-GEORGES-D'OLÉRON,Chéray - salle des fêtes,saint georges d'oleron|cheray salle des fetes,18:18,
6,Bleue,Chéray,Le Château-d'Oléron (par La Cotinière),Du lundi au dimanche et jours fériés,1,09:15,SAINT-GEORGES-D'OLÉRON,Camping Siblu Mer et Soleil,saint georges d'oleron|camping siblu mer et soleil,09:30,
6,Bleue,Chéray,Le Château-d'Oléron (par La Cotinière),Du lundi au dimanche et jours fériés,2,10:45,SAINT-GEORGES-D'OLÉRON,Camping Siblu Mer et Soleil,saint georges d'oleron|camping siblu mer et soleil,11:00,
6,Bleue,Chéray,Le Château-d'Oléron (par La Cotinière),Du lundi au dimanche et jours fériés,3,12:15,SAINT-GEORGES-D'OLÉRON,Camping Siblu Mer et Soleil,saint georges d'oleron|camping siblu mer et soleil,12:30,
6,Bleue,Chéray,Le Château-d'Oléron (par La Cotinière),Du lundi au dimanche et jours fériés,4,13:45,SAINT-GEORGES-D'OLÉRON,Camping Siblu Mer et Soleil,saint georges d'oleron|camping siblu mer et soleil,14:00,
6,Bleue,Chéray,Le Château-d'Oléron (par La Cotinière),Du lundi au dimanche et jours fériés,5,15:15,SAINT-GEORGES-D'OLÉRON,Camping Siblu Mer et Soleil,saint georges d'oleron|camping siblu mer et soleil,15:30,
6,Bleue,Chéray,Le Château-d'Oléron (par La Cotinière),Du lundi au dimanche et jours fériés,6,16:45,SAINT-GEORGES-D'OLÉRON,Camping Siblu Mer et Soleil,saint georges d'oleron|camping siblu mer et soleil,17:00,
6,Bleue,Chéray,Le Château-d'Oléron (par La Cotinière),Du lundi au dimanche et jours fériés,7,18:15,SAINT-GEORGES-D'OLÉRON,Camping Siblu Mer et Soleil,saint georges d'oleron|camping siblu mer et soleil,18:30,
6,Bleue,Chéray,Le Château-d'Oléron (par La Cotinière),Du lundi au dimanche et jours fériés,1,09:15,SAINT-GEORGES-D'OLÉRON,Camping Les Grosses Pierres,saint georges d'oleron|camping les grosses pierres,09:31,
6,Bleue,Chéray,Le Château-d'Oléron (par La Cotinière),Du lundi au dimanche et jours fériés,2,10:45,SAINT-GEORGES-D'OLÉRON,Camping Les Grosses Pierres,saint georges d'oleron|camping les grosses pierres,11:01,
6,Bleue,Chéray,Le Château-d'Oléron (par La Cotinière),Du lundi au dimanche et jours fériés,3,12:15,SAINT-GEORGES-D'OLÉRON,Camping Les Grosses Pierres,saint georges d'oleron|camping les grosses pierres,12:31,
6,Bleue,Chéray,Le Château-d'Oléron (par La Cotinière),Du lundi au dimanche et jours fériés,4,13:45,SAINT-GEORGES-D'OLÉRON,Camping Les Grosses Pierres,saint georges d'oleron|camping les grosses pierres,14:01,
6,Bleue,Chéray,Le Château-d'Oléron (par La Cotinière),Du lundi au dimanche et jours fériés,5,15:15,SAINT-GEORGES-D'OLÉRON,Camping Les Grosses Pierres,saint georges d'oleron|camping les grosses pierres,15:31,
6,Bleue,Chéray,Le Château-d'Oléron (par La Cotinière),Du lundi au dimanche et jours fériés,6,16:45,SAINT-GEORGES-D'OLÉRON,Camping Les Grosses Pierres,saint georges d'oleron|camping les grosses pierres,17:01,
6,Bleue,Chéray,Le Château-d'Oléron (par La Cotinière),Du lundi au dimanche et jours fériés,7,18:15,SAINT-GEORGES-D'OLÉRON,Camping Les Grosses Pierres,saint georges d'oleron|camping les grosses pierres,18:31,
6,Bleue,Chéray,Le Château-d'Oléron (par La Cotinière),Du lundi au dimanche et jours fériés,1,09:15,SAINT-GEORGES-D'OLÉRON,Les Sables Vignier Plage,saint georges d'oleron|les sables vignier plage,09:32,
6,Bleue,Chéray,Le Château-d'Oléron (par La Cotinière),Du lundi au dimanche et jours fériés,2,10:45,SAINT-GEORGES-D'OLÉRON,Les Sables Vignier Plage,saint georges d'oleron|les sables vignier plage,11:02,
6,Bleue,Chéray,Le Château-d'Oléron (par La Cotinière),Du lundi au dimanche et jours fériés,3,12:15,SAINT-GEORGES-D'OLÉRON,Les Sables Vignier Plage,saint georges d'oleron|les sables vignier plage,12:32,
6,Bleue,Chéray,Le Château-d'Oléron (par La Cotinière),Du lundi au dimanche et jours fériés,4,13:45,SAINT-GEORGES-D'OLÉRON,Les Sables Vignier Plage,saint georges d'oleron|les sables vignier plage,14:02,
6,Bleue,Chéray,Le Château-d'Oléron (par La Cotinière),Du lundi au dimanche et jours fériés,5,15:15,SAINT-GEORGES-D'OLÉRON,Les Sables Vignier Plage,saint georges d'oleron|les sables vignier plage,15:32,
6,Bleue,Chéray,Le Château-d'Oléron (par La Cotinière),Du lundi au dimanche et jours fériés,6,16:45,SAINT-GEORGES-D'OLÉRON,Les Sables Vignier Plage,saint georges d'oleron|les sables vignier plage,17:02,
6,Bleue,Chéray,Le Château-d'Oléron (par La Cotinière),Du lundi au dimanche et jours fériés,7,18:15,SAINT-GEORGES-D'OLÉRON,Les Sables Vignier Plage,saint georges d'oleron|les sables vignier plage,18:32,
6,Bleue,Chéray,Le Château-d'Oléron (par La Cotinière),Du lundi au dimanche et jours fériés,1,09:15,SAINT-GEORGES-D'OLÉRON,Les Gros Joncs,saint georges d'oleron|les gros joncs,09:34,
6,Bleue,Chéray,Le Château-d'Oléron (par La Cotinière),Du lundi au dimanche et jours fériés,2,10:45,SAINT-GEORGES-D'OLÉRON,Les Gros Joncs,saint georges d'oleron|les gros joncs,11:04,
6,Bleue,Chéray,Le Château-d'Oléron (par La Cotinière),Du lundi au dimanche et jours fériés,3,12:15,SAINT-GEORGES-D'OLÉRON,Les Gros Joncs,saint georges d'oleron|les gros joncs,12:34,
6,Bleue,Chéray,Le Château-d'Oléron (par La Cotinière),Du lundi au dimanche et jours fériés,4,13:45,SAINT-GEORGES-D'OLÉRON,Les Gros Joncs,saint georges d'oleron|les gros joncs,14:04,
6,Bleue,Chéray,Le Château-d'Oléron (par La Cotinière),Du lundi au dimanche et jours fériés,5,15:15,SAINT-GEORGES-D'OLÉRON,Les Gros Joncs,saint georges d'oleron|les gros joncs,15:34,
6,Bleue,Chéray,Le Château-d'Oléron (par La Cotinière),Du lundi au dimanche et jours fériés,6,16:45,SAINT-GEORGES-D'OLÉRON,Les Gros Joncs,saint georges d'oleron|les gros joncs,17:04,
6,Bleue,Chéray,Le Château-d'Oléron (par La Cotinière),Du lundi au dimanche et jours fériés,7,18:15,SAINT-GEORGES-D'OLÉRON,Les Gros Joncs,saint georges d'oleron|les gros joncs,18:34,
6,Bleue,Chéray,Le Château-d'Oléron (par La Cotinière),Du lundi au dimanche et jours fériés,1,09:15,SAINT-GEORGES-D'OLÉRON,Camping Le Suroit,saint georges d'oleron|camping le suroit,09:37,
6,Bleue,Chéray,Le Château-d'Oléron (par La Cotinière),Du lundi au dimanche et jours fériés,2,10:45,SAINT-GEORGES-D'OLÉRON,Camping Le Suroit,saint georges d'oleron|camping le suroit,11:07,
6,Bleue,Chéray,Le Château-d'Oléron (par La Cotinière),Du lundi au dimanche et jours fériés,3,12:15,SAINT-GEORGES-D'OLÉRON,Camping Le Suroit,saint georges d'oleron|camping le suroit,12:37,
6,Bleue,Chéray,Le Château-d'Oléron (par La Cotinière),Du lundi au dimanche et jours fériés,4,13:45,SAINT-GEORGES-D'OLÉRON,Camping Le Suroit,saint georges d'oleron|camping le suroit,14:07,
6,Bleue,Chéray,Le Château-d'Oléron (par La Cotinière),Du lundi au dimanche et jours fériés,5,15:15,SAINT-GEORGES-D'OLÉRON,Camping Le Suroit,saint georges d'oleron|camping le suroit,15:37,
6,Bleue,Chéray,Le Château-d'Oléron (par La Cotinière),Du lundi au dimanche et jours fériés,6,16:45,SAINT-GEORGES-D'OLÉRON,Camping Le Suroit,saint georges d'oleron|camping le suroit,17:07,
6,Bleue,Chéray,Le Château-d'Oléron (par La Cotinière),Du lundi au dimanche et jours fériés,7,18:15,SAINT-GEORGES-D'OLÉRON,Camping Le Suroit,saint georges d'oleron|camping le suroit,18:37,
6,Bleue,Chéray,Le Château-d'Oléron (par La Cotinière),Du lundi au dimanche et jours fériés,1,09:15,SAINT-PIERRE-D'OLÉRON,Atlantic hôtel,saint pierre d'oleron|atlantic hotel,09:40,
6,Bleue,Chéray,Le Château-d'Oléron (par La Cotinière),Du lundi au dimanche et jours fériés,2,10:45,SAINT-PIERRE-D'OLÉRON,Atlantic hôtel,saint pierre d'oleron|atlantic hotel,11:10,
6,Bleue,Chéray,Le Château-d'Oléron (par La Cotinière),Du lundi au dimanche et jours fériés,3,12:15,SAINT-PIERRE-D'OLÉRON,Atlantic hôtel,saint pierre d'oleron|atlantic hotel,12:40,
6,Bleue,Chéray,Le Château-d'Oléron (par La Cotinière),Du lundi au dimanche et jours fériés,4,13:45,SAINT-PIERRE-D'OLÉRON,Atlantic hôtel,saint pierre d'oleron|atlantic hotel,14:10,
6,Bleue,Chéray,Le Château-d'Oléron (par La Cotinière),Du lundi au dimanche et jours fériés,5,15:15,SAINT-PIERRE-D'OLÉRON,Atlantic hôtel,saint pierre d'oleron|atlantic hotel,15:40,
6,Bleue,Chéray,Le Château-d'Oléron (par La Cotinière),Du lundi au dimanche et jours fériés,6,16:45,SAINT-PIERRE-D'OLÉRON,Atlantic hôtel,saint pierre d'oleron|atlantic hotel,17:10,
6,Bleue,Chéray,Le Château-d'Oléron (par La Cotinière),Du lundi au dimanche et jours fériés,7,18:15,SAINT-PIERRE-D'OLÉRON,Atlantic hôtel,saint pierre d'oleron|atlantic hotel,18:40,
6,Bleue,Chéray,Le Château-d'Oléron (par La Cotinière),Du lundi au dimanche et jours fériés,1,09:15,SAINT-PIERRE-D'OLÉRON,Camping Le Sous Bois,saint pierre d'oleron|camping le sous bois,09:44,
6,Bleue,Chéray,Le Château-d'Oléron (par La Cotinière),Du lundi au dimanche et jours fériés,2,10:45,SAINT-PIERRE-D'OLÉRON,Camping Le Sous Bois,saint pierre d'oleron|camping le sous bois,11:14,
6,Bleue,Chéray,Le Château-d'Oléron (par La Cotinière),Du lundi au dimanche et jours fériés,3,12:15,SAINT-PIERRE-D'OLÉRON,Camping Le Sous Bois,saint pierre d'oleron|camping le sous bois,12:44,
6,Bleue,Chéray,Le Château-d'Oléron (par La Cotinière),Du lundi au dimanche et jours fériés,4,13:45,SAINT-PIERRE-D'OLÉRON,Camping Le Sous Bois,saint pierre d'oleron|camping le sous bois,14:14,
6,Bleue,Chéray,Le Château-d'Oléron (par La Cotinière),Du lundi au dimanche et jours fériés,5,15:15,SAINT-PIERRE-D'OLÉRON,Camping Le Sous Bois,saint pierre d'oleron|camping le sous bois,15:44,
6,Bleue,Chéray,Le Château-d'Oléron (par La Cotinière),Du lundi au dimanche et jours fériés,6,16:45,SAINT-PIERRE-D'OLÉRON,Camping Le Sous Bois,saint pierre d'oleron|camping le sous bois,17:14,
6,Bleue,Chéray,Le Château-d'Oléron (par La Cotinière),Du lundi au dimanche et jours fériés,7,18:15,SAINT-PIERRE-D'OLÉRON,Camping Le Sous Bois,saint pierre d'oleron|camping le sous bois,18:44,
6,Bleue,Chéray,Le Château-d'Oléron (par La Cotinière),Du lundi au dimanche et jours fériés,1,09:15,SAINT-PIERRE-D'OLÉRON,La Cotinière - Châteliers,saint pierre d'oleron|la cotiniere chateliers,09:45,
6,Bleue,Chéray,Le Château-d'Oléron (par La Cotinière),Du lundi au dimanche et jours fériés,2,10:45,SAINT-PIERRE-D'OLÉRON,La Cotinière - Châteliers,saint pierre d'oleron|la cotiniere chateliers,11:15,
6,Bleue,Chéray,Le Château-d'Oléron (par La Cotinière),Du lundi au dimanche et jours fériés,3,12:15,SAINT-PIERRE-D'OLÉRON,La Cotinière - Châteliers,saint pierre d'oleron|la cotiniere chateliers,12:45,
6,Bleue,Chéray,Le Château-d'Oléron (par La Cotinière),Du lundi au dimanche et jours fériés,4,13:45,SAINT-PIERRE-D'OLÉRON,La Cotinière - Châteliers,saint pierre d'oleron|la cotiniere chateliers,14:15,
6,Bleue,Chéray,Le Château-d'Oléron (par La Cotinière),Du lundi au dimanche et jours fériés,5,15:15,SAINT-PIERRE-D'OLÉRON,La Cotinière - Châteliers,saint pierre d'oleron|la cotiniere chateliers,15:45,
6,Bleue,Chéray,Le Château-d'Oléron (par La Cotinière),Du lundi au dimanche et jours fériés,6,16:45,SAINT-PIERRE-D'OLÉRON,La Cotinière - Châteliers,saint pierre d'oleron|la cotiniere chateliers,17:15,
6,Bleue,Chéray,Le Château-d'Oléron (par La Cotinière),Du lundi au dimanche et jours fériés,7,18:15,SAINT-PIERRE-D'OLÉRON,La Cotinière - Châteliers,saint pierre d'oleron|la cotiniere chateliers,18:45,
6,Bleue,Chéray,Le Château-d'Oléron (par La Cotinière),Du lundi au dimanche et jours fériés,1,09:15,SAINT-PIERRE-D'OLÉRON,La Cotinière - Le Port,saint pierre d'oleron|la cotiniere le port,09:50,Correspondance navette orange
6,Bleue,Chéray,Le Château-d'Oléron (par La Cotinière),Du lundi au dimanche et jours fériés,2,10:45,SAINT-PIERRE-D'OLÉRON,La Cotinière - Le Port,saint pierre d'oleron|la cotiniere le port,11:20,Correspondance navette orange
6,Bleue,Chéray,Le Château-d'Oléron (par La Cotinière),Du lundi au dimanche et jours fériés,3,12:15,SAINT-PIERRE-D'OLÉRON,La Cotinière - Le Port,saint pierre d'oleron|la cotiniere le port,12:50,Correspondance navette orange
6,Bleue,Chéray,Le Château-d'Oléron (par La Cotinière),Du lundi au dimanche et jours fériés,4,13:45,SAINT-PIERRE-D'OLÉRON,La Cotinière - Le Port,saint pierre d'oleron|la cotiniere le port,14:20,Correspondance navette orange
6,Bleue,Chéray,Le Château-d'Oléron (par La Cotinière),Du lundi au dimanche et jours fériés,5,15:15,SAINT-PIERRE-D'OLÉRON,La Cotinière - Le Port,saint pierre d'oleron|la cotiniere le port,15:50,Correspondance navette orange
6,Bleue,Chéray,Le Château-d'Oléron (par La Cotinière),Du lundi au dimanche et jours fériés,6,16:45,SAINT-PIERRE-D'OLÉRON,La Cotinière - Le Port,saint pierre d'oleron|la cotiniere le port,17:20,Correspondance navette orange
6,Bleue,Chéray,Le Château-d'Oléron (par La Cotinière),Du lundi au dimanche et jours fériés,7,18:15,SAINT-PIERRE-D'OLÉRON,La Cotinière - Le Port,saint pierre d'oleron|la cotiniere le port,18:50,Correspondance navette orange
6,Bleue,Chéray,Le Château-d'Oléron (par La Cotinière),Du lundi au dimanche et jours fériés,1,09:15,SAINT-PIERRE-D'OLÉRON,Hôtel l'Océane,saint pierre d'oleron|hotel l'oceane,09:51,
6,Bleue,Chéray,Le Château-d'Oléron (par La Cotinière),Du lundi au dimanche et jours fériés,2,10:45,SAINT-PIERRE-D'OLÉRON,Hôtel l'Océane,saint pierre d'oleron|hotel l'oceane,11:21,
6,Bleue,Chéray,Le Château-d'Oléron (par La Cotinière),Du lundi au dimanche et jours fériés,3,12:15,SAINT-PIERRE-D'OLÉRON,Hôtel l'Océane,saint pierre d'oleron|hotel l'oceane,12:51,
6,Bleue,Chéray,Le Château-d'Oléron (par La Cotinière),Du lundi au dimanche et jours fériés,4,13:45,SAINT-PIERRE-D'OLÉRON,Hôtel l'Océane,saint pierre d'oleron|hotel l'oceane,14:21,
6,Bleue,Chéray,Le Château-d'Oléron (par La Cotinière),Du lundi au dimanche et jours fériés,5,15:15,SAINT-PIERRE-D'OLÉRON,Hôtel l'Océane,saint pierre d'oleron|hotel l'oceane,15:51,
6,Bleue,Chéray,Le Château-d'Oléron (par La Cotinière),Du lundi au dimanche et jours fériés,6,16:45,SAINT-PIERRE-D'OLÉRON,Hôtel l'Océane,saint pierre d'oleron|hotel l'oceane,17:21,
6,Bleue,Chéray,Le Château-d'Oléron (par La Cotinière),Du lundi au dimanche et jours fériés,7,18:15,SAINT-PIERRE-D'OLÉRON,Hôtel l'Océane,saint pierre d'oleron|hotel l'oceane,18:51,
6,Bleue,Chéray,Le Château-d'Oléron (par La Cotinière),Du lundi au dimanche et jours fériés,1,09:15,SAINT-PIERRE-D'OLÉRON,Plage de Matha,saint pierre d'oleron|plage de matha,09:52,
6,Bleue,Chéray,Le Château-d'Oléron (par La Cotinière),Du lundi au dimanche et jours fériés,2,10:45,SAINT-PIERRE-D'OLÉRON,Plage de Matha,saint pierre d'oleron|plage de matha,11:22,
6,Bleue,Chéray,Le Château-d'Oléron (par La Cotinière),Du lundi au dimanche et jours fériés,3,12:15,SAINT-PIERRE-D'OLÉRON,Plage de Matha,saint pierre d'oleron|plage de matha,12:52,
6,Bleue,Chéray,Le Château-d'Oléron (par La Cotinière),Du lundi au dimanche et jours fériés,4,13:45,SAINT-PIERRE-D'OLÉRON,Plage de Matha,saint pierre d'oleron|plage de matha,14:22,
6,Bleue,Chéray,Le Château-d'Oléron (par La Cotinière),Du lundi au dimanche et jours fériés,5,15:15,SAINT-PIERRE-D'OLÉRON,Plage de Matha,saint pierre d'oleron|plage de matha,15:52,
6,Bleue,Chéray,Le Château-d'Oléron (par La Cotinière),Du lundi au dimanche et jours fériés,6,16:45,SAINT-PIERRE-D'OLÉRON,Plage de Matha,saint pierre d'oleron|plage de matha,17:22,
6,Bleue,Chéray,Le Château-d'Oléron (par La Cotinière),Du lundi au dimanche et jours fériés,7,18:15,SAINT-PIERRE-D'OLÉRON,Plage de Matha,saint pierre d'oleron|plage de matha,18:52,
6,Bleue,Chéray,Le Château-d'Oléron (par La Cotinière),Du lundi au dimanche et jours fériés,1,09:15,SAINT-PIERRE-D'OLÉRON,Camping les Flots Atlantique,saint pierre d'oleron|camping les flots atlantique,09:54,
6,Bleue,Chéray,Le Château-d'Oléron (par La Cotinière),Du lundi au dimanche et jours fériés,2,10:45,SAINT-PIERRE-D'OLÉRON,Camping les Flots Atlantique,saint pierre d'oleron|camping les flots atlantique,11:24,
6,Bleue,Chéray,Le Château-d'Oléron (par La Cotinière),Du lundi au dimanche et jours fériés,3,12:15,SAINT-PIERRE-D'OLÉRON,Camping les Flots Atlantique,saint pierre d'oleron|camping les flots atlantique,12:54,
6,Bleue,Chéray,Le Château-d'Oléron (par La Cotinière),Du lundi au dimanche et jours fériés,4,13:45,SAINT-PIERRE-D'OLÉRON,Camping les Flots Atlantique,saint pierre d'oleron|camping les flots atlantique,14:24,
6,Bleue,Chéray,Le Château-d'Oléron (par La Cotinière),Du lundi au dimanche et jours fériés,5,15:15,SAINT-PIERRE-D'OLÉRON,Camping les Flots Atlantique,saint pierre d'oleron|camping les flots atlantique,15:54,
6,Bleue,Chéray,Le Château-d'Oléron (par La Cotinière),Du lundi au dimanche et jours fériés,6,16:45,SAINT-PIERRE-D'OLÉRON,Camping les Flots Atlantique,saint pierre d'oleron|camping les flots atlantique,17:24,
6,Bleue,Chéray,Le Château-d'Oléron (par La Cotinière),Du lundi au dimanche et jours fériés,7,18:15,SAINT-PIERRE-D'OLÉRON,Camping les Flots Atlantique,saint pierre d'oleron|camping les flots atlantique,18:54,
6,Bleue,Chéray,Le Château-d'Oléron (par La Cotinière),Du lundi au dimanche et jours fériés,1,09:15,DOLUS-D'OLÉRON,Plage de La Perroche,dolus d'oleron|plage de la perroche,09:56,
6,Bleue,Chéray,Le Château-d'Oléron (par La Cotinière),Du lundi au dimanche et jours fériés,2,10:45,DOLUS-D'OLÉRON,Plage de La Perroche,dolus d'oleron|plage de la perroche,11:26,
6,Bleue,Chéray,Le Château-d'Oléron (par La Cotinière),Du lundi au dimanche et jours fériés,3,12:15,DOLUS-D'OLÉRON,Plage de La Perroche,dolus d'oleron|plage de la perroche,12:56,
6,Bleue,Chéray,Le Château-d'Oléron (par La Cotinière),Du lundi au dimanche et jours fériés,4,13:45,DOLUS-D'OLÉRON,Plage de La Perroche,dolus d'oleron|plage de la perroche,14:26,
6,Bleue,Chéray,Le Château-d'Oléron (par La Cotinière),Du lundi au dimanche et jours fériés,5,15:15,DOLUS-D'OLÉRON,Plage de La Perroche,dolus d'oleron|plage de la perroche,15:56,
6,Bleue,Chéray,Le Château-d'Oléron (par La Cotinière),Du lundi au dimanche et jours fériés,6,16:45,DOLUS-D'OLÉRON,Plage de La Perroche,dolus d'oleron|plage de la perroche,17:26,
6,Bleue,Chéray,Le Château-d'Oléron (par La Cotinière),Du lundi au dimanche et jours fériés,7,18:15,DOLUS-D'OLÉRON,Plage de La Perroche,dolus d'oleron|plage de la perroche,18:56,
6,Bleue,Chéray,Le Château-d'Oléron (par La Cotinière),Du lundi au dimanche et jours fériés,1,09:15,DOLUS-D'OLÉRON,Plage de La Rémigeasse,dolus d'oleron|plage de la remigeasse,09:58,
6,Bleue,Chéray,Le Château-d'Oléron (par La Cotinière),Du lundi au dimanche et jours fériés,2,10:45,DOLUS-D'OLÉRON,Plage de La Rémigeasse,dolus d'oleron|plage de la remigeasse,11:28,
6,Bleue,Chéray,Le Château-d'Oléron (par La Cotinière),Du lundi au dimanche et jours fériés,3,12:15,DOLUS-D'OLÉRON,Plage de La Rémigeasse,dolus d'oleron|plage de la remigeasse,12:58,
6,Bleue,Chéray,Le Château-d'Oléron (par La Cotinière),Du lundi au dimanche et jours fériés,4,13:45,DOLUS-D'OLÉRON,Plage de La Rémigeasse,dolus d'oleron|plage de la remigeasse,14:28,
6,Bleue,Chéray,Le Château-d'Oléron (par La Cotinière),Du lundi au dimanche et jours fériés,5,15:15,DOLUS-D'OLÉRON,Plage de La Rémigeasse,dolus d'oleron|plage de la remigeasse,15:58,
6,Bleue,Chéray,Le Château-d'Oléron (par La Cotinière),Du lundi au dimanche et jours fériés,6,16:45,DOLUS-D'OLÉRON,Plage de La Rémigeasse,dolus d'oleron|plage de la remigeasse,17:28,
6,Bleue,Chéray,Le Château-d'Oléron (par La Cotinière),Du lundi au dimanche et jours fériés,7,18:15,DOLUS-D'OLÉRON,Plage de La Rémigeasse,dolus d'oleron|plage de la remigeasse,18:58,
6,Bleue,Chéray,Le Château-d'Oléron (par La Cotinière),Du lundi au dimanche et jours fériés,1,09:15,DOLUS-D'OLÉRON,Passe du Treuil,dolus d'oleron|passe du treuil,10:00,
6,Bleue,Chéray,Le Château-d'Oléron (par La Cotinière),Du lundi au dimanche et jours fériés,2,10:45,DOLUS-D'OLÉRON,Passe du Treuil,dolus d'oleron|passe du treuil,11:30,
6,Bleue,Chéray,Le Château-d'Oléron (par La Cotinière),Du lundi au dimanche et jours fériés,3,12:15,DOLUS-D'OLÉRON,Passe du Treuil,dolus d'oleron|passe du treuil,13:00,
6,Bleue,Chéray,Le Château-d'Oléron (par La Cotinière),Du lundi au dimanche et jours fériés,4,13:45,DOLUS-D'OLÉRON,Passe du Treuil,dolus d'oleron|passe du treuil,14:30,
6,Bleue,Chéray,Le Château-d'Oléron (par La Cotinière),Du lundi au dimanche et jours fériés,5,15:15,DOLUS-D'OLÉRON,Passe du Treuil,dolus d'oleron|passe du treuil,16:00,
6,Bleue,Chéray,Le Château-d'Oléron (par La Cotinière),Du lundi au dimanche et jours fériés,6,16:45,DOLUS-D'OLÉRON,Passe du Treuil,dolus d'oleron|passe du treuil,17:30,
6,Bleue,Chéray,Le Château-d'Oléron (par La Cotinière),Du lundi au dimanche et jours fériés,7,18:15,DOLUS-D'OLÉRON,Passe du Treuil,dolus d'oleron|passe du treuil,19:00,
6,Bleue,Chéray,Le Château-d'Oléron (par La Cotinière),Du lundi au dimanche et jours fériés,1,09:15,DOLUS-D'OLÉRON,Camping Le Montet,dolus d'oleron|camping le montet,10:02,
6,Bleue,Chéray,Le Château-d'Oléron (par La Cotinière),Du lundi au dimanche et jours fériés,2,10:45,DOLUS-D'OLÉRON,Camping Le Montet,dolus d'oleron|camping le montet,11:32,
6,Bleue,Chéray,Le Château-d'Oléron (par La Cotinière),Du lundi au dimanche et jours fériés,3,12:15,DOLUS-D'OLÉRON,Camping Le Montet,dolus d'oleron|camping le montet,13:02,
6,Bleue,Chéray,Le Château-d'Oléron (par La Cotinière),Du lundi au dimanche et jours fériés,4,13:45,DOLUS-D'OLÉRON,Camping Le Montet,dolus d'oleron|camping le montet,14:32,
6,Bleue,Chéray,Le Château-d'Oléron (par La Cotinière),Du lundi au dimanche et jours fériés,5,15:15,DOLUS-D'OLÉRON,Camping Le Montet,dolus d'oleron|camping le montet,16:02,
6,Bleue,Chéray,Le Château-d'Oléron (par La Cotinière),Du lundi au dimanche et jours fériés,6,16:45,DOLUS-D'OLÉRON,Camping Le Montet,dolus d'oleron|camping le montet,17:32,
6,Bleue,Chéray,Le Château-d'Oléron (par La Cotinière),Du lundi au dimanche et jours fériés,7,18:15,DOLUS-D'OLÉRON,Camping Le Montet,dolus d'oleron|camping le montet,19:02,
6,Bleue,Chéray,Le Château-d'Oléron (par La Cotinière),Du lundi au dimanche et jours fériés,1,09:15,DOLUS-D'OLÉRON,Place de l'église,dolus d'oleron|place de l'eglise,10:06,
6,Bleue,Chéray,Le Château-d'Oléron (par La Cotinière),Du lundi au dimanche et jours fériés,2,10:45,DOLUS-D'OLÉRON,Place de l'église,dolus d'oleron|place de l'eglise,11:36,
6,Bleue,Chéray,Le Château-d'Oléron (par La Cotinière),Du lundi au dimanche et jours fériés,3,12:15,DOLUS-D'OLÉRON,Place de l'église,dolus d'oleron|place de l'eglise,13:06,
6,Bleue,Chéray,Le Château-d'Oléron (par La Cotinière),Du lundi au dimanche et jours fériés,4,13:45,DOLUS-D'OLÉRON,Place de l'église,dolus d'oleron|place de l'eglise,14:36,
6,Bleue,Chéray,Le Château-d'Oléron (par La Cotinière),Du lundi au dimanche et jours fériés,5,15:15,DOLUS-D'OLÉRON,Place de l'église,dolus d'oleron|place de l'eglise,16:06,
6,Bleue,Chéray,Le Château-d'Oléron (par La Cotinière),Du lundi au dimanche et jours fériés,6,16:45,DOLUS-D'OLÉRON,Place de l'église,dolus d'oleron|place de l'eglise,17:36,
6,Bleue,Chéray,Le Château-d'Oléron (par La Cotinière),Du lundi au dimanche et jours fériés,7,18:15,DOLUS-D'OLÉRON,Place de l'église,dolus d'oleron|place de l'eglise,19:06,
6,Bleue,Chéray,Le Château-d'Oléron (par La Cotinière),Du lundi au dimanche et jours fériés,1,09:15,DOLUS-D'OLÉRON,Parc aquatique Iléo,dolus d'oleron|parc aquatique ileo,10:10,
6,Bleue,Chéray,Le Château-d'Oléron (par La Cotinière),Du lundi au dimanche et jours fériés,2,10:45,DOLUS-D'OLÉRON,Parc aquatique Iléo,dolus d'oleron|parc aquatique ileo,11:40,
6,Bleue,Chéray,Le Château-d'Oléron (par La Cotinière),Du lundi au dimanche et jours fériés,3,12:15,DOLUS-D'OLÉRON,Parc aquatique Iléo,dolus d'oleron|parc aquatique ileo,13:10,
6,Bleue,Chéray,Le Château-d'Oléron (par La Cotinière),Du lundi au dimanche et jours fériés,4,13:45,DOLUS-D'OLÉRON,Parc aquatique Iléo,dolus d'oleron|parc aquatique ileo,14:40,
6,Bleue,Chéray,Le Château-d'Oléron (par La Cotinière),Du lundi au dimanche et jours fériés,5,15:15,DOLUS-D'OLÉRON,Parc aquatique Iléo,dolus d'oleron|parc aquatique ileo,16:10,
6,Bleue,Chéray,Le Château-d'Oléron (par La Cotinière),Du lundi au dimanche et jours fériés,6,16:45,DOLUS-D'OLÉRON,Parc aquatique Iléo,dolus d'oleron|parc aquatique ileo,17:40,
6,Bleue,Chéray,Le Château-d'Oléron (par La Cotinière),Du lundi au dimanche et jours fériés,7,18:15,DOLUS-D'OLÉRON,Parc aquatique Iléo,dolus d'oleron|parc aquatique ileo,19:10,
6,Bleue,Chéray,Le Château-d'Oléron (par La Cotinière),Du lundi au dimanche et jours fériés,1,09:15,DOLUS-D'OLÉRON,Camping La Cailletière,dolus d'oleron|camping la cailletiere,10:13,
6,Bleue,Chéray,Le Château-d'Oléron (par La Cotinière),Du lundi au dimanche et jours fériés,2,10:45,DOLUS-D'OLÉRON,Camping La Cailletière,dolus d'oleron|camping la cailletiere,11:43,
6,Bleue,Chéray,Le Château-d'Oléron (par La Cotinière),Du lundi au dimanche et jours fériés,3,12:15,DOLUS-D'OLÉRON,Camping La Cailletière,dolus d'oleron|camping la cailletiere,13:13,
6,Bleue,Chéray,Le Château-d'Oléron (par La Cotinière),Du lundi au dimanche et jours fériés,4,13:45,DOLUS-D'OLÉRON,Camping La Cailletière,dolus d'oleron|camping la cailletiere,14:43,
6,Bleue,Chéray,Le Château-d'Oléron (par La Cotinière),Du lundi au dimanche et jours fériés,5,15:15,DOLUS-D'OLÉRON,Camping La Cailletière,dolus d'oleron|camping la cailletiere,16:13,
6,Bleue,Chéray,Le Château-d'Oléron (par La Cotinière),Du lundi au dimanche et jours fériés,6,16:45,DOLUS-D'OLÉRON,Camping La Cailletière,dolus d'oleron|camping la cailletiere,17:43,
6,Bleue,Chéray,Le Château-d'Oléron (par La Cotinière),Du lundi au dimanche et jours fériés,7,18:15,DOLUS-D'OLÉRON,Camping La Cailletière,dolus d'oleron|camping la cailletiere,19:13,
6,Bleue,Chéray,Le Château-d'Oléron (par La Cotinière),Du lundi au dimanche et jours fériés,1,09:15,DOLUS-D'OLÉRON,Camping Ostréa,dolus d'oleron|camping ostrea,10:18,
6,Bleue,Chéray,Le Château-d'Oléron (par La Cotinière),Du lundi au dimanche et jours fériés,2,10:45,DOLUS-D'OLÉRON,Camping Ostréa,dolus d'oleron|camping ostrea,11:48,
6,Bleue,Chéray,Le Château-d'Oléron (par La Cotinière),Du lundi au dimanche et jours fériés,3,12:15,DOLUS-D'OLÉRON,Camping Ostréa,dolus d'oleron|camping ostrea,13:18,
6,Bleue,Chéray,Le Château-d'Oléron (par La Cotinière),Du lundi au dimanche et jours fériés,4,13:45,DOLUS-D'OLÉRON,Camping Ostréa,dolus d'oleron|camping ostrea,14:48,
6,Bleue,Chéray,Le Château-d'Oléron (par La Cotinière),Du lundi au dimanche et jours fériés,5,15:15,DOLUS-D'OLÉRON,Camping Ostréa,dolus d'oleron|camping ostrea,16:18,
6,Bleue,Chéray,Le Château-d'Oléron (par La Cotinière),Du lundi au dimanche et jours fériés,6,16:45,DOLUS-D'OLÉRON,Camping Ostréa,dolus d'oleron|camping ostrea,17:48,
6,Bleue,Chéray,Le Château-d'Oléron (par La Cotinière),Du lundi au dimanche et jours fériés,7,18:15,DOLUS-D'OLÉRON,Camping Ostréa,dolus d'oleron|camping ostrea,19:18,
6,Bleue,Chéray,Le Château-d'Oléron (par La Cotinière),Du lundi au dimanche et jours fériés,1,09:15,LE CHÂTEAU-D'OLÉRON,Camping La Brande,le chateau d'oleron|camping la brande,10:21,
6,Bleue,Chéray,Le Château-d'Oléron (par La Cotinière),Du lundi au dimanche et jours fériés,2,10:45,LE CHÂTEAU-D'OLÉRON,Camping La Brande,le chateau d'oleron|camping la brande,11:51,
6,Bleue,Chéray,Le Château-d'Oléron (par La Cotinière),Du lundi au dimanche et jours fériés,3,12:15,LE CHÂTEAU-D'OLÉRON,Camping La Brande,le chateau d'oleron|camping la brande,13:21,
6,Bleue,Chéray,Le Château-d'Oléron (par La Cotinière),Du lundi au dimanche et jours fériés,4,13:45,LE CHÂTEAU-D'OLÉRON,Camping La Brande,le chateau d'oleron|camping la brande,14:51,
6,Bleue,Chéray,Le Château-d'Oléron (par La Cotinière),Du lundi au dimanche et jours fériés,5,15:15,LE CHÂTEAU-D'OLÉRON,Camping La Brande,le chateau d'oleron|camping la brande,16:21,
6,Bleue,Chéray,Le Château-d'Oléron (par La Cotinière),Du lundi au dimanche et jours fériés,6,16:45,LE CHÂTEAU-D'OLÉRON,Camping La Brande,le chateau d'oleron|camping la brande,17:51,
6,Bleue,Chéray,Le Château-d'Oléron (par La Cotinière),Du lundi au dimanche et jours fériés,7,18:15,LE CHÂTEAU-D'OLÉRON,Camping La Brande,le chateau d'oleron|camping la brande,19:21,
6,Bleue,Chéray,Le Château-d'Oléron (par La Cotinière),Du lundi au dimanche et jours fériés,1,09:15,LE CHÂTEAU-D'OLÉRON,Aire de camping cars,le chateau d'oleron|aire de camping cars,10:24,
6,Bleue,Chéray,Le Château-d'Oléron (par La Cotinière),Du lundi au dimanche et jours fériés,2,10:45,LE CHÂTEAU-D'OLÉRON,Aire de camping cars,le chateau d'oleron|aire de camping cars,11:54,
6,Bleue,Chéray,Le Château-d'Oléron (par La Cotinière),Du lundi au dimanche et jours fériés,3,12:15,LE CHÂTEAU-D'OLÉRON,Aire de camping cars,le chateau d'oleron|aire de camping cars,13:24,
6,Bleue,Chéray,Le Château-d'Oléron (par La Cotinière),Du lundi au dimanche et jours fériés,4,13:45,LE CHÂTEAU-D'OLÉRON,Aire de camping cars,le chateau d'oleron|aire de camping cars,14:54,
6,Bleue,Chéray,Le Château-d'Oléron (par La Cotinière),Du lundi au dimanche et jours fériés,5,15:15,LE CHÂTEAU-D'OLÉRON,Aire de camping cars,le chateau d'oleron|aire de camping cars,16:24,
6,Bleue,Chéray,Le Château-d'Oléron (par La Cotinière),Du lundi au dimanche et jours fériés,6,16:45,LE CHÂTEAU-D'OLÉRON,Aire de camping cars,le chateau d'oleron|aire de camping cars,17:54,
6,Bleue,Chéray,Le Château-d'Oléron (par La Cotinière),Du lundi au dimanche et jours fériés,7,18:15,LE CHÂTEAU-D'OLÉRON,Aire de camping cars,le chateau d'oleron|aire de camping cars,19:24,
6,Bleue,Chéray,Le Château-d'Oléron (par La Cotinière),Du lundi au dimanche et jours fériés,1,09:15,LE CHÂTEAU-D'OLÉRON,Camping Les Remparts,le chateau d'oleron|camping les remparts,10:26,
6,Bleue,Chéray,Le Château-d'Oléron (par La Cotinière),Du lundi au dimanche et jours fériés,2,10:45,LE CHÂTEAU-D'OLÉRON,Camping Les Remparts,le chateau d'oleron|camping les remparts,11:56,
6,Bleue,Chéray,Le Château-d'Oléron (par La Cotinière),Du lundi au dimanche et jours fériés,3,12:15,LE CHÂTEAU-D'OLÉRON,Camping Les Remparts,le chateau d'oleron|camping les remparts,13:26,
6,Bleue,Chéray,Le Château-d'Oléron (par La Cotinière),Du lundi au dimanche et jours fériés,4,13:45,LE CHÂTEAU-D'OLÉRON,Camping Les Remparts,le chateau d'oleron|camping les remparts,14:56,
6,Bleue,Chéray,Le Château-d'Oléron (par La Cotinière),Du lundi au dimanche et jours fériés,5,15:15,LE CHÂTEAU-D'OLÉRON,Camping Les Remparts,le chateau d'oleron|camping les remparts,16:26,
6,Bleue,Chéray,Le Château-d'Oléron (par La Cotinière),Du lundi au dimanche et jours fériés,6,16:45,LE CHÂTEAU-D'OLÉRON,Camping Les Remparts,le chateau d'oleron|camping les remparts,17:56,
6,Bleue,Chéray,Le Château-d'Oléron (par La Cotinière),Du lundi au dimanche et jours fériés,7,18:15,LE CHÂTEAU-D'OLÉRON,Camping Les Remparts,le chateau d'oleron|camping les remparts,19:26,
6,Bleue,Chéray,Le Château-d'Oléron (par La Cotinière),Du lundi au dimanche et jours fériés,1,09:15,LE CHÂTEAU-D'OLÉRON,Camping Au Pigeonnier,le chateau d'oleron|camping au pigeonnier,10:29,
6,Bleue,Chéray,Le Château-d'Oléron (par La Cotinière),Du lundi au dimanche et jours fériés,2,10:45,LE CHÂTEAU-D'OLÉRON,Camping Au Pigeonnier,le chateau d'oleron|camping au pigeonnier,11:59,
6,Bleue,Chéray,Le Château-d'Oléron (par La Cotinière),Du lundi au dimanche et jours fériés,3,12:15,LE CHÂTEAU-D'OLÉRON,Camping Au Pigeonnier,le chateau d'oleron|camping au pigeonnier,13:29,
6,Bleue,Chéray,Le Château-d'Oléron (par La Cotinière),Du lundi au dimanche et jours fériés,4,13:45,LE CHÂTEAU-D'OLÉRON,Camping Au Pigeonnier,le chateau d'oleron|camping au pigeonnier,14:59,
6,Bleue,Chéray,Le Château-d'Oléron (par La Cotinière),Du lundi au dimanche et jours fériés,5,15:15,LE CHÂTEAU-D'OLÉRON,Camping Au Pigeonnier,le chateau d'oleron|camping au pigeonnier,16:29,
6,Bleue,Chéray,Le Château-d'Oléron (par La Cotinière),Du lundi au dimanche et jours fériés,6,16:45,LE CHÂTEAU-D'OLÉRON,Camping Au Pigeonnier,le chateau d'oleron|camping au pigeonnier,17:59,
6,Bleue,Chéray,Le Château-d'Oléron (par La Cotinière),Du lundi au dimanche et jours fériés,7,18:15,LE CHÂTEAU-D'OLÉRON,Camping Au Pigeonnier,le chateau d'oleron|camping au pigeonnier,19:29,
6,Bleue,Chéray,Le Château-d'Oléron (par La Cotinière),Du lundi au dimanche et jours fériés,1,09:15,LE CHÂTEAU-D'OLÉRON,Camping Les Embruns d'Oléron,le chateau d'oleron|camping les embruns d'oleron,10:31,
6,Bleue,Chéray,Le Château-d'Oléron (par La Cotinière),Du lundi au dimanche et jours fériés,2,10:45,LE CHÂTEAU-D'OLÉRON,Camping Les Embruns d'Oléron,le chateau d'oleron|camping les embruns d'oleron,12:01,
6,Bleue,Chéray,Le Château-d'Oléron (par La Cotinière),Du lundi au dimanche et jours fériés,3,12:15,LE CHÂTEAU-D'OLÉRON,Camping Les Embruns d'Oléron,le chateau d'oleron|camping les embruns d'oleron,13:31,
6,Bleue,Chéray,Le Château-d'Oléron (par La Cotinière),Du lundi au dimanche et jours fériés,4,13:45,LE CHÂTEAU-D'OLÉRON,Camping Les Embruns d'Oléron,le chateau d'oleron|camping les embruns d'oleron,15:01,
6,Bleue,Chéray,Le Château-d'Oléron (par La Cotinière),Du lundi au dimanche et jours fériés,5,15:15,LE CHÂTEAU-D'OLÉRON,Camping Les Embruns d'Oléron,le chateau d'oleron|camping les embruns d'oleron,16:31,
6,Bleue,Chéray,Le Château-d'Oléron (par La Cotinière),Du lundi au dimanche et jours fériés,6,16:45,LE CHÂTEAU-D'OLÉRON,Camping Les Embruns d'Oléron,le chateau d'oleron|camping les embruns d'oleron,18:01,
6,Bleue,Chéray,Le Château-d'Oléron (par La Cotinière),Du lundi au dimanche et jours fériés,7,18:15,LE CHÂTEAU-D'OLÉRON,Camping Les Embruns d'Oléron,le chateau d'oleron|camping les embruns d'oleron,19:31,
6,Bleue,Chéray,Le Château-d'Oléron (par La Cotinière),Du lundi au dimanche et jours fériés,1,09:15,LE CHÂTEAU-D'OLÉRON,Porte de Dolus - cité Bastion,le chateau d'oleron|porte de dolus cite bastion,10:33,Correspondance navettes violette et verte
6,Bleue,Chéray,Le Château-d'Oléron (par La Cotinière),Du lundi au dimanche et jours fériés,2,10:45,LE CHÂTEAU-D'OLÉRON,Porte de Dolus - cité Bastion,le chateau d'oleron|porte de dolus cite bastion,12:03,Correspondance navettes violette et verte
6,Bleue,Chéray,Le Château-d'Oléron (par La Cotinière),Du lundi au dimanche et jours fériés,3,12:15,LE CHÂTEAU-D'OLÉRON,Porte de Dolus - cité Bastion,le chateau d'oleron|porte de dolus cite bastion,13:33,Correspondance navettes violette et verte
6,Bleue,Chéray,Le Château-d'Oléron (par La Cotinière),Du lundi au dimanche et jours fériés,4,13:45,LE CHÂTEAU-D'OLÉRON,Porte de Dolus - cité Bastion,le chateau d'oleron|porte de dolus cite bastion,15:03,Correspondance navettes violette et verte
6,Bleue,Chéray,Le Château-d'Oléron (par La Cotinière),Du lundi au dimanche et jours fériés,5,15:15,LE CHÂTEAU-D'OLÉRON,Porte de Dolus - cité Bastion,le chateau d'oleron|porte de dolus cite bastion,16:33,Correspondance navettes violette et verte
6,Bleue,Chéray,Le Château-d'Oléron (par La Cotinière),Du lundi au dimanche et jours fériés,6,16:45,LE CHÂTEAU-D'OLÉRON,Porte de Dolus - cité Bastion,le chateau d'oleron|porte de dolus cite bastion,18:03,Correspondance navettes violette et verte
6,Bleue,Chéray,Le Château-d'Oléron (par La Cotinière),Du lundi au dimanche et jours fériés,7,18:15,LE CHÂTEAU-D'OLÉRON,Porte de Dolus - cité Bastion,le chateau d'oleron|porte de dolus cite bastion,19:33,Correspondance navettes violette et verte
7,Orange,Boyardville,La Cotinière (sens aller),Du lundi au dimanche et jours fériés,1,09:20,SAINT-PIERRE-D'OLÉRON,Fort Royer - Camping le Dauphin,saint pierre d'oleron|fort royer camping le dauphin,09:20,Correspondance navette verte
7,Orange,Boyardville,La Cotinière (sens aller),Du lundi au dimanche et jours fériés,2,10:05,SAINT-PIERRE-D'OLÉRON,Fort Royer - Camping le Dauphin,saint pierre d'oleron|fort royer camping le dauphin,10:05,Correspondance navette verte
7,Orange,Boyardville,La Cotinière (sens aller),Du lundi au dimanche et jours fériés,3,10:50,SAINT-PIERRE-D'OLÉRON,Fort Royer - Camping le Dauphin,saint pierre d'oleron|fort royer camping le dauphin,10:50,Correspondance navette verte
7,Orange,Boyardville,La Cotinière (sens aller),Du lundi au dimanche et jours fériés,4,11:35,SAINT-PIERRE-D'OLÉRON,Fort Royer - Camping le Dauphin,saint pierre d'oleron|fort royer camping le dauphin,11:35,Correspondance navette verte
7,Orange,Boyardville,La Cotinière (sens aller),Du lundi au dimanche et jours fériés,5,12:20,SAINT-PIERRE-D'OLÉRON,Fort Royer - Camping le Dauphin,saint pierre d'oleron|fort royer camping le dauphin,12:20,Correspondance navette verte
7,Orange,Boyardville,La Cotinière (sens aller),Du lundi au dimanche et jours fériés,6,13:05,SAINT-PIERRE-D'OLÉRON,Fort Royer - Camping le Dauphin,saint pierre d'oleron|fort royer camping le dauphin,13:05,Correspondance navette verte
7,Orange,Boyardville,La Cotinière (sens aller),Du lundi au dimanche et jours fériés,7,13:50,SAINT-PIERRE-D'OLÉRON,Fort Royer - Camping le Dauphin,saint pierre d'oleron|fort royer camping le dauphin,13:50,Correspondance navette verte
7,Orange,Boyardville,La Cotinière (sens aller),Du lundi au dimanche et jours fériés,8,14:35,SAINT-PIERRE-D'OLÉRON,Fort Royer - Camping le Dauphin,saint pierre d'oleron|fort royer camping le dauphin,14:35,Correspondance navette verte
7,Orange,Boyardville,La Cotinière (sens aller),Du lundi au dimanche et jours fériés,9,15:20,SAINT-PIERRE-D'OLÉRON,Fort Royer - Camping le Dauphin,saint pierre d'oleron|fort royer camping le dauphin,15:20,Correspondance navette verte
7,Orange,Boyardville,La Cotinière (sens aller),Du lundi au dimanche et jours fériés,10,16:05,SAINT-PIERRE-D'OLÉRON,Fort Royer - Camping le Dauphin,saint pierre d'oleron|fort royer camping le dauphin,16:05,Correspondance navette verte
7,Orange,Boyardville,La Cotinière (sens aller),Du lundi au dimanche et jours fériés,11,16:50,SAINT-PIERRE-D'OLÉRON,Fort Royer - Camping le Dauphin,saint pierre d'oleron|fort royer camping le dauphin,16:50,Correspondance navette verte
7,Orange,Boyardville,La Cotinière (sens aller),Du lundi au dimanche et jours fériés,12,17:35,SAINT-PIERRE-D'OLÉRON,Fort Royer - Camping le Dauphin,saint pierre d'oleron|fort royer camping le dauphin,17:35,Correspondance navette verte
7,Orange,Boyardville,La Cotinière (sens aller),Du lundi au dimanche et jours fériés,13,18:20,SAINT-PIERRE-D'OLÉRON,Fort Royer - Camping le Dauphin,saint pierre d'oleron|fort royer camping le dauphin,18:20,Correspondance navette verte
7,Orange,Boyardville,La Cotinière (sens aller),Du lundi au dimanche et jours fériés,14,19:05,SAINT-PIERRE-D'OLÉRON,Fort Royer - Camping le Dauphin,saint pierre d'oleron|fort royer camping le dauphin,19:05,Correspondance navette verte
7,Orange,Boyardville,La Cotinière (sens aller),Du lundi au dimanche et jours fériés,1,09:20,SAINT-GEORGES-D'OLÉRON,Camping Signol,saint georges d'oleron|camping signol,09:23,
7,Orange,Boyardville,La Cotinière (sens aller),Du lundi au dimanche et jours fériés,2,10:05,SAINT-GEORGES-D'OLÉRON,Camping Signol,saint georges d'oleron|camping signol,10:08,
7,Orange,Boyardville,La Cotinière (sens aller),Du lundi au dimanche et jours fériés,3,10:50,SAINT-GEORGES-D'OLÉRON,Camping Signol,saint georges d'oleron|camping signol,10:53,
7,Orange,Boyardville,La Cotinière (sens aller),Du lundi au dimanche et jours fériés,4,11:35,SAINT-GEORGES-D'OLÉRON,Camping Signol,saint georges d'oleron|camping signol,11:38,
7,Orange,Boyardville,La Cotinière (sens aller),Du lundi au dimanche et jours fériés,5,12:20,SAINT-GEORGES-D'OLÉRON,Camping Signol,saint georges d'oleron|camping signol,12:23,
7,Orange,Boyardville,La Cotinière (sens aller),Du lundi au dimanche et jours fériés,6,13:05,SAINT-GEORGES-D'OLÉRON,Camping Signol,saint georges d'oleron|camping signol,13:08,
7,Orange,Boyardville,La Cotinière (sens aller),Du lundi au dimanche et jours fériés,7,13:50,SAINT-GEORGES-D'OLÉRON,Camping Signol,saint georges d'oleron|camping signol,13:53,
7,Orange,Boyardville,La Cotinière (sens aller),Du lundi au dimanche et jours fériés,8,14:35,SAINT-GEORGES-D'OLÉRON,Camping Signol,saint georges d'oleron|camping signol,14:38,
7,Orange,Boyardville,La Cotinière (sens aller),Du lundi au dimanche et jours fériés,9,15:20,SAINT-GEORGES-D'OLÉRON,Camping Signol,saint georges d'oleron|camping signol,15:23,
7,Orange,Boyardville,La Cotinière (sens aller),Du lundi au dimanche et jours fériés,10,16:05,SAINT-GEORGES-D'OLÉRON,Camping Signol,saint georges d'oleron|camping signol,16:08,
7,Orange,Boyardville,La Cotinière (sens aller),Du lundi au dimanche et jours fériés,11,16:50,SAINT-GEORGES-D'OLÉRON,Camping Signol,saint georges d'oleron|camping signol,16:53,
7,Orange,Boyardville,La Cotinière (sens aller),Du lundi au dimanche et jours fériés,12,17:35,SAINT-GEORGES-D'OLÉRON,Camping Signol,saint georges d'oleron|camping signol,17:38,
7,Orange,Boyardville,La Cotinière (sens aller),Du lundi au dimanche et jours fériés,13,18:20,SAINT-GEORGES-D'OLÉRON,Camping Signol,saint georges d'oleron|camping signol,18:23,
7,Orange,Boyardville,La Cotinière (sens aller),Du lundi au dimanche et jours fériés,14,19:05,SAINT-GEORGES-D'OLÉRON,Camping Signol,saint georges d'oleron|camping signol,19:08,
7,Orange,Boyardville,La Cotinière (sens aller),Du lundi au dimanche et jours fériés,1,09:20,SAINT-GEORGES-D'OLÉRON,Boyardville Parking du chenal,saint georges d'oleron|boyardville parking du chenal,09:26,Embarcadère de la liaison maritime à proximité
7,Orange,Boyardville,La Cotinière (sens aller),Du lundi au dimanche et jours fériés,2,10:05,SAINT-GEORGES-D'OLÉRON,Boyardville Parking du chenal,saint georges d'oleron|boyardville parking du chenal,10:11,Embarcadère de la liaison maritime à proximité
7,Orange,Boyardville,La Cotinière (sens aller),Du lundi au dimanche et jours fériés,3,10:50,SAINT-GEORGES-D'OLÉRON,Boyardville Parking du chenal,saint georges d'oleron|boyardville parking du chenal,10:56,Embarcadère de la liaison maritime à proximité
7,Orange,Boyardville,La Cotinière (sens aller),Du lundi au dimanche et jours fériés,4,11:35,SAINT-GEORGES-D'OLÉRON,Boyardville Parking du chenal,saint georges d'oleron|boyardville parking du chenal,11:41,Embarcadère de la liaison maritime à proximité
7,Orange,Boyardville,La Cotinière (sens aller),Du lundi au dimanche et jours fériés,5,12:20,SAINT-GEORGES-D'OLÉRON,Boyardville Parking du chenal,saint georges d'oleron|boyardville parking du chenal,12:26,Embarcadère de la liaison maritime à proximité
7,Orange,Boyardville,La Cotinière (sens aller),Du lundi au dimanche et jours fériés,6,13:05,SAINT-GEORGES-D'OLÉRON,Boyardville Parking du chenal,saint georges d'oleron|boyardville parking du chenal,13:11,Embarcadère de la liaison maritime à proximité
7,Orange,Boyardville,La Cotinière (sens aller),Du lundi au dimanche et jours fériés,7,13:50,SAINT-GEORGES-D'OLÉRON,Boyardville Parking du chenal,saint georges d'oleron|boyardville parking du chenal,13:56,Embarcadère de la liaison maritime à proximité
7,Orange,Boyardville,La Cotinière (sens aller),Du lundi au dimanche et jours fériés,8,14:35,SAINT-GEORGES-D'OLÉRON,Boyardville Parking du chenal,saint georges d'oleron|boyardville parking du chenal,14:41,Embarcadère de la liaison maritime à proximité
7,Orange,Boyardville,La Cotinière (sens aller),Du lundi au dimanche et jours fériés,9,15:20,SAINT-GEORGES-D'OLÉRON,Boyardville Parking du chenal,saint georges d'oleron|boyardville parking du chenal,15:26,Embarcadère de la liaison maritime à proximité
7,Orange,Boyardville,La Cotinière (sens aller),Du lundi au dimanche et jours fériés,10,16:05,SAINT-GEORGES-D'OLÉRON,Boyardville Parking du chenal,saint georges d'oleron|boyardville parking du chenal,16:11,Embarcadère de la liaison maritime à proximité
7,Orange,Boyardville,La Cotinière (sens aller),Du lundi au dimanche et jours fériés,11,16:50,SAINT-GEORGES-D'OLÉRON,Boyardville Parking du chenal,saint georges d'oleron|boyardville parking du chenal,16:56,Embarcadère de la liaison maritime à proximité
7,Orange,Boyardville,La Cotinière (sens aller),Du lundi au dimanche et jours fériés,12,17:35,SAINT-GEORGES-D'OLÉRON,Boyardville Parking du chenal,saint georges d'oleron|boyardville parking du chenal,17:41,Embarcadère de la liaison maritime à proximité
7,Orange,Boyardville,La Cotinière (sens aller),Du lundi au dimanche et jours fériés,13,18:20,SAINT-GEORGES-D'OLÉRON,Boyardville Parking du chenal,saint georges d'oleron|boyardville parking du chenal,18:26,Embarcadère de la liaison maritime à proximité
7,Orange,Boyardville,La Cotinière (sens aller),Du lundi au dimanche et jours fériés,14,19:05,SAINT-GEORGES-D'OLÉRON,Boyardville Parking du chenal,saint georges d'oleron|boyardville parking du chenal,19:11,Embarcadère de la liaison maritime à proximité
7,Orange,Boyardville,La Cotinière (sens aller),Du lundi au dimanche et jours fériés,1,09:20,SAINT-GEORGES-D'OLÉRON,Boyardville - Plage,saint georges d'oleron|boyardville plage,09:28,
7,Orange,Boyardville,La Cotinière (sens aller),Du lundi au dimanche et jours fériés,2,10:05,SAINT-GEORGES-D'OLÉRON,Boyardville - Plage,saint georges d'oleron|boyardville plage,10:13,
7,Orange,Boyardville,La Cotinière (sens aller),Du lundi au dimanche et jours fériés,3,10:50,SAINT-GEORGES-D'OLÉRON,Boyardville - Plage,saint georges d'oleron|boyardville plage,10:58,
7,Orange,Boyardville,La Cotinière (sens aller),Du lundi au dimanche et jours fériés,4,11:35,SAINT-GEORGES-D'OLÉRON,Boyardville - Plage,saint georges d'oleron|boyardville plage,11:43,
7,Orange,Boyardville,La Cotinière (sens aller),Du lundi au dimanche et jours fériés,5,12:20,SAINT-GEORGES-D'OLÉRON,Boyardville - Plage,saint georges d'oleron|boyardville plage,12:28,
7,Orange,Boyardville,La Cotinière (sens aller),Du lundi au dimanche et jours fériés,6,13:05,SAINT-GEORGES-D'OLÉRON,Boyardville - Plage,saint georges d'oleron|boyardville plage,13:13,
7,Orange,Boyardville,La Cotinière (sens aller),Du lundi au dimanche et jours fériés,7,13:50,SAINT-GEORGES-D'OLÉRON,Boyardville - Plage,saint georges d'oleron|boyardville plage,13:58,
7,Orange,Boyardville,La Cotinière (sens aller),Du lundi au dimanche et jours fériés,8,14:35,SAINT-GEORGES-D'OLÉRON,Boyardville - Plage,saint georges d'oleron|boyardville plage,14:43,
7,Orange,Boyardville,La Cotinière (sens aller),Du lundi au dimanche et jours fériés,9,15:20,SAINT-GEORGES-D'OLÉRON,Boyardville - Plage,saint georges d'oleron|boyardville plage,15:28,
7,Orange,Boyardville,La Cotinière (sens aller),Du lundi au dimanche et jours fériés,10,16:05,SAINT-GEORGES-D'OLÉRON,Boyardville - Plage,saint georges d'oleron|boyardville plage,16:13,
7,Orange,Boyardville,La Cotinière (sens aller),Du lundi au dimanche et jours fériés,11,16:50,SAINT-GEORGES-D'OLÉRON,Boyardville - Plage,saint georges d'oleron|boyardville plage,16:58,
7,Orange,Boyardville,La Cotinière (sens aller),Du lundi au dimanche et jours fériés,12,17:35,SAINT-GEORGES-D'OLÉRON,Boyardville - Plage,saint georges d'oleron|boyardville plage,17:43,
7,Orange,Boyardville,La Cotinière (sens aller),Du lundi au dimanche et jours fériés,13,18:20,SAINT-GEORGES-D'OLÉRON,Boyardville - Plage,saint georges d'oleron|boyardville plage,18:28,
7,Orange,Boyardville,La Cotinière (sens aller),Du lundi au dimanche et jours fériés,14,19:05,SAINT-GEORGES-D'OLÉRON,Boyardville - Plage,saint georges d'oleron|boyardville plage,19:13,
7,Orange,Boyardville,La Cotinière (sens aller),Du lundi au dimanche et jours fériés,1,09:20,SAINT-GEORGES-D'OLÉRON,Sauzelle,saint georges d'oleron|sauzelle,09:35,
7,Orange,Boyardville,La Cotinière (sens aller),Du lundi au dimanche et jours fériés,2,10:05,SAINT-GEORGES-D'OLÉRON,Sauzelle,saint georges d'oleron|sauzelle,10:20,
7,Orange,Boyardville,La Cotinière (sens aller),Du lundi au dimanche et jours fériés,3,10:50,SAINT-GEORGES-D'OLÉRON,Sauzelle,saint georges d'oleron|sauzelle,11:05,
7,Orange,Boyardville,La Cotinière (sens aller),Du lundi au dimanche et jours fériés,4,11:35,SAINT-GEORGES-D'OLÉRON,Sauzelle,saint georges d'oleron|sauzelle,11:50,
7,Orange,Boyardville,La Cotinière (sens aller),Du lundi au dimanche et jours fériés,5,12:20,SAINT-GEORGES-D'OLÉRON,Sauzelle,saint georges d'oleron|sauzelle,12:35,
7,Orange,Boyardville,La Cotinière (sens aller),Du lundi au dimanche et jours fériés,6,13:05,SAINT-GEORGES-D'OLÉRON,Sauzelle,saint georges d'oleron|sauzelle,13:20,
7,Orange,Boyardville,La Cotinière (sens aller),Du lundi au dimanche et jours fériés,7,13:50,SAINT-GEORGES-D'OLÉRON,Sauzelle,saint georges d'oleron|sauzelle,14:05,
7,Orange,Boyardville,La Cotinière (sens aller),Du lundi au dimanche et jours fériés,8,14:35,SAINT-GEORGES-D'OLÉRON,Sauzelle,saint georges d'oleron|sauzelle,14:50,
7,Orange,Boyardville,La Cotinière (sens aller),Du lundi au dimanche et jours fériés,9,15:20,SAINT-GEORGES-D'OLÉRON,Sauzelle,saint georges d'oleron|sauzelle,15:35,
7,Orange,Boyardville,La Cotinière (sens aller),Du lundi au dimanche et jours fériés,10,16:05,SAINT-GEORGES-D'OLÉRON,Sauzelle,saint georges d'oleron|sauzelle,16:20,
7,Orange,Boyardville,La Cotinière (sens aller),Du lundi au dimanche et jours fériés,11,16:50,SAINT-GEORGES-D'OLÉRON,Sauzelle,saint georges d'oleron|sauzelle,17:05,
7,Orange,Boyardville,La Cotinière (sens aller),Du lundi au dimanche et jours fériés,12,17:35,SAINT-GEORGES-D'OLÉRON,Sauzelle,saint georges d'oleron|sauzelle,17:50,
7,Orange,Boyardville,La Cotinière (sens aller),Du lundi au dimanche et jours fériés,13,18:20,SAINT-GEORGES-D'OLÉRON,Sauzelle,saint georges d'oleron|sauzelle,18:35,
7,Orange,Boyardville,La Cotinière (sens aller),Du lundi au dimanche et jours fériés,14,19:05,SAINT-GEORGES-D'OLÉRON,Sauzelle,saint georges d'oleron|sauzelle,19:20,
7,Orange,Boyardville,La Cotinière (sens aller),Du lundi au dimanche et jours fériés,1,09:20,SAINT-GEORGES-D'OLÉRON,Camping Oléron Loisirs,saint georges d'oleron|camping oleron loisirs,09:38,
7,Orange,Boyardville,La Cotinière (sens aller),Du lundi au dimanche et jours fériés,2,10:05,SAINT-GEORGES-D'OLÉRON,Camping Oléron Loisirs,saint georges d'oleron|camping oleron loisirs,10:23,
7,Orange,Boyardville,La Cotinière (sens aller),Du lundi au dimanche et jours fériés,3,10:50,SAINT-GEORGES-D'OLÉRON,Camping Oléron Loisirs,saint georges d'oleron|camping oleron loisirs,11:08,
7,Orange,Boyardville,La Cotinière (sens aller),Du lundi au dimanche et jours fériés,4,11:35,SAINT-GEORGES-D'OLÉRON,Camping Oléron Loisirs,saint georges d'oleron|camping oleron loisirs,11:53,
7,Orange,Boyardville,La Cotinière (sens aller),Du lundi au dimanche et jours fériés,5,12:20,SAINT-GEORGES-D'OLÉRON,Camping Oléron Loisirs,saint georges d'oleron|camping oleron loisirs,12:38,
7,Orange,Boyardville,La Cotinière (sens aller),Du lundi au dimanche et jours fériés,6,13:05,SAINT-GEORGES-D'OLÉRON,Camping Oléron Loisirs,saint georges d'oleron|camping oleron loisirs,13:23,
7,Orange,Boyardville,La Cotinière (sens aller),Du lundi au dimanche et jours fériés,7,13:50,SAINT-GEORGES-D'OLÉRON,Camping Oléron Loisirs,saint georges d'oleron|camping oleron loisirs,14:08,
7,Orange,Boyardville,La Cotinière (sens aller),Du lundi au dimanche et jours fériés,8,14:35,SAINT-GEORGES-D'OLÉRON,Camping Oléron Loisirs,saint georges d'oleron|camping oleron loisirs,14:53,
7,Orange,Boyardville,La Cotinière (sens aller),Du lundi au dimanche et jours fériés,9,15:20,SAINT-GEORGES-D'OLÉRON,Camping Oléron Loisirs,saint georges d'oleron|camping oleron loisirs,15:38,
7,Orange,Boyardville,La Cotinière (sens aller),Du lundi au dimanche et jours fériés,10,16:05,SAINT-GEORGES-D'OLÉRON,Camping Oléron Loisirs,saint georges d'oleron|camping oleron loisirs,16:23,
7,Orange,Boyardville,La Cotinière (sens aller),Du lundi au dimanche et jours fériés,11,16:50,SAINT-GEORGES-D'OLÉRON,Camping Oléron Loisirs,saint georges d'oleron|camping oleron loisirs,17:08,
7,Orange,Boyardville,La Cotinière (sens aller),Du lundi au dimanche et jours fériés,12,17:35,SAINT-GEORGES-D'OLÉRON,Camping Oléron Loisirs,saint georges d'oleron|camping oleron loisirs,17:53,
7,Orange,Boyardville,La Cotinière (sens aller),Du lundi au dimanche et jours fériés,13,18:20,SAINT-GEORGES-D'OLÉRON,Camping Oléron Loisirs,saint georges d'oleron|camping oleron loisirs,18:38,
7,Orange,Boyardville,La Cotinière (sens aller),Du lundi au dimanche et jours fériés,14,19:05,SAINT-GEORGES-D'OLÉRON,Camping Oléron Loisirs,saint georges d'oleron|camping oleron loisirs,19:23,
7,Orange,Boyardville,La Cotinière (sens aller),Du lundi au dimanche et jours fériés,1,09:20,SAINT-GEORGES-D'OLÉRON,Camping Verébleu,saint georges d'oleron|camping verebleu,09:39,
7,Orange,Boyardville,La Cotinière (sens aller),Du lundi au dimanche et jours fériés,2,10:05,SAINT-GEORGES-D'OLÉRON,Camping Verébleu,saint georges d'oleron|camping verebleu,10:24,
7,Orange,Boyardville,La Cotinière (sens aller),Du lundi au dimanche et jours fériés,3,10:50,SAINT-GEORGES-D'OLÉRON,Camping Verébleu,saint georges d'oleron|camping verebleu,11:09,
7,Orange,Boyardville,La Cotinière (sens aller),Du lundi au dimanche et jours fériés,4,11:35,SAINT-GEORGES-D'OLÉRON,Camping Verébleu,saint georges d'oleron|camping verebleu,11:54,
7,Orange,Boyardville,La Cotinière (sens aller),Du lundi au dimanche et jours fériés,5,12:20,SAINT-GEORGES-D'OLÉRON,Camping Verébleu,saint georges d'oleron|camping verebleu,12:39,
7,Orange,Boyardville,La Cotinière (sens aller),Du lundi au dimanche et jours fériés,6,13:05,SAINT-GEORGES-D'OLÉRON,Camping Verébleu,saint georges d'oleron|camping verebleu,13:24,
7,Orange,Boyardville,La Cotinière (sens aller),Du lundi au dimanche et jours fériés,7,13:50,SAINT-GEORGES-D'OLÉRON,Camping Verébleu,saint georges d'oleron|camping verebleu,14:09,
7,Orange,Boyardville,La Cotinière (sens aller),Du lundi au dimanche et jours fériés,8,14:35,SAINT-GEORGES-D'OLÉRON,Camping Verébleu,saint georges d'oleron|camping verebleu,14:54,
7,Orange,Boyardville,La Cotinière (sens aller),Du lundi au dimanche et jours fériés,9,15:20,SAINT-GEORGES-D'OLÉRON,Camping Verébleu,saint georges d'oleron|camping verebleu,15:39,
7,Orange,Boyardville,La Cotinière (sens aller),Du lundi au dimanche et jours fériés,10,16:05,SAINT-GEORGES-D'OLÉRON,Camping Verébleu,saint georges d'oleron|camping verebleu,16:24,
7,Orange,Boyardville,La Cotinière (sens aller),Du lundi au dimanche et jours fériés,11,16:50,SAINT-GEORGES-D'OLÉRON,Camping Verébleu,saint georges d'oleron|camping verebleu,17:09,
7,Orange,Boyardville,La Cotinière (sens aller),Du lundi au dimanche et jours fériés,12,17:35,SAINT-GEORGES-D'OLÉRON,Camping Verébleu,saint georges d'oleron|camping verebleu,17:54,
7,Orange,Boyardville,La Cotinière (sens aller),Du lundi au dimanche et jours fériés,13,18:20,SAINT-GEORGES-D'OLÉRON,Camping Verébleu,saint georges d'oleron|camping verebleu,18:39,
7,Orange,Boyardville,La Cotinière (sens aller),Du lundi au dimanche et jours fériés,14,19:05,SAINT-GEORGES-D'OLÉRON,Camping Verébleu,saint georges d'oleron|camping verebleu,19:24,
7,Orange,Boyardville,La Cotinière (sens aller),Du lundi au dimanche et jours fériés,1,09:20,SAINT-GEORGES-D'OLÉRON,Camping Chadotel le Domaine d'Oléron,saint georges d'oleron|camping chadotel le domaine d'oleron,09:40,
7,Orange,Boyardville,La Cotinière (sens aller),Du lundi au dimanche et jours fériés,2,10:05,SAINT-GEORGES-D'OLÉRON,Camping Chadotel le Domaine d'Oléron,saint georges d'oleron|camping chadotel le domaine d'oleron,10:25,
7,Orange,Boyardville,La Cotinière (sens aller),Du lundi au dimanche et jours fériés,3,10:50,SAINT-GEORGES-D'OLÉRON,Camping Chadotel le Domaine d'Oléron,saint georges d'oleron|camping chadotel le domaine d'oleron,11:10,
7,Orange,Boyardville,La Cotinière (sens aller),Du lundi au dimanche et jours fériés,4,11:35,SAINT-GEORGES-D'OLÉRON,Camping Chadotel le Domaine d'Oléron,saint georges d'oleron|camping chadotel le domaine d'oleron,11:55,
7,Orange,Boyardville,La Cotinière (sens aller),Du lundi au dimanche et jours fériés,5,12:20,SAINT-GEORGES-D'OLÉRON,Camping Chadotel le Domaine d'Oléron,saint georges d'oleron|camping chadotel le domaine d'oleron,12:40,
7,Orange,Boyardville,La Cotinière (sens aller),Du lundi au dimanche et jours fériés,6,13:05,SAINT-GEORGES-D'OLÉRON,Camping Chadotel le Domaine d'Oléron,saint georges d'oleron|camping chadotel le domaine d'oleron,13:25,
7,Orange,Boyardville,La Cotinière (sens aller),Du lundi au dimanche et jours fériés,7,13:50,SAINT-GEORGES-D'OLÉRON,Camping Chadotel le Domaine d'Oléron,saint georges d'oleron|camping chadotel le domaine d'oleron,14:10,
7,Orange,Boyardville,La Cotinière (sens aller),Du lundi au dimanche et jours fériés,8,14:35,SAINT-GEORGES-D'OLÉRON,Camping Chadotel le Domaine d'Oléron,saint georges d'oleron|camping chadotel le domaine d'oleron,14:55,
7,Orange,Boyardville,La Cotinière (sens aller),Du lundi au dimanche et jours fériés,9,15:20,SAINT-GEORGES-D'OLÉRON,Camping Chadotel le Domaine d'Oléron,saint georges d'oleron|camping chadotel le domaine d'oleron,15:40,
7,Orange,Boyardville,La Cotinière (sens aller),Du lundi au dimanche et jours fériés,10,16:05,SAINT-GEORGES-D'OLÉRON,Camping Chadotel le Domaine d'Oléron,saint georges d'oleron|camping chadotel le domaine d'oleron,16:25,
7,Orange,Boyardville,La Cotinière (sens aller),Du lundi au dimanche et jours fériés,11,16:50,SAINT-GEORGES-D'OLÉRON,Camping Chadotel le Domaine d'Oléron,saint georges d'oleron|camping chadotel le domaine d'oleron,17:10,
7,Orange,Boyardville,La Cotinière (sens aller),Du lundi au dimanche et jours fériés,12,17:35,SAINT-GEORGES-D'OLÉRON,Camping Chadotel le Domaine d'Oléron,saint georges d'oleron|camping chadotel le domaine d'oleron,17:55,
7,Orange,Boyardville,La Cotinière (sens aller),Du lundi au dimanche et jours fériés,13,18:20,SAINT-GEORGES-D'OLÉRON,Camping Chadotel le Domaine d'Oléron,saint georges d'oleron|camping chadotel le domaine d'oleron,18:40,
7,Orange,Boyardville,La Cotinière (sens aller),Du lundi au dimanche et jours fériés,14,19:05,SAINT-GEORGES-D'OLÉRON,Camping Chadotel le Domaine d'Oléron,saint georges d'oleron|camping chadotel le domaine d'oleron,19:25,
7,Orange,Boyardville,La Cotinière (sens aller),Du lundi au dimanche et jours fériés,1,09:20,SAINT-PIERRE-D'OLÉRON,Marché,saint pierre d'oleron|marche,09:45,
7,Orange,Boyardville,La Cotinière (sens aller),Du lundi au dimanche et jours fériés,2,10:05,SAINT-PIERRE-D'OLÉRON,Marché,saint pierre d'oleron|marche,10:30,
7,Orange,Boyardville,La Cotinière (sens aller),Du lundi au dimanche et jours fériés,3,10:50,SAINT-PIERRE-D'OLÉRON,Marché,saint pierre d'oleron|marche,11:15,
7,Orange,Boyardville,La Cotinière (sens aller),Du lundi au dimanche et jours fériés,4,11:35,SAINT-PIERRE-D'OLÉRON,Marché,saint pierre d'oleron|marche,12:00,
7,Orange,Boyardville,La Cotinière (sens aller),Du lundi au dimanche et jours fériés,5,12:20,SAINT-PIERRE-D'OLÉRON,Marché,saint pierre d'oleron|marche,12:45,
7,Orange,Boyardville,La Cotinière (sens aller),Du lundi au dimanche et jours fériés,6,13:05,SAINT-PIERRE-D'OLÉRON,Marché,saint pierre d'oleron|marche,13:30,
7,Orange,Boyardville,La Cotinière (sens aller),Du lundi au dimanche et jours fériés,7,13:50,SAINT-PIERRE-D'OLÉRON,Marché,saint pierre d'oleron|marche,14:15,
7,Orange,Boyardville,La Cotinière (sens aller),Du lundi au dimanche et jours fériés,8,14:35,SAINT-PIERRE-D'OLÉRON,Marché,saint pierre d'oleron|marche,15:00,
7,Orange,Boyardville,La Cotinière (sens aller),Du lundi au dimanche et jours fériés,9,15:20,SAINT-PIERRE-D'OLÉRON,Marché,saint pierre d'oleron|marche,15:45,
7,Orange,Boyardville,La Cotinière (sens aller),Du lundi au dimanche et jours fériés,10,16:05,SAINT-PIERRE-D'OLÉRON,Marché,saint pierre d'oleron|marche,16:30,
7,Orange,Boyardville,La Cotinière (sens aller),Du lundi au dimanche et jours fériés,11,16:50,SAINT-PIERRE-D'OLÉRON,Marché,saint pierre d'oleron|marche,17:15,
7,Orange,Boyardville,La Cotinière (sens aller),Du lundi au dimanche et jours fériés,12,17:35,SAINT-PIERRE-D'OLÉRON,Marché,saint pierre d'oleron|marche,18:00,
7,Orange,Boyardville,La Cotinière (sens aller),Du lundi au dimanche et jours fériés,13,18:20,SAINT-PIERRE-D'OLÉRON,Marché,saint pierre d'oleron|marche,18:45,
7,Orange,Boyardville,La Cotinière (sens aller),Du lundi au dimanche et jours fériés,14,19:05,SAINT-PIERRE-D'OLÉRON,Marché,saint pierre d'oleron|marche,19:30,
7,Orange,Boyardville,La Cotinière (sens aller),Du lundi au dimanche et jours fériés,1,09:20,SAINT-PIERRE-D'OLÉRON,Gare Routière,saint pierre d'oleron|gare routiere,09:47,
7,Orange,Boyardville,La Cotinière (sens aller),Du lundi au dimanche et jours fériés,2,10:05,SAINT-PIERRE-D'OLÉRON,Gare Routière,saint pierre d'oleron|gare routiere,10:32,
7,Orange,Boyardville,La Cotinière (sens aller),Du lundi au dimanche et jours fériés,3,10:50,SAINT-PIERRE-D'OLÉRON,Gare Routière,saint pierre d'oleron|gare routiere,11:17,
7,Orange,Boyardville,La Cotinière (sens aller),Du lundi au dimanche et jours fériés,4,11:35,SAINT-PIERRE-D'OLÉRON,Gare Routière,saint pierre d'oleron|gare routiere,12:02,
7,Orange,Boyardville,La Cotinière (sens aller),Du lundi au dimanche et jours fériés,5,12:20,SAINT-PIERRE-D'OLÉRON,Gare Routière,saint pierre d'oleron|gare routiere,12:47,
7,Orange,Boyardville,La Cotinière (sens aller),Du lundi au dimanche et jours fériés,6,13:05,SAINT-PIERRE-D'OLÉRON,Gare Routière,saint pierre d'oleron|gare routiere,13:32,
7,Orange,Boyardville,La Cotinière (sens aller),Du lundi au dimanche et jours fériés,7,13:50,SAINT-PIERRE-D'OLÉRON,Gare Routière,saint pierre d'oleron|gare routiere,14:17,
7,Orange,Boyardville,La Cotinière (sens aller),Du lundi au dimanche et jours fériés,8,14:35,SAINT-PIERRE-D'OLÉRON,Gare Routière,saint pierre d'oleron|gare routiere,15:02,
7,Orange,Boyardville,La Cotinière (sens aller),Du lundi au dimanche et jours fériés,9,15:20,SAINT-PIERRE-D'OLÉRON,Gare Routière,saint pierre d'oleron|gare routiere,15:47,
7,Orange,Boyardville,La Cotinière (sens aller),Du lundi au dimanche et jours fériés,10,16:05,SAINT-PIERRE-D'OLÉRON,Gare Routière,saint pierre d'oleron|gare routiere,16:32,
7,Orange,Boyardville,La Cotinière (sens aller),Du lundi au dimanche et jours fériés,11,16:50,SAINT-PIERRE-D'OLÉRON,Gare Routière,saint pierre d'oleron|gare routiere,17:17,
7,Orange,Boyardville,La Cotinière (sens aller),Du lundi au dimanche et jours fériés,12,17:35,SAINT-PIERRE-D'OLÉRON,Gare Routière,saint pierre d'oleron|gare routiere,18:02,
7,Orange,Boyardville,La Cotinière (sens aller),Du lundi au dimanche et jours fériés,13,18:20,SAINT-PIERRE-D'OLÉRON,Gare Routière,saint pierre d'oleron|gare routiere,18:47,
7,Orange,Boyardville,La Cotinière (sens aller),Du lundi au dimanche et jours fériés,14,19:05,SAINT-PIERRE-D'OLÉRON,Gare Routière,saint pierre d'oleron|gare routiere,19:32,
7,Orange,Boyardville,La Cotinière (sens aller),Du lundi au dimanche et jours fériés,1,09:20,SAINT-PIERRE-D'OLÉRON,La Cotinière Châteliers,saint pierre d'oleron|la cotiniere chateliers,09:53,
7,Orange,Boyardville,La Cotinière (sens aller),Du lundi au dimanche et jours fériés,2,10:05,SAINT-PIERRE-D'OLÉRON,La Cotinière Châteliers,saint pierre d'oleron|la cotiniere chateliers,10:38,
7,Orange,Boyardville,La Cotinière (sens aller),Du lundi au dimanche et jours fériés,3,10:50,SAINT-PIERRE-D'OLÉRON,La Cotinière Châteliers,saint pierre d'oleron|la cotiniere chateliers,11:23,
7,Orange,Boyardville,La Cotinière (sens aller),Du lundi au dimanche et jours fériés,4,11:35,SAINT-PIERRE-D'OLÉRON,La Cotinière Châteliers,saint pierre d'oleron|la cotiniere chateliers,12:08,
7,Orange,Boyardville,La Cotinière (sens aller),Du lundi au dimanche et jours fériés,5,12:20,SAINT-PIERRE-D'OLÉRON,La Cotinière Châteliers,saint pierre d'oleron|la cotiniere chateliers,12:53,
7,Orange,Boyardville,La Cotinière (sens aller),Du lundi au dimanche et jours fériés,6,13:05,SAINT-PIERRE-D'OLÉRON,La Cotinière Châteliers,saint pierre d'oleron|la cotiniere chateliers,13:38,
7,Orange,Boyardville,La Cotinière (sens aller),Du lundi au dimanche et jours fériés,7,13:50,SAINT-PIERRE-D'OLÉRON,La Cotinière Châteliers,saint pierre d'oleron|la cotiniere chateliers,14:23,
7,Orange,Boyardville,La Cotinière (sens aller),Du lundi au dimanche et jours fériés,8,14:35,SAINT-PIERRE-D'OLÉRON,La Cotinière Châteliers,saint pierre d'oleron|la cotiniere chateliers,15:08,
7,Orange,Boyardville,La Cotinière (sens aller),Du lundi au dimanche et jours fériés,9,15:20,SAINT-PIERRE-D'OLÉRON,La Cotinière Châteliers,saint pierre d'oleron|la cotiniere chateliers,15:53,
7,Orange,Boyardville,La Cotinière (sens aller),Du lundi au dimanche et jours fériés,10,16:05,SAINT-PIERRE-D'OLÉRON,La Cotinière Châteliers,saint pierre d'oleron|la cotiniere chateliers,16:38,
7,Orange,Boyardville,La Cotinière (sens aller),Du lundi au dimanche et jours fériés,11,16:50,SAINT-PIERRE-D'OLÉRON,La Cotinière Châteliers,saint pierre d'oleron|la cotiniere chateliers,17:23,
7,Orange,Boyardville,La Cotinière (sens aller),Du lundi au dimanche et jours fériés,12,17:35,SAINT-PIERRE-D'OLÉRON,La Cotinière Châteliers,saint pierre d'oleron|la cotiniere chateliers,18:08,
7,Orange,Boyardville,La Cotinière (sens aller),Du lundi au dimanche et jours fériés,13,18:20,SAINT-PIERRE-D'OLÉRON,La Cotinière Châteliers,saint pierre d'oleron|la cotiniere chateliers,18:53,
7,Orange,Boyardville,La Cotinière (sens aller),Du lundi au dimanche et jours fériés,14,19:05,SAINT-PIERRE-D'OLÉRON,La Cotinière Châteliers,saint pierre d'oleron|la cotiniere chateliers,19:38,
7,Orange,Boyardville,La Cotinière (sens aller),Du lundi au dimanche et jours fériés,1,09:20,SAINT-PIERRE-D'OLÉRON,La Cotinière - Le Port,saint pierre d'oleron|la cotiniere le port,10:00,Correspondance navette bleue
7,Orange,Boyardville,La Cotinière (sens aller),Du lundi au dimanche et jours fériés,2,10:05,SAINT-PIERRE-D'OLÉRON,La Cotinière - Le Port,saint pierre d'oleron|la cotiniere le port,10:45,Correspondance navette bleue
7,Orange,Boyardville,La Cotinière (sens aller),Du lundi au dimanche et jours fériés,3,10:50,SAINT-PIERRE-D'OLÉRON,La Cotinière - Le Port,saint pierre d'oleron|la cotiniere le port,11:30,Correspondance navette bleue
7,Orange,Boyardville,La Cotinière (sens aller),Du lundi au dimanche et jours fériés,4,11:35,SAINT-PIERRE-D'OLÉRON,La Cotinière - Le Port,saint pierre d'oleron|la cotiniere le port,12:15,Correspondance navette bleue
7,Orange,Boyardville,La Cotinière (sens aller),Du lundi au dimanche et jours fériés,5,12:20,SAINT-PIERRE-D'OLÉRON,La Cotinière - Le Port,saint pierre d'oleron|la cotiniere le port,13:00,Correspondance navette bleue
7,Orange,Boyardville,La Cotinière (sens aller),Du lundi au dimanche et jours fériés,6,13:05,SAINT-PIERRE-D'OLÉRON,La Cotinière - Le Port,saint pierre d'oleron|la cotiniere le port,13:45,Correspondance navette bleue
7,Orange,Boyardville,La Cotinière (sens aller),Du lundi au dimanche et jours fériés,7,13:50,SAINT-PIERRE-D'OLÉRON,La Cotinière - Le Port,saint pierre d'oleron|la cotiniere le port,14:30,Correspondance navette bleue
7,Orange,Boyardville,La Cotinière (sens aller),Du lundi au dimanche et jours fériés,8,14:35,SAINT-PIERRE-D'OLÉRON,La Cotinière - Le Port,saint pierre d'oleron|la cotiniere le port,15:15,Correspondance navette bleue
7,Orange,Boyardville,La Cotinière (sens aller),Du lundi au dimanche et jours fériés,9,15:20,SAINT-PIERRE-D'OLÉRON,La Cotinière - Le Port,saint pierre d'oleron|la cotiniere le port,16:00,Correspondance navette bleue
7,Orange,Boyardville,La Cotinière (sens aller),Du lundi au dimanche et jours fériés,10,16:05,SAINT-PIERRE-D'OLÉRON,La Cotinière - Le Port,saint pierre d'oleron|la cotiniere le port,16:45,Correspondance navette bleue
7,Orange,Boyardville,La Cotinière (sens aller),Du lundi au dimanche et jours fériés,11,16:50,SAINT-PIERRE-D'OLÉRON,La Cotinière - Le Port,saint pierre d'oleron|la cotiniere le port,17:30,Correspondance navette bleue
7,Orange,Boyardville,La Cotinière (sens aller),Du lundi au dimanche et jours fériés,12,17:35,SAINT-PIERRE-D'OLÉRON,La Cotinière - Le Port,saint pierre d'oleron|la cotiniere le port,18:15,Correspondance navette bleue
7,Orange,Boyardville,La Cotinière (sens aller),Du lundi au dimanche et jours fériés,13,18:20,SAINT-PIERRE-D'OLÉRON,La Cotinière - Le Port,saint pierre d'oleron|la cotiniere le port,19:00,Correspondance navette bleue
7,Orange,Boyardville,La Cotinière (sens aller),Du lundi au dimanche et jours fériés,14,19:05,SAINT-PIERRE-D'OLÉRON,La Cotinière - Le Port,saint pierre d'oleron|la cotiniere le port,19:45,Correspondance navette bleue
8,Orange,La Cotinière,Boyardville (sens retour),Du lundi au dimanche et jours fériés,1,09:20,SAINT-PIERRE-D'OLÉRON,La Cotinière - Le Port,saint pierre d'oleron|la cotiniere le port,09:20,Correspondance navette bleue
8,Orange,La Cotinière,Boyardville (sens retour),Du lundi au dimanche et jours fériés,2,10:05,SAINT-PIERRE-D'OLÉRON,La Cotinière - Le Port,saint pierre d'oleron|la cotiniere le port,10:05,Correspondance navette bleue
8,Orange,La Cotinière,Boyardville (sens retour),Du lundi au dimanche et jours fériés,3,10:50,SAINT-PIERRE-D'OLÉRON,La Cotinière - Le Port,saint pierre d'oleron|la cotiniere le port,10:50,Correspondance navette bleue
8,Orange,La Cotinière,Boyardville (sens retour),Du lundi au dimanche et jours fériés,4,11:35,SAINT-PIERRE-D'OLÉRON,La Cotinière - Le Port,saint pierre d'oleron|la cotiniere le port,11:35,Correspondance navette bleue
8,Orange,La Cotinière,Boyardville (sens retour),Du lundi au dimanche et jours fériés,5,12:20,SAINT-PIERRE-D'OLÉRON,La Cotinière - Le Port,saint pierre d'oleron|la cotiniere le port,12:20,Correspondance navette bleue
8,Orange,La Cotinière,Boyardville (sens retour),Du lundi au dimanche et jours fériés,6,13:05,SAINT-PIERRE-D'OLÉRON,La Cotinière - Le Port,saint pierre d'oleron|la cotiniere le port,13:05,Correspondance navette bleue
8,Orange,La Cotinière,Boyardville (sens retour),Du lundi au dimanche et jours fériés,7,13:50,SAINT-PIERRE-D'OLÉRON,La Cotinière - Le Port,saint pierre d'oleron|la cotiniere le port,13:50,Correspondance navette bleue
8,Orange,La Cotinière,Boyardville (sens retour),Du lundi au dimanche et jours fériés,8,14:35,SAINT-PIERRE-D'OLÉRON,La Cotinière - Le Port,saint pierre d'oleron|la cotiniere le port,14:35,Correspondance navette bleue
8,Orange,La Cotinière,Boyardville (sens retour),Du lundi au dimanche et jours fériés,9,15:20,SAINT-PIERRE-D'OLÉRON,La Cotinière - Le Port,saint pierre d'oleron|la cotiniere le port,15:20,Correspondance navette bleue
8,Orange,La Cotinière,Boyardville (sens retour),Du lundi au dimanche et jours fériés,10,16:05,SAINT-PIERRE-D'OLÉRON,La Cotinière - Le Port,saint pierre d'oleron|la cotiniere le port,16:05,Correspondance navette bleue
8,Orange,La Cotinière,Boyardville (sens retour),Du lundi au dimanche et jours fériés,11,16:50,SAINT-PIERRE-D'OLÉRON,La Cotinière - Le Port,saint pierre d'oleron|la cotiniere le port,16:50,Correspondance navette bleue
8,Orange,La Cotinière,Boyardville (sens retour),Du lundi au dimanche et jours fériés,12,17:35,SAINT-PIERRE-D'OLÉRON,La Cotinière - Le Port,saint pierre d'oleron|la cotiniere le port,17:35,Correspondance navette bleue
8,Orange,La Cotinière,Boyardville (sens retour),Du lundi au dimanche et jours fériés,13,18:20,SAINT-PIERRE-D'OLÉRON,La Cotinière - Le Port,saint pierre d'oleron|la cotiniere le port,18:20,Correspondance navette bleue
8,Orange,La Cotinière,Boyardville (sens retour),Du lundi au dimanche et jours fériés,14,19:05,SAINT-PIERRE-D'OLÉRON,La Cotinière - Le Port,saint pierre d'oleron|la cotiniere le port,19:05,Correspondance navette bleue
8,Orange,La Cotinière,Boyardville (sens retour),Du lundi au dimanche et jours fériés,1,09:20,SAINT-PIERRE-D'OLÉRON,Hotel Océane,saint pierre d'oleron|hotel oceane,09:21,
8,Orange,La Cotinière,Boyardville (sens retour),Du lundi au dimanche et jours fériés,2,10:05,SAINT-PIERRE-D'OLÉRON,Hotel Océane,saint pierre d'oleron|hotel oceane,10:06,
8,Orange,La Cotinière,Boyardville (sens retour),Du lundi au dimanche et jours fériés,3,10:50,SAINT-PIERRE-D'OLÉRON,Hotel Océane,saint pierre d'oleron|hotel oceane,10:51,
8,Orange,La Cotinière,Boyardville (sens retour),Du lundi au dimanche et jours fériés,4,11:35,SAINT-PIERRE-D'OLÉRON,Hotel Océane,saint pierre d'oleron|hotel oceane,11:36,
8,Orange,La Cotinière,Boyardville (sens retour),Du lundi au dimanche et jours fériés,5,12:20,SAINT-PIERRE-D'OLÉRON,Hotel Océane,saint pierre d'oleron|hotel oceane,12:21,
8,Orange,La Cotinière,Boyardville (sens retour),Du lundi au dimanche et jours fériés,6,13:05,SAINT-PIERRE-D'OLÉRON,Hotel Océane,saint pierre d'oleron|hotel oceane,13:06,
8,Orange,La Cotinière,Boyardville (sens retour),Du lundi au dimanche et jours fériés,7,13:50,SAINT-PIERRE-D'OLÉRON,Hotel Océane,saint pierre d'oleron|hotel oceane,13:51,
8,Orange,La Cotinière,Boyardville (sens retour),Du lundi au dimanche et jours fériés,8,14:35,SAINT-PIERRE-D'OLÉRON,Hotel Océane,saint pierre d'oleron|hotel oceane,14:36,
8,Orange,La Cotinière,Boyardville (sens retour),Du lundi au dimanche et jours fériés,9,15:20,SAINT-PIERRE-D'OLÉRON,Hotel Océane,saint pierre d'oleron|hotel oceane,15:21,
8,Orange,La Cotinière,Boyardville (sens retour),Du lundi au dimanche et jours fériés,10,16:05,SAINT-PIERRE-D'OLÉRON,Hotel Océane,saint pierre d'oleron|hotel oceane,16:06,
8,Orange,La Cotinière,Boyardville (sens retour),Du lundi au dimanche et jours fériés,11,16:50,SAINT-PIERRE-D'OLÉRON,Hotel Océane,saint pierre d'oleron|hotel oceane,16:51,
8,Orange,La Cotinière,Boyardville (sens retour),Du lundi au dimanche et jours fériés,12,17:35,SAINT-PIERRE-D'OLÉRON,Hotel Océane,saint pierre d'oleron|hotel oceane,17:36,
8,Orange,La Cotinière,Boyardville (sens retour),Du lundi au dimanche et jours fériés,13,18:20,SAINT-PIERRE-D'OLÉRON,Hotel Océane,saint pierre d'oleron|hotel oceane,18:21,
8,Orange,La Cotinière,Boyardville (sens retour),Du lundi au dimanche et jours fériés,14,19:05,SAINT-PIERRE-D'OLÉRON,Hotel Océane,saint pierre d'oleron|hotel oceane,19:06,
8,Orange,La Cotinière,Boyardville (sens retour),Du lundi au dimanche et jours fériés,1,09:20,SAINT-PIERRE-D'OLÉRON,Plage de Matha,saint pierre d'oleron|plage de matha,09:22,
8,Orange,La Cotinière,Boyardville (sens retour),Du lundi au dimanche et jours fériés,2,10:05,SAINT-PIERRE-D'OLÉRON,Plage de Matha,saint pierre d'oleron|plage de matha,10:07,
8,Orange,La Cotinière,Boyardville (sens retour),Du lundi au dimanche et jours fériés,3,10:50,SAINT-PIERRE-D'OLÉRON,Plage de Matha,saint pierre d'oleron|plage de matha,10:52,
8,Orange,La Cotinière,Boyardville (sens retour),Du lundi au dimanche et jours fériés,4,11:35,SAINT-PIERRE-D'OLÉRON,Plage de Matha,saint pierre d'oleron|plage de matha,11:37,
8,Orange,La Cotinière,Boyardville (sens retour),Du lundi au dimanche et jours fériés,5,12:20,SAINT-PIERRE-D'OLÉRON,Plage de Matha,saint pierre d'oleron|plage de matha,12:22,
8,Orange,La Cotinière,Boyardville (sens retour),Du lundi au dimanche et jours fériés,6,13:05,SAINT-PIERRE-D'OLÉRON,Plage de Matha,saint pierre d'oleron|plage de matha,13:07,
8,Orange,La Cotinière,Boyardville (sens retour),Du lundi au dimanche et jours fériés,7,13:50,SAINT-PIERRE-D'OLÉRON,Plage de Matha,saint pierre d'oleron|plage de matha,13:52,
8,Orange,La Cotinière,Boyardville (sens retour),Du lundi au dimanche et jours fériés,8,14:35,SAINT-PIERRE-D'OLÉRON,Plage de Matha,saint pierre d'oleron|plage de matha,14:37,
8,Orange,La Cotinière,Boyardville (sens retour),Du lundi au dimanche et jours fériés,9,15:20,SAINT-PIERRE-D'OLÉRON,Plage de Matha,saint pierre d'oleron|plage de matha,15:22,
8,Orange,La Cotinière,Boyardville (sens retour),Du lundi au dimanche et jours fériés,10,16:05,SAINT-PIERRE-D'OLÉRON,Plage de Matha,saint pierre d'oleron|plage de matha,16:07,
8,Orange,La Cotinière,Boyardville (sens retour),Du lundi au dimanche et jours fériés,11,16:50,SAINT-PIERRE-D'OLÉRON,Plage de Matha,saint pierre d'oleron|plage de matha,16:52,
8,Orange,La Cotinière,Boyardville (sens retour),Du lundi au dimanche et jours fériés,12,17:35,SAINT-PIERRE-D'OLÉRON,Plage de Matha,saint pierre d'oleron|plage de matha,17:37,
8,Orange,La Cotinière,Boyardville (sens retour),Du lundi au dimanche et jours fériés,13,18:20,SAINT-PIERRE-D'OLÉRON,Plage de Matha,saint pierre d'oleron|plage de matha,18:22,
8,Orange,La Cotinière,Boyardville (sens retour),Du lundi au dimanche et jours fériés,14,19:05,SAINT-PIERRE-D'OLÉRON,Plage de Matha,saint pierre d'oleron|plage de matha,19:07,
8,Orange,La Cotinière,Boyardville (sens retour),Du lundi au dimanche et jours fériés,1,09:20,SAINT-PIERRE-D'OLÉRON,Matha centre,saint pierre d'oleron|matha centre,09:23,
8,Orange,La Cotinière,Boyardville (sens retour),Du lundi au dimanche et jours fériés,2,10:05,SAINT-PIERRE-D'OLÉRON,Matha centre,saint pierre d'oleron|matha centre,10:08,
8,Orange,La Cotinière,Boyardville (sens retour),Du lundi au dimanche et jours fériés,3,10:50,SAINT-PIERRE-D'OLÉRON,Matha centre,saint pierre d'oleron|matha centre,10:53,
8,Orange,La Cotinière,Boyardville (sens retour),Du lundi au dimanche et jours fériés,4,11:35,SAINT-PIERRE-D'OLÉRON,Matha centre,saint pierre d'oleron|matha centre,11:38,
8,Orange,La Cotinière,Boyardville (sens retour),Du lundi au dimanche et jours fériés,5,12:20,SAINT-PIERRE-D'OLÉRON,Matha centre,saint pierre d'oleron|matha centre,12:23,
8,Orange,La Cotinière,Boyardville (sens retour),Du lundi au dimanche et jours fériés,6,13:05,SAINT-PIERRE-D'OLÉRON,Matha centre,saint pierre d'oleron|matha centre,13:08,
8,Orange,La Cotinière,Boyardville (sens retour),Du lundi au dimanche et jours fériés,7,13:50,SAINT-PIERRE-D'OLÉRON,Matha centre,saint pierre d'oleron|matha centre,13:53,
8,Orange,La Cotinière,Boyardville (sens retour),Du lundi au dimanche et jours fériés,8,14:35,SAINT-PIERRE-D'OLÉRON,Matha centre,saint pierre d'oleron|matha centre,14:38,
8,Orange,La Cotinière,Boyardville (sens retour),Du lundi au dimanche et jours fériés,9,15:20,SAINT-PIERRE-D'OLÉRON,Matha centre,saint pierre d'oleron|matha centre,15:23,
8,Orange,La Cotinière,Boyardville (sens retour),Du lundi au dimanche et jours fériés,10,16:05,SAINT-PIERRE-D'OLÉRON,Matha centre,saint pierre d'oleron|matha centre,16:08,
8,Orange,La Cotinière,Boyardville (sens retour),Du lundi au dimanche et jours fériés,11,16:50,SAINT-PIERRE-D'OLÉRON,Matha centre,saint pierre d'oleron|matha centre,16:53,
8,Orange,La Cotinière,Boyardville (sens retour),Du lundi au dimanche et jours fériés,12,17:35,SAINT-PIERRE-D'OLÉRON,Matha centre,saint pierre d'oleron|matha centre,17:38,
8,Orange,La Cotinière,Boyardville (sens retour),Du lundi au dimanche et jours fériés,13,18:20,SAINT-PIERRE-D'OLÉRON,Matha centre,saint pierre d'oleron|matha centre,18:23,
8,Orange,La Cotinière,Boyardville (sens retour),Du lundi au dimanche et jours fériés,14,19:05,SAINT-PIERRE-D'OLÉRON,Matha centre,saint pierre d'oleron|matha centre,19:08,
8,Orange,La Cotinière,Boyardville (sens retour),Du lundi au dimanche et jours fériés,1,09:20,SAINT-PIERRE-D'OLÉRON,Maisonneuve,saint pierre d'oleron|maisonneuve,09:28,
8,Orange,La Cotinière,Boyardville (sens retour),Du lundi au dimanche et jours fériés,2,10:05,SAINT-PIERRE-D'OLÉRON,Maisonneuve,saint pierre d'oleron|maisonneuve,10:13,
8,Orange,La Cotinière,Boyardville (sens retour),Du lundi au dimanche et jours fériés,3,10:50,SAINT-PIERRE-D'OLÉRON,Maisonneuve,saint pierre d'oleron|maisonneuve,10:58,
8,Orange,La Cotinière,Boyardville (sens retour),Du lundi au dimanche et jours fériés,4,11:35,SAINT-PIERRE-D'OLÉRON,Maisonneuve,saint pierre d'oleron|maisonneuve,11:43,
8,Orange,La Cotinière,Boyardville (sens retour),Du lundi au dimanche et jours fériés,5,12:20,SAINT-PIERRE-D'OLÉRON,Maisonneuve,saint pierre d'oleron|maisonneuve,12:28,
8,Orange,La Cotinière,Boyardville (sens retour),Du lundi au dimanche et jours fériés,6,13:05,SAINT-PIERRE-D'OLÉRON,Maisonneuve,saint pierre d'oleron|maisonneuve,13:13,
8,Orange,La Cotinière,Boyardville (sens retour),Du lundi au dimanche et jours fériés,7,13:50,SAINT-PIERRE-D'OLÉRON,Maisonneuve,saint pierre d'oleron|maisonneuve,13:58,
8,Orange,La Cotinière,Boyardville (sens retour),Du lundi au dimanche et jours fériés,8,14:35,SAINT-PIERRE-D'OLÉRON,Maisonneuve,saint pierre d'oleron|maisonneuve,14:43,
8,Orange,La Cotinière,Boyardville (sens retour),Du lundi au dimanche et jours fériés,9,15:20,SAINT-PIERRE-D'OLÉRON,Maisonneuve,saint pierre d'oleron|maisonneuve,15:28,
8,Orange,La Cotinière,Boyardville (sens retour),Du lundi au dimanche et jours fériés,10,16:05,SAINT-PIERRE-D'OLÉRON,Maisonneuve,saint pierre d'oleron|maisonneuve,16:13,
8,Orange,La Cotinière,Boyardville (sens retour),Du lundi au dimanche et jours fériés,11,16:50,SAINT-PIERRE-D'OLÉRON,Maisonneuve,saint pierre d'oleron|maisonneuve,16:58,
8,Orange,La Cotinière,Boyardville (sens retour),Du lundi au dimanche et jours fériés,12,17:35,SAINT-PIERRE-D'OLÉRON,Maisonneuve,saint pierre d'oleron|maisonneuve,17:43,
8,Orange,La Cotinière,Boyardville (sens retour),Du lundi au dimanche et jours fériés,13,18:20,SAINT-PIERRE-D'OLÉRON,Maisonneuve,saint pierre d'oleron|maisonneuve,18:28,
8,Orange,La Cotinière,Boyardville (sens retour),Du lundi au dimanche et jours fériés,14,19:05,SAINT-PIERRE-D'OLÉRON,Maisonneuve,saint pierre d'oleron|maisonneuve,19:13,
8,Orange,La Cotinière,Boyardville (sens retour),Du lundi au dimanche et jours fériés,1,09:20,SAINT-PIERRE-D'OLÉRON,Gare routière,saint pierre d'oleron|gare routiere,09:33,
8,Orange,La Cotinière,Boyardville (sens retour),Du lundi au dimanche et jours fériés,2,10:05,SAINT-PIERRE-D'OLÉRON,Gare routière,saint pierre d'oleron|gare routiere,10:18,
8,Orange,La Cotinière,Boyardville (sens retour),Du lundi au dimanche et jours fériés,3,10:50,SAINT-PIERRE-D'OLÉRON,Gare routière,saint pierre d'oleron|gare routiere,11:03,
8,Orange,La Cotinière,Boyardville (sens retour),Du lundi au dimanche et jours fériés,4,11:35,SAINT-PIERRE-D'OLÉRON,Gare routière,saint pierre d'oleron|gare routiere,11:48,
8,Orange,La Cotinière,Boyardville (sens retour),Du lundi au dimanche et jours fériés,5,12:20,SAINT-PIERRE-D'OLÉRON,Gare routière,saint pierre d'oleron|gare routiere,12:33,
8,Orange,La Cotinière,Boyardville (sens retour),Du lundi au dimanche et jours fériés,6,13:05,SAINT-PIERRE-D'OLÉRON,Gare routière,saint pierre d'oleron|gare routiere,13:18,
8,Orange,La Cotinière,Boyardville (sens retour),Du lundi au dimanche et jours fériés,7,13:50,SAINT-PIERRE-D'OLÉRON,Gare routière,saint pierre d'oleron|gare routiere,14:03,
8,Orange,La Cotinière,Boyardville (sens retour),Du lundi au dimanche et jours fériés,8,14:35,SAINT-PIERRE-D'OLÉRON,Gare routière,saint pierre d'oleron|gare routiere,14:48,
8,Orange,La Cotinière,Boyardville (sens retour),Du lundi au dimanche et jours fériés,9,15:20,SAINT-PIERRE-D'OLÉRON,Gare routière,saint pierre d'oleron|gare routiere,15:33,
8,Orange,La Cotinière,Boyardville (sens retour),Du lundi au dimanche et jours fériés,10,16:05,SAINT-PIERRE-D'OLÉRON,Gare routière,saint pierre d'oleron|gare routiere,16:18,
8,Orange,La Cotinière,Boyardville (sens retour),Du lundi au dimanche et jours fériés,11,16:50,SAINT-PIERRE-D'OLÉRON,Gare routière,saint pierre d'oleron|gare routiere,17:03,
8,Orange,La Cotinière,Boyardville (sens retour),Du lundi au dimanche et jours fériés,12,17:35,SAINT-PIERRE-D'OLÉRON,Gare routière,saint pierre d'oleron|gare routiere,17:48,
8,Orange,La Cotinière,Boyardville (sens retour),Du lundi au dimanche et jours fériés,13,18:20,SAINT-PIERRE-D'OLÉRON,Gare routière,saint pierre d'oleron|gare routiere,18:33,
8,Orange,La Cotinière,Boyardville (sens retour),Du lundi au dimanche et jours fériés,14,19:05,SAINT-PIERRE-D'OLÉRON,Gare routière,saint pierre d'oleron|gare routiere,19:18,
8,Orange,La Cotinière,Boyardville (sens retour),Du lundi au dimanche et jours fériés,1,09:20,SAINT-PIERRE-D'OLÉRON,Marché,saint pierre d'oleron|marche,09:34,
8,Orange,La Cotinière,Boyardville (sens retour),Du lundi au dimanche et jours fériés,2,10:05,SAINT-PIERRE-D'OLÉRON,Marché,saint pierre d'oleron|marche,10:19,
8,Orange,La Cotinière,Boyardville (sens retour),Du lundi au dimanche et jours fériés,3,10:50,SAINT-PIERRE-D'OLÉRON,Marché,saint pierre d'oleron|marche,11:04,
8,Orange,La Cotinière,Boyardville (sens retour),Du lundi au dimanche et jours fériés,4,11:35,SAINT-PIERRE-D'OLÉRON,Marché,saint pierre d'oleron|marche,11:49,
8,Orange,La Cotinière,Boyardville (sens retour),Du lundi au dimanche et jours fériés,5,12:20,SAINT-PIERRE-D'OLÉRON,Marché,saint pierre d'oleron|marche,12:34,
8,Orange,La Cotinière,Boyardville (sens retour),Du lundi au dimanche et jours fériés,6,13:05,SAINT-PIERRE-D'OLÉRON,Marché,saint pierre d'oleron|marche,13:19,
8,Orange,La Cotinière,Boyardville (sens retour),Du lundi au dimanche et jours fériés,7,13:50,SAINT-PIERRE-D'OLÉRON,Marché,saint pierre d'oleron|marche,14:04,
8,Orange,La Cotinière,Boyardville (sens retour),Du lundi au dimanche et jours fériés,8,14:35,SAINT-PIERRE-D'OLÉRON,Marché,saint pierre d'oleron|marche,14:49,
8,Orange,La Cotinière,Boyardville (sens retour),Du lundi au dimanche et jours fériés,9,15:20,SAINT-PIERRE-D'OLÉRON,Marché,saint pierre d'oleron|marche,15:34,
8,Orange,La Cotinière,Boyardville (sens retour),Du lundi au dimanche et jours fériés,10,16:05,SAINT-PIERRE-D'OLÉRON,Marché,saint pierre d'oleron|marche,16:19,
8,Orange,La Cotinière,Boyardville (sens retour),Du lundi au dimanche et jours fériés,11,16:50,SAINT-PIERRE-D'OLÉRON,Marché,saint pierre d'oleron|marche,17:04,
8,Orange,La Cotinière,Boyardville (sens retour),Du lundi au dimanche et jours fériés,12,17:35,SAINT-PIERRE-D'OLÉRON,Marché,saint pierre d'oleron|marche,17:49,
8,Orange,La Cotinière,Boyardville (sens retour),Du lundi au dimanche et jours fériés,13,18:20,SAINT-PIERRE-D'OLÉRON,Marché,saint pierre d'oleron|marche,18:34,
8,Orange,La Cotinière,Boyardville (sens retour),Du lundi au dimanche et jours fériés,14,19:05,SAINT-PIERRE-D'OLÉRON,Marché,saint pierre d'oleron|marche,19:19,
8,Orange,La Cotinière,Boyardville (sens retour),Du lundi au dimanche et jours fériés,1,09:20,SAINT-GEORGES-D'OLÉRON,Camping Chadotel le Domaine d'Oléron,saint georges d'oleron|camping chadotel le domaine d'oleron,09:40,
8,Orange,La Cotinière,Boyardville (sens retour),Du lundi au dimanche et jours fériés,2,10:05,SAINT-GEORGES-D'OLÉRON,Camping Chadotel le Domaine d'Oléron,saint georges d'oleron|camping chadotel le domaine d'oleron,10:25,
8,Orange,La Cotinière,Boyardville (sens retour),Du lundi au dimanche et jours fériés,3,10:50,SAINT-GEORGES-D'OLÉRON,Camping Chadotel le Domaine d'Oléron,saint georges d'oleron|camping chadotel le domaine d'oleron,11:10,
8,Orange,La Cotinière,Boyardville (sens retour),Du lundi au dimanche et jours fériés,4,11:35,SAINT-GEORGES-D'OLÉRON,Camping Chadotel le Domaine d'Oléron,saint georges d'oleron|camping chadotel le domaine d'oleron,11:55,
8,Orange,La Cotinière,Boyardville (sens retour),Du lundi au dimanche et jours fériés,5,12:20,SAINT-GEORGES-D'OLÉRON,Camping Chadotel le Domaine d'Oléron,saint georges d'oleron|camping chadotel le domaine d'oleron,12:40,
8,Orange,La Cotinière,Boyardville (sens retour),Du lundi au dimanche et jours fériés,6,13:05,SAINT-GEORGES-D'OLÉRON,Camping Chadotel le Domaine d'Oléron,saint georges d'oleron|camping chadotel le domaine d'oleron,13:25,
8,Orange,La Cotinière,Boyardville (sens retour),Du lundi au dimanche et jours fériés,7,13:50,SAINT-GEORGES-D'OLÉRON,Camping Chadotel le Domaine d'Oléron,saint georges d'oleron|camping chadotel le domaine d'oleron,14:10,
8,Orange,La Cotinière,Boyardville (sens retour),Du lundi au dimanche et jours fériés,8,14:35,SAINT-GEORGES-D'OLÉRON,Camping Chadotel le Domaine d'Oléron,saint georges d'oleron|camping chadotel le domaine d'oleron,14:55,
8,Orange,La Cotinière,Boyardville (sens retour),Du lundi au dimanche et jours fériés,9,15:20,SAINT-GEORGES-D'OLÉRON,Camping Chadotel le Domaine d'Oléron,saint georges d'oleron|camping chadotel le domaine d'oleron,15:40,
8,Orange,La Cotinière,Boyardville (sens retour),Du lundi au dimanche et jours fériés,10,16:05,SAINT-GEORGES-D'OLÉRON,Camping Chadotel le Domaine d'Oléron,saint georges d'oleron|camping chadotel le domaine d'oleron,16:25,
8,Orange,La Cotinière,Boyardville (sens retour),Du lundi au dimanche et jours fériés,11,16:50,SAINT-GEORGES-D'OLÉRON,Camping Chadotel le Domaine d'Oléron,saint georges d'oleron|camping chadotel le domaine d'oleron,17:10,
8,Orange,La Cotinière,Boyardville (sens retour),Du lundi au dimanche et jours fériés,12,17:35,SAINT-GEORGES-D'OLÉRON,Camping Chadotel le Domaine d'Oléron,saint georges d'oleron|camping chadotel le domaine d'oleron,17:55,
8,Orange,La Cotinière,Boyardville (sens retour),Du lundi au dimanche et jours fériés,13,18:20,SAINT-GEORGES-D'OLÉRON,Camping Chadotel le Domaine d'Oléron,saint georges d'oleron|camping chadotel le domaine d'oleron,18:40,
8,Orange,La Cotinière,Boyardville (sens retour),Du lundi au dimanche et jours fériés,14,19:05,SAINT-GEORGES-D'OLÉRON,Camping Chadotel le Domaine d'Oléron,saint georges d'oleron|camping chadotel le domaine d'oleron,19:25,
8,Orange,La Cotinière,Boyardville (sens retour),Du lundi au dimanche et jours fériés,1,09:20,SAINT-GEORGES-D'OLÉRON,Camping Verébleu,saint georges d'oleron|camping verebleu,09:41,
8,Orange,La Cotinière,Boyardville (sens retour),Du lundi au dimanche et jours fériés,2,10:05,SAINT-GEORGES-D'OLÉRON,Camping Verébleu,saint georges d'oleron|camping verebleu,10:26,
8,Orange,La Cotinière,Boyardville (sens retour),Du lundi au dimanche et jours fériés,3,10:50,SAINT-GEORGES-D'OLÉRON,Camping Verébleu,saint georges d'oleron|camping verebleu,11:11,
8,Orange,La Cotinière,Boyardville (sens retour),Du lundi au dimanche et jours fériés,4,11:35,SAINT-GEORGES-D'OLÉRON,Camping Verébleu,saint georges d'oleron|camping verebleu,11:56,
8,Orange,La Cotinière,Boyardville (sens retour),Du lundi au dimanche et jours fériés,5,12:20,SAINT-GEORGES-D'OLÉRON,Camping Verébleu,saint georges d'oleron|camping verebleu,12:41,
8,Orange,La Cotinière,Boyardville (sens retour),Du lundi au dimanche et jours fériés,6,13:05,SAINT-GEORGES-D'OLÉRON,Camping Verébleu,saint georges d'oleron|camping verebleu,13:26,
8,Orange,La Cotinière,Boyardville (sens retour),Du lundi au dimanche et jours fériés,7,13:50,SAINT-GEORGES-D'OLÉRON,Camping Verébleu,saint georges d'oleron|camping verebleu,14:11,
8,Orange,La Cotinière,Boyardville (sens retour),Du lundi au dimanche et jours fériés,8,14:35,SAINT-GEORGES-D'OLÉRON,Camping Verébleu,saint georges d'oleron|camping verebleu,14:56,
8,Orange,La Cotinière,Boyardville (sens retour),Du lundi au dimanche et jours fériés,9,15:20,SAINT-GEORGES-D'OLÉRON,Camping Verébleu,saint georges d'oleron|camping verebleu,15:41,
8,Orange,La Cotinière,Boyardville (sens retour),Du lundi au dimanche et jours fériés,10,16:05,SAINT-GEORGES-D'OLÉRON,Camping Verébleu,saint georges d'oleron|camping verebleu,16:26,
8,Orange,La Cotinière,Boyardville (sens retour),Du lundi au dimanche et jours fériés,11,16:50,SAINT-GEORGES-D'OLÉRON,Camping Verébleu,saint georges d'oleron|camping verebleu,17:11,
8,Orange,La Cotinière,Boyardville (sens retour),Du lundi au dimanche et jours fériés,12,17:35,SAINT-GEORGES-D'OLÉRON,Camping Verébleu,saint georges d'oleron|camping verebleu,17:56,
8,Orange,La Cotinière,Boyardville (sens retour),Du lundi au dimanche et jours fériés,13,18:20,SAINT-GEORGES-D'OLÉRON,Camping Verébleu,saint georges d'oleron|camping verebleu,18:41,
8,Orange,La Cotinière,Boyardville (sens retour),Du lundi au dimanche et jours fériés,14,19:05,SAINT-GEORGES-D'OLÉRON,Camping Verébleu,saint georges d'oleron|camping verebleu,19:26,
8,Orange,La Cotinière,Boyardville (sens retour),Du lundi au dimanche et jours fériés,1,09:20,SAINT-GEORGES-D'OLÉRON,Camping Oléron Loisirs,saint georges d'oleron|camping oleron loisirs,09:42,
8,Orange,La Cotinière,Boyardville (sens retour),Du lundi au dimanche et jours fériés,2,10:05,SAINT-GEORGES-D'OLÉRON,Camping Oléron Loisirs,saint georges d'oleron|camping oleron loisirs,10:27,
8,Orange,La Cotinière,Boyardville (sens retour),Du lundi au dimanche et jours fériés,3,10:50,SAINT-GEORGES-D'OLÉRON,Camping Oléron Loisirs,saint georges d'oleron|camping oleron loisirs,11:12,
8,Orange,La Cotinière,Boyardville (sens retour),Du lundi au dimanche et jours fériés,4,11:35,SAINT-GEORGES-D'OLÉRON,Camping Oléron Loisirs,saint georges d'oleron|camping oleron loisirs,11:57,
8,Orange,La Cotinière,Boyardville (sens retour),Du lundi au dimanche et jours fériés,5,12:20,SAINT-GEORGES-D'OLÉRON,Camping Oléron Loisirs,saint georges d'oleron|camping oleron loisirs,12:42,
8,Orange,La Cotinière,Boyardville (sens retour),Du lundi au dimanche et jours fériés,6,13:05,SAINT-GEORGES-D'OLÉRON,Camping Oléron Loisirs,saint georges d'oleron|camping oleron loisirs,13:27,
8,Orange,La Cotinière,Boyardville (sens retour),Du lundi au dimanche et jours fériés,7,13:50,SAINT-GEORGES-D'OLÉRON,Camping Oléron Loisirs,saint georges d'oleron|camping oleron loisirs,14:12,
8,Orange,La Cotinière,Boyardville (sens retour),Du lundi au dimanche et jours fériés,8,14:35,SAINT-GEORGES-D'OLÉRON,Camping Oléron Loisirs,saint georges d'oleron|camping oleron loisirs,14:57,
8,Orange,La Cotinière,Boyardville (sens retour),Du lundi au dimanche et jours fériés,9,15:20,SAINT-GEORGES-D'OLÉRON,Camping Oléron Loisirs,saint georges d'oleron|camping oleron loisirs,15:42,
8,Orange,La Cotinière,Boyardville (sens retour),Du lundi au dimanche et jours fériés,10,16:05,SAINT-GEORGES-D'OLÉRON,Camping Oléron Loisirs,saint georges d'oleron|camping oleron loisirs,16:27,
8,Orange,La Cotinière,Boyardville (sens retour),Du lundi au dimanche et jours fériés,11,16:50,SAINT-GEORGES-D'OLÉRON,Camping Oléron Loisirs,saint georges d'oleron|camping oleron loisirs,17:12,
8,Orange,La Cotinière,Boyardville (sens retour),Du lundi au dimanche et jours fériés,12,17:35,SAINT-GEORGES-D'OLÉRON,Camping Oléron Loisirs,saint georges d'oleron|camping oleron loisirs,17:57,
8,Orange,La Cotinière,Boyardville (sens retour),Du lundi au dimanche et jours fériés,13,18:20,SAINT-GEORGES-D'OLÉRON,Camping Oléron Loisirs,saint georges d'oleron|camping oleron loisirs,18:42,
8,Orange,La Cotinière,Boyardville (sens retour),Du lundi au dimanche et jours fériés,14,19:05,SAINT-GEORGES-D'OLÉRON,Camping Oléron Loisirs,saint georges d'oleron|camping oleron loisirs,19:27,
8,Orange,La Cotinière,Boyardville (sens retour),Du lundi au dimanche et jours fériés,1,09:20,SAINT-GEORGES-D'OLÉRON,Sauzelle,saint georges d'oleron|sauzelle,09:45,
8,Orange,La Cotinière,Boyardville (sens retour),Du lundi au dimanche et jours fériés,2,10:05,SAINT-GEORGES-D'OLÉRON,Sauzelle,saint georges d'oleron|sauzelle,10:30,
8,Orange,La Cotinière,Boyardville (sens retour),Du lundi au dimanche et jours fériés,3,10:50,SAINT-GEORGES-D'OLÉRON,Sauzelle,saint georges d'oleron|sauzelle,11:15,
8,Orange,La Cotinière,Boyardville (sens retour),Du lundi au dimanche et jours fériés,4,11:35,SAINT-GEORGES-D'OLÉRON,Sauzelle,saint georges d'oleron|sauzelle,12:00,
8,Orange,La Cotinière,Boyardville (sens retour),Du lundi au dimanche et jours fériés,5,12:20,SAINT-GEORGES-D'OLÉRON,Sauzelle,saint georges d'oleron|sauzelle,12:45,
8,Orange,La Cotinière,Boyardville (sens retour),Du lundi au dimanche et jours fériés,6,13:05,SAINT-GEORGES-D'OLÉRON,Sauzelle,saint georges d'oleron|sauzelle,13:30,
8,Orange,La Cotinière,Boyardville (sens retour),Du lundi au dimanche et jours fériés,7,13:50,SAINT-GEORGES-D'OLÉRON,Sauzelle,saint georges d'oleron|sauzelle,14:15,
8,Orange,La Cotinière,Boyardville (sens retour),Du lundi au dimanche et jours fériés,8,14:35,SAINT-GEORGES-D'OLÉRON,Sauzelle,saint georges d'oleron|sauzelle,15:00,
8,Orange,La Cotinière,Boyardville (sens retour),Du lundi au dimanche et jours fériés,9,15:20,SAINT-GEORGES-D'OLÉRON,Sauzelle,saint georges d'oleron|sauzelle,15:45,
8,Orange,La Cotinière,Boyardville (sens retour),Du lundi au dimanche et jours fériés,10,16:05,SAINT-GEORGES-D'OLÉRON,Sauzelle,saint georges d'oleron|sauzelle,16:30,
8,Orange,La Cotinière,Boyardville (sens retour),Du lundi au dimanche et jours fériés,11,16:50,SAINT-GEORGES-D'OLÉRON,Sauzelle,saint georges d'oleron|sauzelle,17:15,
8,Orange,La Cotinière,Boyardville (sens retour),Du lundi au dimanche et jours fériés,12,17:35,SAINT-GEORGES-D'OLÉRON,Sauzelle,saint georges d'oleron|sauzelle,18:00,
8,Orange,La Cotinière,Boyardville (sens retour),Du lundi au dimanche et jours fériés,13,18:20,SAINT-GEORGES-D'OLÉRON,Sauzelle,saint georges d'oleron|sauzelle,18:45,
8,Orange,La Cotinière,Boyardville (sens retour),Du lundi au dimanche et jours fériés,14,19:05,SAINT-GEORGES-D'OLÉRON,Sauzelle,saint georges d'oleron|sauzelle,19:30,
8,Orange,La Cotinière,Boyardville (sens retour),Du lundi au dimanche et jours fériés,1,09:20,SAINT-GEORGES-D'OLÉRON,Camping Signol,saint georges d'oleron|camping signol,09:51,
8,Orange,La Cotinière,Boyardville (sens retour),Du lundi au dimanche et jours fériés,2,10:05,SAINT-GEORGES-D'OLÉRON,Camping Signol,saint georges d'oleron|camping signol,10:36,
8,Orange,La Cotinière,Boyardville (sens retour),Du lundi au dimanche et jours fériés,3,10:50,SAINT-GEORGES-D'OLÉRON,Camping Signol,saint georges d'oleron|camping signol,11:21,
8,Orange,La Cotinière,Boyardville (sens retour),Du lundi au dimanche et jours fériés,4,11:35,SAINT-GEORGES-D'OLÉRON,Camping Signol,saint georges d'oleron|camping signol,12:06,
8,Orange,La Cotinière,Boyardville (sens retour),Du lundi au dimanche et jours fériés,5,12:20,SAINT-GEORGES-D'OLÉRON,Camping Signol,saint georges d'oleron|camping signol,12:51,
8,Orange,La Cotinière,Boyardville (sens retour),Du lundi au dimanche et jours fériés,6,13:05,SAINT-GEORGES-D'OLÉRON,Camping Signol,saint georges d'oleron|camping signol,13:36,
8,Orange,La Cotinière,Boyardville (sens retour),Du lundi au dimanche et jours fériés,7,13:50,SAINT-GEORGES-D'OLÉRON,Camping Signol,saint georges d'oleron|camping signol,14:21,
8,Orange,La Cotinière,Boyardville (sens retour),Du lundi au dimanche et jours fériés,8,14:35,SAINT-GEORGES-D'OLÉRON,Camping Signol,saint georges d'oleron|camping signol,15:06,
8,Orange,La Cotinière,Boyardville (sens retour),Du lundi au dimanche et jours fériés,9,15:20,SAINT-GEORGES-D'OLÉRON,Camping Signol,saint georges d'oleron|camping signol,15:51,
8,Orange,La Cotinière,Boyardville (sens retour),Du lundi au dimanche et jours fériés,10,16:05,SAINT-GEORGES-D'OLÉRON,Camping Signol,saint georges d'oleron|camping signol,16:36,
8,Orange,La Cotinière,Boyardville (sens retour),Du lundi au dimanche et jours fériés,11,16:50,SAINT-GEORGES-D'OLÉRON,Camping Signol,saint georges d'oleron|camping signol,17:21,
8,Orange,La Cotinière,Boyardville (sens retour),Du lundi au dimanche et jours fériés,12,17:35,SAINT-GEORGES-D'OLÉRON,Camping Signol,saint georges d'oleron|camping signol,18:06,
8,Orange,La Cotinière,Boyardville (sens retour),Du lundi au dimanche et jours fériés,13,18:20,SAINT-GEORGES-D'OLÉRON,Camping Signol,saint georges d'oleron|camping signol,18:51,
8,Orange,La Cotinière,Boyardville (sens retour),Du lundi au dimanche et jours fériés,14,19:05,SAINT-GEORGES-D'OLÉRON,Camping Signol,saint georges d'oleron|camping signol,19:36,
8,Orange,La Cotinière,Boyardville (sens retour),Du lundi au dimanche et jours fériés,1,09:20,SAINT-GEORGES-D'OLÉRON,Boyardville Parking du chenal,saint georges d'oleron|boyardville parking du chenal,09:54,Embarcadère de la liaison maritime à proximité
8,Orange,La Cotinière,Boyardville (sens retour),Du lundi au dimanche et jours fériés,2,10:05,SAINT-GEORGES-D'OLÉRON,Boyardville Parking du chenal,saint georges d'oleron|boyardville parking du chenal,10:39,Embarcadère de la liaison maritime à proximité
8,Orange,La Cotinière,Boyardville (sens retour),Du lundi au dimanche et jours fériés,3,10:50,SAINT-GEORGES-D'OLÉRON,Boyardville Parking du chenal,saint georges d'oleron|boyardville parking du chenal,11:24,Embarcadère de la liaison maritime à proximité
8,Orange,La Cotinière,Boyardville (sens retour),Du lundi au dimanche et jours fériés,4,11:35,SAINT-GEORGES-D'OLÉRON,Boyardville Parking du chenal,saint georges d'oleron|boyardville parking du chenal,12:09,Embarcadère de la liaison maritime à proximité
8,Orange,La Cotinière,Boyardville (sens retour),Du lundi au dimanche et jours fériés,5,12:20,SAINT-GEORGES-D'OLÉRON,Boyardville Parking du chenal,saint georges d'oleron|boyardville parking du chenal,12:54,Embarcadère de la liaison maritime à proximité
8,Orange,La Cotinière,Boyardville (sens retour),Du lundi au dimanche et jours fériés,6,13:05,SAINT-GEORGES-D'OLÉRON,Boyardville Parking du chenal,saint georges d'oleron|boyardville parking du chenal,13:39,Embarcadère de la liaison maritime à proximité
8,Orange,La Cotinière,Boyardville (sens retour),Du lundi au dimanche et jours fériés,7,13:50,SAINT-GEORGES-D'OLÉRON,Boyardville Parking du chenal,saint georges d'oleron|boyardville parking du chenal,14:24,Embarcadère de la liaison maritime à proximité
8,Orange,La Cotinière,Boyardville (sens retour),Du lundi au dimanche et jours fériés,8,14:35,SAINT-GEORGES-D'OLÉRON,Boyardville Parking du chenal,saint georges d'oleron|boyardville parking du chenal,15:09,Embarcadère de la liaison maritime à proximité
8,Orange,La Cotinière,Boyardville (sens retour),Du lundi au dimanche et jours fériés,9,15:20,SAINT-GEORGES-D'OLÉRON,Boyardville Parking du chenal,saint georges d'oleron|boyardville parking du chenal,15:54,Embarcadère de la liaison maritime à proximité
8,Orange,La Cotinière,Boyardville (sens retour),Du lundi au dimanche et jours fériés,10,16:05,SAINT-GEORGES-D'OLÉRON,Boyardville Parking du chenal,saint georges d'oleron|boyardville parking du chenal,16:39,Embarcadère de la liaison maritime à proximité
8,Orange,La Cotinière,Boyardville (sens retour),Du lundi au dimanche et jours fériés,11,16:50,SAINT-GEORGES-D'OLÉRON,Boyardville Parking du chenal,saint georges d'oleron|boyardville parking du chenal,17:24,Embarcadère de la liaison maritime à proximité
8,Orange,La Cotinière,Boyardville (sens retour),Du lundi au dimanche et jours fériés,12,17:35,SAINT-GEORGES-D'OLÉRON,Boyardville Parking du chenal,saint georges d'oleron|boyardville parking du chenal,18:09,Embarcadère de la liaison maritime à proximité
8,Orange,La Cotinière,Boyardville (sens retour),Du lundi au dimanche et jours fériés,13,18:20,SAINT-GEORGES-D'OLÉRON,Boyardville Parking du chenal,saint georges d'oleron|boyardville parking du chenal,18:54,Embarcadère de la liaison maritime à proximité
8,Orange,La Cotinière,Boyardville (sens retour),Du lundi au dimanche et jours fériés,14,19:05,SAINT-GEORGES-D'OLÉRON,Boyardville Parking du chenal,saint georges d'oleron|boyardville parking du chenal,19:39,Embarcadère de la liaison maritime à proximité
8,Orange,La Cotinière,Boyardville (sens retour),Du lundi au dimanche et jours fériés,1,09:20,SAINT-GEORGES-D'OLÉRON,Boyardville - Plage,saint georges d'oleron|boyardville plage,09:56,
8,Orange,La Cotinière,Boyardville (sens retour),Du lundi au dimanche et jours fériés,2,10:05,SAINT-GEORGES-D'OLÉRON,Boyardville - Plage,saint georges d'oleron|boyardville plage,10:41,
8,Orange,La Cotinière,Boyardville (sens retour),Du lundi au dimanche et jours fériés,3,10:50,SAINT-GEORGES-D'OLÉRON,Boyardville - Plage,saint georges d'oleron|boyardville plage,11:26,
8,Orange,La Cotinière,Boyardville (sens retour),Du lundi au dimanche et jours fériés,4,11:35,SAINT-GEORGES-D'OLÉRON,Boyardville - Plage,saint georges d'oleron|boyardville plage,12:11,
8,Orange,La Cotinière,Boyardville (sens retour),Du lundi au dimanche et jours fériés,5,12:20,SAINT-GEORGES-D'OLÉRON,Boyardville - Plage,saint georges d'oleron|boyardville plage,12:56,
8,Orange,La Cotinière,Boyardville (sens retour),Du lundi au dimanche et jours fériés,6,13:05,SAINT-GEORGES-D'OLÉRON,Boyardville - Plage,saint georges d'oleron|boyardville plage,13:41,
8,Orange,La Cotinière,Boyardville (sens retour),Du lundi au dimanche et jours fériés,7,13:50,SAINT-GEORGES-D'OLÉRON,Boyardville - Plage,saint georges d'oleron|boyardville plage,14:26,
8,Orange,La Cotinière,Boyardville (sens retour),Du lundi au dimanche et jours fériés,8,14:35,SAINT-GEORGES-D'OLÉRON,Boyardville - Plage,saint georges d'oleron|boyardville plage,15:11,
8,Orange,La Cotinière,Boyardville (sens retour),Du lundi au dimanche et jours fériés,9,15:20,SAINT-GEORGES-D'OLÉRON,Boyardville - Plage,saint georges d'oleron|boyardville plage,15:56,
8,Orange,La Cotinière,Boyardville (sens retour),Du lundi au dimanche et jours fériés,10,16:05,SAINT-GEORGES-D'OLÉRON,Boyardville - Plage,saint georges d'oleron|boyardville plage,16:41,
8,Orange,La Cotinière,Boyardville (sens retour),Du lundi au dimanche et jours fériés,11,16:50,SAINT-GEORGES-D'OLÉRON,Boyardville - Plage,saint georges d'oleron|boyardville plage,17:26,
8,Orange,La Cotinière,Boyardville (sens retour),Du lundi au dimanche et jours fériés,12,17:35,SAINT-GEORGES-D'OLÉRON,Boyardville - Plage,saint georges d'oleron|boyardville plage,18:11,
8,Orange,La Cotinière,Boyardville (sens retour),Du lundi au dimanche et jours fériés,13,18:20,SAINT-GEORGES-D'OLÉRON,Boyardville - Plage,saint georges d'oleron|boyardville plage,18:56,
8,Orange,La Cotinière,Boyardville (sens retour),Du lundi au dimanche et jours fériés,14,19:05,SAINT-GEORGES-D'OLÉRON,Boyardville - Plage,saint georges d'oleron|boyardville plage,19:41,
8,Orange,La Cotinière,Boyardville (sens retour),Du lundi au dimanche et jours fériés,1,09:20,SAINT-PIERRE-D'OLÉRON,Fort Royer - Camping le Dauphin,saint pierre d'oleron|fort royer camping le dauphin,10:00,Correspondance navette verte
8,Orange,La Cotinière,Boyardville (sens retour),Du lundi au dimanche et jours fériés,2,10:05,SAINT-PIERRE-D'OLÉRON,Fort Royer - Camping le Dauphin,saint pierre d'oleron|fort royer camping le dauphin,10:45,Correspondance navette verte
8,Orange,La Cotinière,Boyardville (sens retour),Du lundi au dimanche et jours fériés,3,10:50,SAINT-PIERRE-D'OLÉRON,Fort Royer - Camping le Dauphin,saint pierre d'oleron|fort royer camping le dauphin,11:30,Correspondance navette verte
8,Orange,La Cotinière,Boyardville (sens retour),Du lundi au dimanche et jours fériés,4,11:35,SAINT-PIERRE-D'OLÉRON,Fort Royer - Camping le Dauphin,saint pierre d'oleron|fort royer camping le dauphin,12:15,Correspondance navette verte
8,Orange,La Cotinière,Boyardville (sens retour),Du lundi au dimanche et jours fériés,5,12:20,SAINT-PIERRE-D'OLÉRON,Fort Royer - Camping le Dauphin,saint pierre d'oleron|fort royer camping le dauphin,13:00,Correspondance navette verte
8,Orange,La Cotinière,Boyardville (sens retour),Du lundi au dimanche et jours fériés,6,13:05,SAINT-PIERRE-D'OLÉRON,Fort Royer - Camping le Dauphin,saint pierre d'oleron|fort royer camping le dauphin,13:45,Correspondance navette verte
8,Orange,La Cotinière,Boyardville (sens retour),Du lundi au dimanche et jours fériés,7,13:50,SAINT-PIERRE-D'OLÉRON,Fort Royer - Camping le Dauphin,saint pierre d'oleron|fort royer camping le dauphin,14:30,Correspondance navette verte
8,Orange,La Cotinière,Boyardville (sens retour),Du lundi au dimanche et jours fériés,8,14:35,SAINT-PIERRE-D'OLÉRON,Fort Royer - Camping le Dauphin,saint pierre d'oleron|fort royer camping le dauphin,15:15,Correspondance navette verte
8,Orange,La Cotinière,Boyardville (sens retour),Du lundi au dimanche et jours fériés,9,15:20,SAINT-PIERRE-D'OLÉRON,Fort Royer - Camping le Dauphin,saint pierre d'oleron|fort royer camping le dauphin,16:00,Correspondance navette verte
8,Orange,La Cotinière,Boyardville (sens retour),Du lundi au dimanche et jours fériés,10,16:05,SAINT-PIERRE-D'OLÉRON,Fort Royer - Camping le Dauphin,saint pierre d'oleron|fort royer camping le dauphin,16:45,Correspondance navette verte
8,Orange,La Cotinière,Boyardville (sens retour),Du lundi au dimanche et jours fériés,11,16:50,SAINT-PIERRE-D'OLÉRON,Fort Royer - Camping le Dauphin,saint pierre d'oleron|fort royer camping le dauphin,17:30,Correspondance navette verte
8,Orange,La Cotinière,Boyardville (sens retour),Du lundi au dimanche et jours fériés,12,17:35,SAINT-PIERRE-D'OLÉRON,Fort Royer - Camping le Dauphin,saint pierre d'oleron|fort royer camping le dauphin,18:15,Correspondance navette verte
8,Orange,La Cotinière,Boyardville (sens retour),Du lundi au dimanche et jours fériés,13,18:20,SAINT-PIERRE-D'OLÉRON,Fort Royer - Camping le Dauphin,saint pierre d'oleron|fort royer camping le dauphin,19:00,Correspondance navette verte
8,Orange,La Cotinière,Boyardville (sens retour),Du lundi au dimanche et jours fériés,14,19:05,SAINT-PIERRE-D'OLÉRON,Fort Royer - Camping le Dauphin,saint pierre d'oleron|fort royer camping le dauphin,19:45,Correspondance navette verte
9,Rouge,Chéray,"Phare de Chassiron (sens 1, par Domino)",Du lundi au dimanche et jours fériés,1,09:15,SAINT-GEORGES-D'OLÉRON,Chéray - Les 4 Moulins,saint georges d'oleron|cheray les 4 moulins,09:15,Correspondance navettes bleue et verte
9,Rouge,Chéray,"Phare de Chassiron (sens 1, par Domino)",Du lundi au dimanche et jours fériés,2,10:45,SAINT-GEORGES-D'OLÉRON,Chéray - Les 4 Moulins,saint georges d'oleron|cheray les 4 moulins,10:45,Correspondance navettes bleue et verte
9,Rouge,Chéray,"Phare de Chassiron (sens 1, par Domino)",Du lundi au dimanche et jours fériés,3,12:15,SAINT-GEORGES-D'OLÉRON,Chéray - Les 4 Moulins,saint georges d'oleron|cheray les 4 moulins,12:15,Correspondance navettes bleue et verte
9,Rouge,Chéray,"Phare de Chassiron (sens 1, par Domino)",Du lundi au dimanche et jours fériés,4,13:45,SAINT-GEORGES-D'OLÉRON,Chéray - Les 4 Moulins,saint georges d'oleron|cheray les 4 moulins,13:45,Correspondance navettes bleue et verte
9,Rouge,Chéray,"Phare de Chassiron (sens 1, par Domino)",Du lundi au dimanche et jours fériés,5,15:15,SAINT-GEORGES-D'OLÉRON,Chéray - Les 4 Moulins,saint georges d'oleron|cheray les 4 moulins,15:15,Correspondance navettes bleue et verte
9,Rouge,Chéray,"Phare de Chassiron (sens 1, par Domino)",Du lundi au dimanche et jours fériés,6,16:45,SAINT-GEORGES-D'OLÉRON,Chéray - Les 4 Moulins,saint georges d'oleron|cheray les 4 moulins,16:45,Correspondance navettes bleue et verte
9,Rouge,Chéray,"Phare de Chassiron (sens 1, par Domino)",Du lundi au dimanche et jours fériés,7,18:15,SAINT-GEORGES-D'OLÉRON,Chéray - Les 4 Moulins,saint georges d'oleron|cheray les 4 moulins,18:15,Correspondance navettes bleue et verte
9,Rouge,Chéray,"Phare de Chassiron (sens 1, par Domino)",Du lundi au dimanche et jours fériés,8,19:45,SAINT-GEORGES-D'OLÉRON,Chéray - Les 4 Moulins,saint georges d'oleron|cheray les 4 moulins,19:45,Correspondance navettes bleue et verte
9,Rouge,Chéray,"Phare de Chassiron (sens 1, par Domino)",Du lundi au dimanche et jours fériés,1,09:15,SAINT-GEORGES-D'OLÉRON,Chéray - salle des fêtes,saint georges d'oleron|cheray salle des fetes,09:18,
9,Rouge,Chéray,"Phare de Chassiron (sens 1, par Domino)",Du lundi au dimanche et jours fériés,2,10:45,SAINT-GEORGES-D'OLÉRON,Chéray - salle des fêtes,saint georges d'oleron|cheray salle des fetes,10:48,
9,Rouge,Chéray,"Phare de Chassiron (sens 1, par Domino)",Du lundi au dimanche et jours fériés,3,12:15,SAINT-GEORGES-D'OLÉRON,Chéray - salle des fêtes,saint georges d'oleron|cheray salle des fetes,12:18,
9,Rouge,Chéray,"Phare de Chassiron (sens 1, par Domino)",Du lundi au dimanche et jours fériés,4,13:45,SAINT-GEORGES-D'OLÉRON,Chéray - salle des fêtes,saint georges d'oleron|cheray salle des fetes,13:48,
9,Rouge,Chéray,"Phare de Chassiron (sens 1, par Domino)",Du lundi au dimanche et jours fériés,5,15:15,SAINT-GEORGES-D'OLÉRON,Chéray - salle des fêtes,saint georges d'oleron|cheray salle des fetes,15:18,
9,Rouge,Chéray,"Phare de Chassiron (sens 1, par Domino)",Du lundi au dimanche et jours fériés,6,16:45,SAINT-GEORGES-D'OLÉRON,Chéray - salle des fêtes,saint georges d'oleron|cheray salle des fetes,16:48,
9,Rouge,Chéray,"Phare de Chassiron (sens 1, par Domino)",Du lundi au dimanche et jours fériés,7,18:15,SAINT-GEORGES-D'OLÉRON,Chéray - salle des fêtes,saint georges d'oleron|cheray salle des fetes,18:18,
9,Rouge,Chéray,"Phare de Chassiron (sens 1, par Domino)",Du lundi au dimanche et jours fériés,8,19:45,SAINT-GEORGES-D'OLÉRON,Chéray - salle des fêtes,saint georges d'oleron|cheray salle des fetes,19:48,
9,Rouge,Chéray,"Phare de Chassiron (sens 1, par Domino)",Du lundi au dimanche et jours fériés,1,09:15,SAINT-GEORGES-D'OLÉRON,Domino - Marché,saint georges d'oleron|domino marche,09:25,
9,Rouge,Chéray,"Phare de Chassiron (sens 1, par Domino)",Du lundi au dimanche et jours fériés,2,10:45,SAINT-GEORGES-D'OLÉRON,Domino - Marché,saint georges d'oleron|domino marche,10:55,
9,Rouge,Chéray,"Phare de Chassiron (sens 1, par Domino)",Du lundi au dimanche et jours fériés,3,12:15,SAINT-GEORGES-D'OLÉRON,Domino - Marché,saint georges d'oleron|domino marche,12:25,
9,Rouge,Chéray,"Phare de Chassiron (sens 1, par Domino)",Du lundi au dimanche et jours fériés,4,13:45,SAINT-GEORGES-D'OLÉRON,Domino - Marché,saint georges d'oleron|domino marche,13:55,
9,Rouge,Chéray,"Phare de Chassiron (sens 1, par Domino)",Du lundi au dimanche et jours fériés,5,15:15,SAINT-GEORGES-D'OLÉRON,Domino - Marché,saint georges d'oleron|domino marche,15:25,
9,Rouge,Chéray,"Phare de Chassiron (sens 1, par Domino)",Du lundi au dimanche et jours fériés,6,16:45,SAINT-GEORGES-D'OLÉRON,Domino - Marché,saint georges d'oleron|domino marche,16:55,
9,Rouge,Chéray,"Phare de Chassiron (sens 1, par Domino)",Du lundi au dimanche et jours fériés,7,18:15,SAINT-GEORGES-D'OLÉRON,Domino - Marché,saint georges d'oleron|domino marche,18:25,
9,Rouge,Chéray,"Phare de Chassiron (sens 1, par Domino)",Du lundi au dimanche et jours fériés,8,19:45,SAINT-GEORGES-D'OLÉRON,Domino - Marché,saint georges d'oleron|domino marche,19:55,
9,Rouge,Chéray,"Phare de Chassiron (sens 1, par Domino)",Du lundi au dimanche et jours fériés,1,09:15,SAINT-GEORGES-D'OLÉRON,Plage de Chaucre,saint georges d'oleron|plage de chaucre,09:31,
9,Rouge,Chéray,"Phare de Chassiron (sens 1, par Domino)",Du lundi au dimanche et jours fériés,2,10:45,SAINT-GEORGES-D'OLÉRON,Plage de Chaucre,saint georges d'oleron|plage de chaucre,11:01,
9,Rouge,Chéray,"Phare de Chassiron (sens 1, par Domino)",Du lundi au dimanche et jours fériés,3,12:15,SAINT-GEORGES-D'OLÉRON,Plage de Chaucre,saint georges d'oleron|plage de chaucre,12:31,
9,Rouge,Chéray,"Phare de Chassiron (sens 1, par Domino)",Du lundi au dimanche et jours fériés,4,13:45,SAINT-GEORGES-D'OLÉRON,Plage de Chaucre,saint georges d'oleron|plage de chaucre,14:01,
9,Rouge,Chéray,"Phare de Chassiron (sens 1, par Domino)",Du lundi au dimanche et jours fériés,5,15:15,SAINT-GEORGES-D'OLÉRON,Plage de Chaucre,saint georges d'oleron|plage de chaucre,15:31,
9,Rouge,Chéray,"Phare de Chassiron (sens 1, par Domino)",Du lundi au dimanche et jours fériés,6,16:45,SAINT-GEORGES-D'OLÉRON,Plage de Chaucre,saint georges d'oleron|plage de chaucre,17:01,
9,Rouge,Chéray,"Phare de Chassiron (sens 1, par Domino)",Du lundi au dimanche et jours fériés,7,18:15,SAINT-GEORGES-D'OLÉRON,Plage de Chaucre,saint georges d'oleron|plage de chaucre,18:31,
9,Rouge,Chéray,"Phare de Chassiron (sens 1, par Domino)",Du lundi au dimanche et jours fériés,8,19:45,SAINT-GEORGES-D'OLÉRON,Plage de Chaucre,saint georges d'oleron|plage de chaucre,20:01,
9,Rouge,Chéray,"Phare de Chassiron (sens 1, par Domino)",Du lundi au dimanche et jours fériés,1,09:15,SAINT-GEORGES-D'OLÉRON,Chaucre Village,saint georges d'oleron|chaucre village,09:33,
9,Rouge,Chéray,"Phare de Chassiron (sens 1, par Domino)",Du lundi au dimanche et jours fériés,2,10:45,SAINT-GEORGES-D'OLÉRON,Chaucre Village,saint georges d'oleron|chaucre village,11:03,
9,Rouge,Chéray,"Phare de Chassiron (sens 1, par Domino)",Du lundi au dimanche et jours fériés,3,12:15,SAINT-GEORGES-D'OLÉRON,Chaucre Village,saint georges d'oleron|chaucre village,12:33,
9,Rouge,Chéray,"Phare de Chassiron (sens 1, par Domino)",Du lundi au dimanche et jours fériés,4,13:45,SAINT-GEORGES-D'OLÉRON,Chaucre Village,saint georges d'oleron|chaucre village,14:03,
9,Rouge,Chéray,"Phare de Chassiron (sens 1, par Domino)",Du lundi au dimanche et jours fériés,5,15:15,SAINT-GEORGES-D'OLÉRON,Chaucre Village,saint georges d'oleron|chaucre village,15:33,
9,Rouge,Chéray,"Phare de Chassiron (sens 1, par Domino)",Du lundi au dimanche et jours fériés,6,16:45,SAINT-GEORGES-D'OLÉRON,Chaucre Village,saint georges d'oleron|chaucre village,17:03,
9,Rouge,Chéray,"Phare de Chassiron (sens 1, par Domino)",Du lundi au dimanche et jours fériés,7,18:15,SAINT-GEORGES-D'OLÉRON,Chaucre Village,saint georges d'oleron|chaucre village,18:33,
9,Rouge,Chéray,"Phare de Chassiron (sens 1, par Domino)",Du lundi au dimanche et jours fériés,8,19:45,SAINT-GEORGES-D'OLÉRON,Chaucre Village,saint georges d'oleron|chaucre village,20:03,
9,Rouge,Chéray,"Phare de Chassiron (sens 1, par Domino)",Du lundi au dimanche et jours fériés,1,09:15,SAINT-GEORGES-D'OLÉRON,Camping La Campière,saint georges d'oleron|camping la campiere,09:34,
9,Rouge,Chéray,"Phare de Chassiron (sens 1, par Domino)",Du lundi au dimanche et jours fériés,2,10:45,SAINT-GEORGES-D'OLÉRON,Camping La Campière,saint georges d'oleron|camping la campiere,11:04,
9,Rouge,Chéray,"Phare de Chassiron (sens 1, par Domino)",Du lundi au dimanche et jours fériés,3,12:15,SAINT-GEORGES-D'OLÉRON,Camping La Campière,saint georges d'oleron|camping la campiere,12:34,
9,Rouge,Chéray,"Phare de Chassiron (sens 1, par Domino)",Du lundi au dimanche et jours fériés,4,13:45,SAINT-GEORGES-D'OLÉRON,Camping La Campière,saint georges d'oleron|camping la campiere,14:04,
9,Rouge,Chéray,"Phare de Chassiron (sens 1, par Domino)",Du lundi au dimanche et jours fériés,5,15:15,SAINT-GEORGES-D'OLÉRON,Camping La Campière,saint georges d'oleron|camping la campiere,15:34,
9,Rouge,Chéray,"Phare de Chassiron (sens 1, par Domino)",Du lundi au dimanche et jours fériés,6,16:45,SAINT-GEORGES-D'OLÉRON,Camping La Campière,saint georges d'oleron|camping la campiere,17:04,
9,Rouge,Chéray,"Phare de Chassiron (sens 1, par Domino)",Du lundi au dimanche et jours fériés,7,18:15,SAINT-GEORGES-D'OLÉRON,Camping La Campière,saint georges d'oleron|camping la campiere,18:34,
9,Rouge,Chéray,"Phare de Chassiron (sens 1, par Domino)",Du lundi au dimanche et jours fériés,8,19:45,SAINT-GEORGES-D'OLÉRON,Camping La Campière,saint georges d'oleron|camping la campiere,20:04,
9,Rouge,Chéray,"Phare de Chassiron (sens 1, par Domino)",Du lundi au dimanche et jours fériés,1,09:15,SAINT-DENIS-D'OLÉRON,Plage des Seulières,saint denis d'oleron|plage des seulieres,09:35,
9,Rouge,Chéray,"Phare de Chassiron (sens 1, par Domino)",Du lundi au dimanche et jours fériés,2,10:45,SAINT-DENIS-D'OLÉRON,Plage des Seulières,saint denis d'oleron|plage des seulieres,11:05,
9,Rouge,Chéray,"Phare de Chassiron (sens 1, par Domino)",Du lundi au dimanche et jours fériés,3,12:15,SAINT-DENIS-D'OLÉRON,Plage des Seulières,saint denis d'oleron|plage des seulieres,12:35,
9,Rouge,Chéray,"Phare de Chassiron (sens 1, par Domino)",Du lundi au dimanche et jours fériés,4,13:45,SAINT-DENIS-D'OLÉRON,Plage des Seulières,saint denis d'oleron|plage des seulieres,14:05,
9,Rouge,Chéray,"Phare de Chassiron (sens 1, par Domino)",Du lundi au dimanche et jours fériés,5,15:15,SAINT-DENIS-D'OLÉRON,Plage des Seulières,saint denis d'oleron|plage des seulieres,15:35,
9,Rouge,Chéray,"Phare de Chassiron (sens 1, par Domino)",Du lundi au dimanche et jours fériés,6,16:45,SAINT-DENIS-D'OLÉRON,Plage des Seulières,saint denis d'oleron|plage des seulieres,17:05,
9,Rouge,Chéray,"Phare de Chassiron (sens 1, par Domino)",Du lundi au dimanche et jours fériés,7,18:15,SAINT-DENIS-D'OLÉRON,Plage des Seulières,saint denis d'oleron|plage des seulieres,18:35,
9,Rouge,Chéray,"Phare de Chassiron (sens 1, par Domino)",Du lundi au dimanche et jours fériés,8,19:45,SAINT-DENIS-D'OLÉRON,Plage des Seulières,saint denis d'oleron|plage des seulieres,20:05,
9,Rouge,Chéray,"Phare de Chassiron (sens 1, par Domino)",Du lundi au dimanche et jours fériés,1,09:15,SAINT-DENIS-D'OLÉRON,Camping Les Seulières,saint denis d'oleron|camping les seulieres,09:36,
9,Rouge,Chéray,"Phare de Chassiron (sens 1, par Domino)",Du lundi au dimanche et jours fériés,2,10:45,SAINT-DENIS-D'OLÉRON,Camping Les Seulières,saint denis d'oleron|camping les seulieres,11:06,
9,Rouge,Chéray,"Phare de Chassiron (sens 1, par Domino)",Du lundi au dimanche et jours fériés,3,12:15,SAINT-DENIS-D'OLÉRON,Camping Les Seulières,saint denis d'oleron|camping les seulieres,12:36,
9,Rouge,Chéray,"Phare de Chassiron (sens 1, par Domino)",Du lundi au dimanche et jours fériés,4,13:45,SAINT-DENIS-D'OLÉRON,Camping Les Seulières,saint denis d'oleron|camping les seulieres,14:06,
9,Rouge,Chéray,"Phare de Chassiron (sens 1, par Domino)",Du lundi au dimanche et jours fériés,5,15:15,SAINT-DENIS-D'OLÉRON,Camping Les Seulières,saint denis d'oleron|camping les seulieres,15:36,
9,Rouge,Chéray,"Phare de Chassiron (sens 1, par Domino)",Du lundi au dimanche et jours fériés,6,16:45,SAINT-DENIS-D'OLÉRON,Camping Les Seulières,saint denis d'oleron|camping les seulieres,17:06,
9,Rouge,Chéray,"Phare de Chassiron (sens 1, par Domino)",Du lundi au dimanche et jours fériés,7,18:15,SAINT-DENIS-D'OLÉRON,Camping Les Seulières,saint denis d'oleron|camping les seulieres,18:36,
9,Rouge,Chéray,"Phare de Chassiron (sens 1, par Domino)",Du lundi au dimanche et jours fériés,8,19:45,SAINT-DENIS-D'OLÉRON,Camping Les Seulières,saint denis d'oleron|camping les seulieres,20:06,
9,Rouge,Chéray,"Phare de Chassiron (sens 1, par Domino)",Du lundi au dimanche et jours fériés,1,09:15,SAINT-DENIS-D'OLÉRON,Plage des Huttes,saint denis d'oleron|plage des huttes,09:37,
9,Rouge,Chéray,"Phare de Chassiron (sens 1, par Domino)",Du lundi au dimanche et jours fériés,2,10:45,SAINT-DENIS-D'OLÉRON,Plage des Huttes,saint denis d'oleron|plage des huttes,11:07,
9,Rouge,Chéray,"Phare de Chassiron (sens 1, par Domino)",Du lundi au dimanche et jours fériés,3,12:15,SAINT-DENIS-D'OLÉRON,Plage des Huttes,saint denis d'oleron|plage des huttes,12:37,
9,Rouge,Chéray,"Phare de Chassiron (sens 1, par Domino)",Du lundi au dimanche et jours fériés,4,13:45,SAINT-DENIS-D'OLÉRON,Plage des Huttes,saint denis d'oleron|plage des huttes,14:07,
9,Rouge,Chéray,"Phare de Chassiron (sens 1, par Domino)",Du lundi au dimanche et jours fériés,5,15:15,SAINT-DENIS-D'OLÉRON,Plage des Huttes,saint denis d'oleron|plage des huttes,15:37,
9,Rouge,Chéray,"Phare de Chassiron (sens 1, par Domino)",Du lundi au dimanche et jours fériés,6,16:45,SAINT-DENIS-D'OLÉRON,Plage des Huttes,saint denis d'oleron|plage des huttes,17:07,
9,Rouge,Chéray,"Phare de Chassiron (sens 1, par Domino)",Du lundi au dimanche et jours fériés,7,18:15,SAINT-DENIS-D'OLÉRON,Plage des Huttes,saint denis d'oleron|plage des huttes,18:37,
9,Rouge,Chéray,"Phare de Chassiron (sens 1, par Domino)",Du lundi au dimanche et jours fériés,8,19:45,SAINT-DENIS-D'OLÉRON,Plage des Huttes,saint denis d'oleron|plage des huttes,20:07,
9,Rouge,Chéray,"Phare de Chassiron (sens 1, par Domino)",Du lundi au dimanche et jours fériés,1,09:15,SAINT-DENIS-D'OLÉRON,Les Hameaux des Marines,saint denis d'oleron|les hameaux des marines,09:38,
9,Rouge,Chéray,"Phare de Chassiron (sens 1, par Domino)",Du lundi au dimanche et jours fériés,2,10:45,SAINT-DENIS-D'OLÉRON,Les Hameaux des Marines,saint denis d'oleron|les hameaux des marines,11:08,
9,Rouge,Chéray,"Phare de Chassiron (sens 1, par Domino)",Du lundi au dimanche et jours fériés,3,12:15,SAINT-DENIS-D'OLÉRON,Les Hameaux des Marines,saint denis d'oleron|les hameaux des marines,12:38,
9,Rouge,Chéray,"Phare de Chassiron (sens 1, par Domino)",Du lundi au dimanche et jours fériés,4,13:45,SAINT-DENIS-D'OLÉRON,Les Hameaux des Marines,saint denis d'oleron|les hameaux des marines,14:08,
9,Rouge,Chéray,"Phare de Chassiron (sens 1, par Domino)",Du lundi au dimanche et jours fériés,5,15:15,SAINT-DENIS-D'OLÉRON,Les Hameaux des Marines,saint denis d'oleron|les hameaux des marines,15:38,
9,Rouge,Chéray,"Phare de Chassiron (sens 1, par Domino)",Du lundi au dimanche et jours fériés,6,16:45,SAINT-DENIS-D'OLÉRON,Les Hameaux des Marines,saint denis d'oleron|les hameaux des marines,17:08,
9,Rouge,Chéray,"Phare de Chassiron (sens 1, par Domino)",Du lundi au dimanche et jours fériés,7,18:15,SAINT-DENIS-D'OLÉRON,Les Hameaux des Marines,saint denis d'oleron|les hameaux des marines,18:38,
9,Rouge,Chéray,"Phare de Chassiron (sens 1, par Domino)",Du lundi au dimanche et jours fériés,8,19:45,SAINT-DENIS-D'OLÉRON,Les Hameaux des Marines,saint denis d'oleron|les hameaux des marines,20:08,
9,Rouge,Chéray,"Phare de Chassiron (sens 1, par Domino)",Du lundi au dimanche et jours fériés,1,09:15,SAINT-DENIS-D'OLÉRON,Camping Les Huttes,saint denis d'oleron|camping les huttes,09:39,
9,Rouge,Chéray,"Phare de Chassiron (sens 1, par Domino)",Du lundi au dimanche et jours fériés,2,10:45,SAINT-DENIS-D'OLÉRON,Camping Les Huttes,saint denis d'oleron|camping les huttes,11:09,
9,Rouge,Chéray,"Phare de Chassiron (sens 1, par Domino)",Du lundi au dimanche et jours fériés,3,12:15,SAINT-DENIS-D'OLÉRON,Camping Les Huttes,saint denis d'oleron|camping les huttes,12:39,
9,Rouge,Chéray,"Phare de Chassiron (sens 1, par Domino)",Du lundi au dimanche et jours fériés,4,13:45,SAINT-DENIS-D'OLÉRON,Camping Les Huttes,saint denis d'oleron|camping les huttes,14:09,
9,Rouge,Chéray,"Phare de Chassiron (sens 1, par Domino)",Du lundi au dimanche et jours fériés,5,15:15,SAINT-DENIS-D'OLÉRON,Camping Les Huttes,saint denis d'oleron|camping les huttes,15:39,
9,Rouge,Chéray,"Phare de Chassiron (sens 1, par Domino)",Du lundi au dimanche et jours fériés,6,16:45,SAINT-DENIS-D'OLÉRON,Camping Les Huttes,saint denis d'oleron|camping les huttes,17:09,
9,Rouge,Chéray,"Phare de Chassiron (sens 1, par Domino)",Du lundi au dimanche et jours fériés,7,18:15,SAINT-DENIS-D'OLÉRON,Camping Les Huttes,saint denis d'oleron|camping les huttes,18:39,
9,Rouge,Chéray,"Phare de Chassiron (sens 1, par Domino)",Du lundi au dimanche et jours fériés,8,19:45,SAINT-DENIS-D'OLÉRON,Camping Les Huttes,saint denis d'oleron|camping les huttes,20:09,
9,Rouge,Chéray,"Phare de Chassiron (sens 1, par Domino)",Du lundi au dimanche et jours fériés,1,09:15,SAINT-DENIS-D'OLÉRON,Phare de Chassiron,saint denis d'oleron|phare de chassiron,09:45,
9,Rouge,Chéray,"Phare de Chassiron (sens 1, par Domino)",Du lundi au dimanche et jours fériés,2,10:45,SAINT-DENIS-D'OLÉRON,Phare de Chassiron,saint denis d'oleron|phare de chassiron,11:15,
9,Rouge,Chéray,"Phare de Chassiron (sens 1, par Domino)",Du lundi au dimanche et jours fériés,3,12:15,SAINT-DENIS-D'OLÉRON,Phare de Chassiron,saint denis d'oleron|phare de chassiron,12:45,
9,Rouge,Chéray,"Phare de Chassiron (sens 1, par Domino)",Du lundi au dimanche et jours fériés,4,13:45,SAINT-DENIS-D'OLÉRON,Phare de Chassiron,saint denis d'oleron|phare de chassiron,14:15,
9,Rouge,Chéray,"Phare de Chassiron (sens 1, par Domino)",Du lundi au dimanche et jours fériés,5,15:15,SAINT-DENIS-D'OLÉRON,Phare de Chassiron,saint denis d'oleron|phare de chassiron,15:45,
9,Rouge,Chéray,"Phare de Chassiron (sens 1, par Domino)",Du lundi au dimanche et jours fériés,6,16:45,SAINT-DENIS-D'OLÉRON,Phare de Chassiron,saint denis d'oleron|phare de chassiron,17:15,
9,Rouge,Chéray,"Phare de Chassiron (sens 1, par Domino)",Du lundi au dimanche et jours fériés,7,18:15,SAINT-DENIS-D'OLÉRON,Phare de Chassiron,saint denis d'oleron|phare de chassiron,18:45,
9,Rouge,Chéray,"Phare de Chassiron (sens 1, par Domino)",Du lundi au dimanche et jours fériés,8,19:45,SAINT-DENIS-D'OLÉRON,Phare de Chassiron,saint denis d'oleron|phare de chassiron,20:15,
9,Rouge,Chéray,"Phare de Chassiron (sens 1, par Domino)",Du lundi au dimanche et jours fériés,1,09:15,SAINT-DENIS-D'OLÉRON,Village vacances - Camping Les Beaupins,saint denis d'oleron|village vacances camping les beaupins,09:48,
9,Rouge,Chéray,"Phare de Chassiron (sens 1, par Domino)",Du lundi au dimanche et jours fériés,2,10:45,SAINT-DENIS-D'OLÉRON,Village vacances - Camping Les Beaupins,saint denis d'oleron|village vacances camping les beaupins,11:18,
9,Rouge,Chéray,"Phare de Chassiron (sens 1, par Domino)",Du lundi au dimanche et jours fériés,3,12:15,SAINT-DENIS-D'OLÉRON,Village vacances - Camping Les Beaupins,saint denis d'oleron|village vacances camping les beaupins,12:48,
9,Rouge,Chéray,"Phare de Chassiron (sens 1, par Domino)",Du lundi au dimanche et jours fériés,4,13:45,SAINT-DENIS-D'OLÉRON,Village vacances - Camping Les Beaupins,saint denis d'oleron|village vacances camping les beaupins,14:18,
9,Rouge,Chéray,"Phare de Chassiron (sens 1, par Domino)",Du lundi au dimanche et jours fériés,5,15:15,SAINT-DENIS-D'OLÉRON,Village vacances - Camping Les Beaupins,saint denis d'oleron|village vacances camping les beaupins,15:48,
9,Rouge,Chéray,"Phare de Chassiron (sens 1, par Domino)",Du lundi au dimanche et jours fériés,6,16:45,SAINT-DENIS-D'OLÉRON,Village vacances - Camping Les Beaupins,saint denis d'oleron|village vacances camping les beaupins,17:18,
9,Rouge,Chéray,"Phare de Chassiron (sens 1, par Domino)",Du lundi au dimanche et jours fériés,7,18:15,SAINT-DENIS-D'OLÉRON,Village vacances - Camping Les Beaupins,saint denis d'oleron|village vacances camping les beaupins,18:48,
9,Rouge,Chéray,"Phare de Chassiron (sens 1, par Domino)",Du lundi au dimanche et jours fériés,1,09:15,SAINT-DENIS-D'OLÉRON,Parking Fel,saint denis d'oleron|parking fel,09:50,
9,Rouge,Chéray,"Phare de Chassiron (sens 1, par Domino)",Du lundi au dimanche et jours fériés,2,10:45,SAINT-DENIS-D'OLÉRON,Parking Fel,saint denis d'oleron|parking fel,11:20,
9,Rouge,Chéray,"Phare de Chassiron (sens 1, par Domino)",Du lundi au dimanche et jours fériés,3,12:15,SAINT-DENIS-D'OLÉRON,Parking Fel,saint denis d'oleron|parking fel,12:50,
9,Rouge,Chéray,"Phare de Chassiron (sens 1, par Domino)",Du lundi au dimanche et jours fériés,4,13:45,SAINT-DENIS-D'OLÉRON,Parking Fel,saint denis d'oleron|parking fel,14:20,
9,Rouge,Chéray,"Phare de Chassiron (sens 1, par Domino)",Du lundi au dimanche et jours fériés,5,15:15,SAINT-DENIS-D'OLÉRON,Parking Fel,saint denis d'oleron|parking fel,15:50,
9,Rouge,Chéray,"Phare de Chassiron (sens 1, par Domino)",Du lundi au dimanche et jours fériés,6,16:45,SAINT-DENIS-D'OLÉRON,Parking Fel,saint denis d'oleron|parking fel,17:20,
9,Rouge,Chéray,"Phare de Chassiron (sens 1, par Domino)",Du lundi au dimanche et jours fériés,7,18:15,SAINT-DENIS-D'OLÉRON,Parking Fel,saint denis d'oleron|parking fel,18:50,
9,Rouge,Chéray,"Phare de Chassiron (sens 1, par Domino)",Du lundi au dimanche et jours fériés,1,09:15,SAINT-DENIS-D'OLÉRON,Camping municipal,saint denis d'oleron|camping municipal,09:51,
9,Rouge,Chéray,"Phare de Chassiron (sens 1, par Domino)",Du lundi au dimanche et jours fériés,2,10:45,SAINT-DENIS-D'OLÉRON,Camping municipal,saint denis d'oleron|camping municipal,11:21,
9,Rouge,Chéray,"Phare de Chassiron (sens 1, par Domino)",Du lundi au dimanche et jours fériés,3,12:15,SAINT-DENIS-D'OLÉRON,Camping municipal,saint denis d'oleron|camping municipal,12:51,
9,Rouge,Chéray,"Phare de Chassiron (sens 1, par Domino)",Du lundi au dimanche et jours fériés,4,13:45,SAINT-DENIS-D'OLÉRON,Camping municipal,saint denis d'oleron|camping municipal,14:21,
9,Rouge,Chéray,"Phare de Chassiron (sens 1, par Domino)",Du lundi au dimanche et jours fériés,5,15:15,SAINT-DENIS-D'OLÉRON,Camping municipal,saint denis d'oleron|camping municipal,15:51,
9,Rouge,Chéray,"Phare de Chassiron (sens 1, par Domino)",Du lundi au dimanche et jours fériés,6,16:45,SAINT-DENIS-D'OLÉRON,Camping municipal,saint denis d'oleron|camping municipal,17:21,
9,Rouge,Chéray,"Phare de Chassiron (sens 1, par Domino)",Du lundi au dimanche et jours fériés,7,18:15,SAINT-DENIS-D'OLÉRON,Camping municipal,saint denis d'oleron|camping municipal,18:51,
9,Rouge,Chéray,"Phare de Chassiron (sens 1, par Domino)",Du lundi au dimanche et jours fériés,1,09:15,SAINT-DENIS-D'OLÉRON,Le Port,saint denis d'oleron|le port,09:52,
9,Rouge,Chéray,"Phare de Chassiron (sens 1, par Domino)",Du lundi au dimanche et jours fériés,2,10:45,SAINT-DENIS-D'OLÉRON,Le Port,saint denis d'oleron|le port,11:22,
9,Rouge,Chéray,"Phare de Chassiron (sens 1, par Domino)",Du lundi au dimanche et jours fériés,3,12:15,SAINT-DENIS-D'OLÉRON,Le Port,saint denis d'oleron|le port,12:52,
9,Rouge,Chéray,"Phare de Chassiron (sens 1, par Domino)",Du lundi au dimanche et jours fériés,4,13:45,SAINT-DENIS-D'OLÉRON,Le Port,saint denis d'oleron|le port,14:22,
9,Rouge,Chéray,"Phare de Chassiron (sens 1, par Domino)",Du lundi au dimanche et jours fériés,5,15:15,SAINT-DENIS-D'OLÉRON,Le Port,saint denis d'oleron|le port,15:52,
9,Rouge,Chéray,"Phare de Chassiron (sens 1, par Domino)",Du lundi au dimanche et jours fériés,6,16:45,SAINT-DENIS-D'OLÉRON,Le Port,saint denis d'oleron|le port,17:22,
9,Rouge,Chéray,"Phare de Chassiron (sens 1, par Domino)",Du lundi au dimanche et jours fériés,7,18:15,SAINT-DENIS-D'OLÉRON,Le Port,saint denis d'oleron|le port,18:52,
9,Rouge,Chéray,"Phare de Chassiron (sens 1, par Domino)",Du lundi au dimanche et jours fériés,1,09:15,SAINT-DENIS-D'OLÉRON,Aire de camping-cars,saint denis d'oleron|aire de camping cars,09:57,
9,Rouge,Chéray,"Phare de Chassiron (sens 1, par Domino)",Du lundi au dimanche et jours fériés,2,10:45,SAINT-DENIS-D'OLÉRON,Aire de camping-cars,saint denis d'oleron|aire de camping cars,11:27,
9,Rouge,Chéray,"Phare de Chassiron (sens 1, par Domino)",Du lundi au dimanche et jours fériés,3,12:15,SAINT-DENIS-D'OLÉRON,Aire de camping-cars,saint denis d'oleron|aire de camping cars,12:57,
9,Rouge,Chéray,"Phare de Chassiron (sens 1, par Domino)",Du lundi au dimanche et jours fériés,4,13:45,SAINT-DENIS-D'OLÉRON,Aire de camping-cars,saint denis d'oleron|aire de camping cars,14:27,
9,Rouge,Chéray,"Phare de Chassiron (sens 1, par Domino)",Du lundi au dimanche et jours fériés,5,15:15,SAINT-DENIS-D'OLÉRON,Aire de camping-cars,saint denis d'oleron|aire de camping cars,15:57,
9,Rouge,Chéray,"Phare de Chassiron (sens 1, par Domino)",Du lundi au dimanche et jours fériés,6,16:45,SAINT-DENIS-D'OLÉRON,Aire de camping-cars,saint denis d'oleron|aire de camping cars,17:27,
9,Rouge,Chéray,"Phare de Chassiron (sens 1, par Domino)",Du lundi au dimanche et jours fériés,7,18:15,SAINT-DENIS-D'OLÉRON,Aire de camping-cars,saint denis d'oleron|aire de camping cars,18:57,
9,Rouge,Chéray,"Phare de Chassiron (sens 1, par Domino)",Du lundi au dimanche et jours fériés,1,09:15,SAINT-DENIS-D'OLÉRON,Camping Cap soleil,saint denis d'oleron|camping cap soleil,10:05,
9,Rouge,Chéray,"Phare de Chassiron (sens 1, par Domino)",Du lundi au dimanche et jours fériés,2,10:45,SAINT-DENIS-D'OLÉRON,Camping Cap soleil,saint denis d'oleron|camping cap soleil,11:35,
9,Rouge,Chéray,"Phare de Chassiron (sens 1, par Domino)",Du lundi au dimanche et jours fériés,3,12:15,SAINT-DENIS-D'OLÉRON,Camping Cap soleil,saint denis d'oleron|camping cap soleil,13:05,
9,Rouge,Chéray,"Phare de Chassiron (sens 1, par Domino)",Du lundi au dimanche et jours fériés,4,13:45,SAINT-DENIS-D'OLÉRON,Camping Cap soleil,saint denis d'oleron|camping cap soleil,14:35,
9,Rouge,Chéray,"Phare de Chassiron (sens 1, par Domino)",Du lundi au dimanche et jours fériés,5,15:15,SAINT-DENIS-D'OLÉRON,Camping Cap soleil,saint denis d'oleron|camping cap soleil,16:05,
9,Rouge,Chéray,"Phare de Chassiron (sens 1, par Domino)",Du lundi au dimanche et jours fériés,6,16:45,SAINT-DENIS-D'OLÉRON,Camping Cap soleil,saint denis d'oleron|camping cap soleil,17:35,
9,Rouge,Chéray,"Phare de Chassiron (sens 1, par Domino)",Du lundi au dimanche et jours fériés,7,18:15,SAINT-DENIS-D'OLÉRON,Camping Cap soleil,saint denis d'oleron|camping cap soleil,19:05,
9,Rouge,Chéray,"Phare de Chassiron (sens 1, par Domino)",Du lundi au dimanche et jours fériés,1,09:15,LA BRÉE-LES-BAINS,Plage de Prouard,la bree les bains|plage de prouard,10:06,
9,Rouge,Chéray,"Phare de Chassiron (sens 1, par Domino)",Du lundi au dimanche et jours fériés,2,10:45,LA BRÉE-LES-BAINS,Plage de Prouard,la bree les bains|plage de prouard,11:36,
9,Rouge,Chéray,"Phare de Chassiron (sens 1, par Domino)",Du lundi au dimanche et jours fériés,3,12:15,LA BRÉE-LES-BAINS,Plage de Prouard,la bree les bains|plage de prouard,13:06,
9,Rouge,Chéray,"Phare de Chassiron (sens 1, par Domino)",Du lundi au dimanche et jours fériés,4,13:45,LA BRÉE-LES-BAINS,Plage de Prouard,la bree les bains|plage de prouard,14:36,
9,Rouge,Chéray,"Phare de Chassiron (sens 1, par Domino)",Du lundi au dimanche et jours fériés,5,15:15,LA BRÉE-LES-BAINS,Plage de Prouard,la bree les bains|plage de prouard,16:06,
9,Rouge,Chéray,"Phare de Chassiron (sens 1, par Domino)",Du lundi au dimanche et jours fériés,6,16:45,LA BRÉE-LES-BAINS,Plage de Prouard,la bree les bains|plage de prouard,17:36,
9,Rouge,Chéray,"Phare de Chassiron (sens 1, par Domino)",Du lundi au dimanche et jours fériés,7,18:15,LA BRÉE-LES-BAINS,Plage de Prouard,la bree les bains|plage de prouard,19:06,
9,Rouge,Chéray,"Phare de Chassiron (sens 1, par Domino)",Du lundi au dimanche et jours fériés,1,09:15,LA BRÉE-LES-BAINS,Camping Le Planginot,la bree les bains|camping le planginot,10:07,
9,Rouge,Chéray,"Phare de Chassiron (sens 1, par Domino)",Du lundi au dimanche et jours fériés,2,10:45,LA BRÉE-LES-BAINS,Camping Le Planginot,la bree les bains|camping le planginot,11:37,
9,Rouge,Chéray,"Phare de Chassiron (sens 1, par Domino)",Du lundi au dimanche et jours fériés,3,12:15,LA BRÉE-LES-BAINS,Camping Le Planginot,la bree les bains|camping le planginot,13:07,
9,Rouge,Chéray,"Phare de Chassiron (sens 1, par Domino)",Du lundi au dimanche et jours fériés,4,13:45,LA BRÉE-LES-BAINS,Camping Le Planginot,la bree les bains|camping le planginot,14:37,
9,Rouge,Chéray,"Phare de Chassiron (sens 1, par Domino)",Du lundi au dimanche et jours fériés,5,15:15,LA BRÉE-LES-BAINS,Camping Le Planginot,la bree les bains|camping le planginot,16:07,
9,Rouge,Chéray,"Phare de Chassiron (sens 1, par Domino)",Du lundi au dimanche et jours fériés,6,16:45,LA BRÉE-LES-BAINS,Camping Le Planginot,la bree les bains|camping le planginot,17:37,
9,Rouge,Chéray,"Phare de Chassiron (sens 1, par Domino)",Du lundi au dimanche et jours fériés,7,18:15,LA BRÉE-LES-BAINS,Camping Le Planginot,la bree les bains|camping le planginot,19:07,
9,Rouge,Chéray,"Phare de Chassiron (sens 1, par Domino)",Du lundi au dimanche et jours fériés,1,09:15,LA BRÉE-LES-BAINS,Office de tourisme,la bree les bains|office de tourisme,10:11,
9,Rouge,Chéray,"Phare de Chassiron (sens 1, par Domino)",Du lundi au dimanche et jours fériés,2,10:45,LA BRÉE-LES-BAINS,Office de tourisme,la bree les bains|office de tourisme,11:41,
9,Rouge,Chéray,"Phare de Chassiron (sens 1, par Domino)",Du lundi au dimanche et jours fériés,3,12:15,LA BRÉE-LES-BAINS,Office de tourisme,la bree les bains|office de tourisme,13:11,
9,Rouge,Chéray,"Phare de Chassiron (sens 1, par Domino)",Du lundi au dimanche et jours fériés,4,13:45,LA BRÉE-LES-BAINS,Office de tourisme,la bree les bains|office de tourisme,14:41,
9,Rouge,Chéray,"Phare de Chassiron (sens 1, par Domino)",Du lundi au dimanche et jours fériés,5,15:15,LA BRÉE-LES-BAINS,Office de tourisme,la bree les bains|office de tourisme,16:11,
9,Rouge,Chéray,"Phare de Chassiron (sens 1, par Domino)",Du lundi au dimanche et jours fériés,6,16:45,LA BRÉE-LES-BAINS,Office de tourisme,la bree les bains|office de tourisme,17:41,
9,Rouge,Chéray,"Phare de Chassiron (sens 1, par Domino)",Du lundi au dimanche et jours fériés,7,18:15,LA BRÉE-LES-BAINS,Office de tourisme,la bree les bains|office de tourisme,19:11,
9,Rouge,Chéray,"Phare de Chassiron (sens 1, par Domino)",Du lundi au dimanche et jours fériés,1,09:15,LA BRÉE-LES-BAINS,Le Moulin de La Brée,la bree les bains|le moulin de la bree,10:14,
9,Rouge,Chéray,"Phare de Chassiron (sens 1, par Domino)",Du lundi au dimanche et jours fériés,2,10:45,LA BRÉE-LES-BAINS,Le Moulin de La Brée,la bree les bains|le moulin de la bree,11:44,
9,Rouge,Chéray,"Phare de Chassiron (sens 1, par Domino)",Du lundi au dimanche et jours fériés,3,12:15,LA BRÉE-LES-BAINS,Le Moulin de La Brée,la bree les bains|le moulin de la bree,13:14,
9,Rouge,Chéray,"Phare de Chassiron (sens 1, par Domino)",Du lundi au dimanche et jours fériés,4,13:45,LA BRÉE-LES-BAINS,Le Moulin de La Brée,la bree les bains|le moulin de la bree,14:44,
9,Rouge,Chéray,"Phare de Chassiron (sens 1, par Domino)",Du lundi au dimanche et jours fériés,5,15:15,LA BRÉE-LES-BAINS,Le Moulin de La Brée,la bree les bains|le moulin de la bree,16:14,
9,Rouge,Chéray,"Phare de Chassiron (sens 1, par Domino)",Du lundi au dimanche et jours fériés,6,16:45,LA BRÉE-LES-BAINS,Le Moulin de La Brée,la bree les bains|le moulin de la bree,17:44,
9,Rouge,Chéray,"Phare de Chassiron (sens 1, par Domino)",Du lundi au dimanche et jours fériés,7,18:15,LA BRÉE-LES-BAINS,Le Moulin de La Brée,la bree les bains|le moulin de la bree,19:14,
9,Rouge,Chéray,"Phare de Chassiron (sens 1, par Domino)",Du lundi au dimanche et jours fériés,1,09:15,SAINT-GEORGES-D'OLÉRON,Port du Douhet,saint georges d'oleron|port du douhet,10:21,
9,Rouge,Chéray,"Phare de Chassiron (sens 1, par Domino)",Du lundi au dimanche et jours fériés,2,10:45,SAINT-GEORGES-D'OLÉRON,Port du Douhet,saint georges d'oleron|port du douhet,11:51,
9,Rouge,Chéray,"Phare de Chassiron (sens 1, par Domino)",Du lundi au dimanche et jours fériés,3,12:15,SAINT-GEORGES-D'OLÉRON,Port du Douhet,saint georges d'oleron|port du douhet,13:21,
9,Rouge,Chéray,"Phare de Chassiron (sens 1, par Domino)",Du lundi au dimanche et jours fériés,4,13:45,SAINT-GEORGES-D'OLÉRON,Port du Douhet,saint georges d'oleron|port du douhet,14:51,
9,Rouge,Chéray,"Phare de Chassiron (sens 1, par Domino)",Du lundi au dimanche et jours fériés,5,15:15,SAINT-GEORGES-D'OLÉRON,Port du Douhet,saint georges d'oleron|port du douhet,16:21,
9,Rouge,Chéray,"Phare de Chassiron (sens 1, par Domino)",Du lundi au dimanche et jours fériés,6,16:45,SAINT-GEORGES-D'OLÉRON,Port du Douhet,saint georges d'oleron|port du douhet,17:51,
9,Rouge,Chéray,"Phare de Chassiron (sens 1, par Domino)",Du lundi au dimanche et jours fériés,7,18:15,SAINT-GEORGES-D'OLÉRON,Port du Douhet,saint georges d'oleron|port du douhet,19:21,
9,Rouge,Chéray,"Phare de Chassiron (sens 1, par Domino)",Du lundi au dimanche et jours fériés,1,09:15,SAINT-GEORGES-D'OLÉRON,Plage de Foulerot,saint georges d'oleron|plage de foulerot,10:23,
9,Rouge,Chéray,"Phare de Chassiron (sens 1, par Domino)",Du lundi au dimanche et jours fériés,2,10:45,SAINT-GEORGES-D'OLÉRON,Plage de Foulerot,saint georges d'oleron|plage de foulerot,11:53,
9,Rouge,Chéray,"Phare de Chassiron (sens 1, par Domino)",Du lundi au dimanche et jours fériés,3,12:15,SAINT-GEORGES-D'OLÉRON,Plage de Foulerot,saint georges d'oleron|plage de foulerot,13:23,
9,Rouge,Chéray,"Phare de Chassiron (sens 1, par Domino)",Du lundi au dimanche et jours fériés,4,13:45,SAINT-GEORGES-D'OLÉRON,Plage de Foulerot,saint georges d'oleron|plage de foulerot,14:53,
9,Rouge,Chéray,"Phare de Chassiron (sens 1, par Domino)",Du lundi au dimanche et jours fériés,5,15:15,SAINT-GEORGES-D'OLÉRON,Plage de Foulerot,saint georges d'oleron|plage de foulerot,16:23,
9,Rouge,Chéray,"Phare de Chassiron (sens 1, par Domino)",Du lundi au dimanche et jours fériés,6,16:45,SAINT-GEORGES-D'OLÉRON,Plage de Foulerot,saint georges d'oleron|plage de foulerot,17:53,
9,Rouge,Chéray,"Phare de Chassiron (sens 1, par Domino)",Du lundi au dimanche et jours fériés,7,18:15,SAINT-GEORGES-D'OLÉRON,Plage de Foulerot,saint georges d'oleron|plage de foulerot,19:23,
9,Rouge,Chéray,"Phare de Chassiron (sens 1, par Domino)",Du lundi au dimanche et jours fériés,1,09:15,SAINT-GEORGES-D'OLÉRON,Plage de Plaisance,saint georges d'oleron|plage de plaisance,10:24,
9,Rouge,Chéray,"Phare de Chassiron (sens 1, par Domino)",Du lundi au dimanche et jours fériés,2,10:45,SAINT-GEORGES-D'OLÉRON,Plage de Plaisance,saint georges d'oleron|plage de plaisance,11:54,
9,Rouge,Chéray,"Phare de Chassiron (sens 1, par Domino)",Du lundi au dimanche et jours fériés,3,12:15,SAINT-GEORGES-D'OLÉRON,Plage de Plaisance,saint georges d'oleron|plage de plaisance,13:24,
9,Rouge,Chéray,"Phare de Chassiron (sens 1, par Domino)",Du lundi au dimanche et jours fériés,4,13:45,SAINT-GEORGES-D'OLÉRON,Plage de Plaisance,saint georges d'oleron|plage de plaisance,14:54,
9,Rouge,Chéray,"Phare de Chassiron (sens 1, par Domino)",Du lundi au dimanche et jours fériés,5,15:15,SAINT-GEORGES-D'OLÉRON,Plage de Plaisance,saint georges d'oleron|plage de plaisance,16:24,
9,Rouge,Chéray,"Phare de Chassiron (sens 1, par Domino)",Du lundi au dimanche et jours fériés,6,16:45,SAINT-GEORGES-D'OLÉRON,Plage de Plaisance,saint georges d'oleron|plage de plaisance,17:54,
9,Rouge,Chéray,"Phare de Chassiron (sens 1, par Domino)",Du lundi au dimanche et jours fériés,7,18:15,SAINT-GEORGES-D'OLÉRON,Plage de Plaisance,saint georges d'oleron|plage de plaisance,19:24,
9,Rouge,Chéray,"Phare de Chassiron (sens 1, par Domino)",Du lundi au dimanche et jours fériés,1,09:15,SAINT-GEORGES-D'OLÉRON,Camping Oléron Loisirs,saint georges d'oleron|camping oleron loisirs,10:30,
9,Rouge,Chéray,"Phare de Chassiron (sens 1, par Domino)",Du lundi au dimanche et jours fériés,2,10:45,SAINT-GEORGES-D'OLÉRON,Camping Oléron Loisirs,saint georges d'oleron|camping oleron loisirs,12:00,
9,Rouge,Chéray,"Phare de Chassiron (sens 1, par Domino)",Du lundi au dimanche et jours fériés,3,12:15,SAINT-GEORGES-D'OLÉRON,Camping Oléron Loisirs,saint georges d'oleron|camping oleron loisirs,13:30,
9,Rouge,Chéray,"Phare de Chassiron (sens 1, par Domino)",Du lundi au dimanche et jours fériés,4,13:45,SAINT-GEORGES-D'OLÉRON,Camping Oléron Loisirs,saint georges d'oleron|camping oleron loisirs,15:00,
9,Rouge,Chéray,"Phare de Chassiron (sens 1, par Domino)",Du lundi au dimanche et jours fériés,5,15:15,SAINT-GEORGES-D'OLÉRON,Camping Oléron Loisirs,saint georges d'oleron|camping oleron loisirs,16:30,
9,Rouge,Chéray,"Phare de Chassiron (sens 1, par Domino)",Du lundi au dimanche et jours fériés,6,16:45,SAINT-GEORGES-D'OLÉRON,Camping Oléron Loisirs,saint georges d'oleron|camping oleron loisirs,18:00,
9,Rouge,Chéray,"Phare de Chassiron (sens 1, par Domino)",Du lundi au dimanche et jours fériés,7,18:15,SAINT-GEORGES-D'OLÉRON,Camping Oléron Loisirs,saint georges d'oleron|camping oleron loisirs,19:30,
9,Rouge,Chéray,"Phare de Chassiron (sens 1, par Domino)",Du lundi au dimanche et jours fériés,1,09:15,SAINT-GEORGES-D'OLÉRON,Camping Verébleu,saint georges d'oleron|camping verebleu,10:31,
9,Rouge,Chéray,"Phare de Chassiron (sens 1, par Domino)",Du lundi au dimanche et jours fériés,2,10:45,SAINT-GEORGES-D'OLÉRON,Camping Verébleu,saint georges d'oleron|camping verebleu,12:01,
9,Rouge,Chéray,"Phare de Chassiron (sens 1, par Domino)",Du lundi au dimanche et jours fériés,3,12:15,SAINT-GEORGES-D'OLÉRON,Camping Verébleu,saint georges d'oleron|camping verebleu,13:31,
9,Rouge,Chéray,"Phare de Chassiron (sens 1, par Domino)",Du lundi au dimanche et jours fériés,4,13:45,SAINT-GEORGES-D'OLÉRON,Camping Verébleu,saint georges d'oleron|camping verebleu,15:01,
9,Rouge,Chéray,"Phare de Chassiron (sens 1, par Domino)",Du lundi au dimanche et jours fériés,5,15:15,SAINT-GEORGES-D'OLÉRON,Camping Verébleu,saint georges d'oleron|camping verebleu,16:31,
9,Rouge,Chéray,"Phare de Chassiron (sens 1, par Domino)",Du lundi au dimanche et jours fériés,6,16:45,SAINT-GEORGES-D'OLÉRON,Camping Verébleu,saint georges d'oleron|camping verebleu,18:01,
9,Rouge,Chéray,"Phare de Chassiron (sens 1, par Domino)",Du lundi au dimanche et jours fériés,7,18:15,SAINT-GEORGES-D'OLÉRON,Camping Verébleu,saint georges d'oleron|camping verebleu,19:31,
9,Rouge,Chéray,"Phare de Chassiron (sens 1, par Domino)",Du lundi au dimanche et jours fériés,1,09:15,SAINT-GEORGES-D'OLÉRON,Centre,saint georges d'oleron|centre,10:34,
9,Rouge,Chéray,"Phare de Chassiron (sens 1, par Domino)",Du lundi au dimanche et jours fériés,2,10:45,SAINT-GEORGES-D'OLÉRON,Centre,saint georges d'oleron|centre,12:04,
9,Rouge,Chéray,"Phare de Chassiron (sens 1, par Domino)",Du lundi au dimanche et jours fériés,3,12:15,SAINT-GEORGES-D'OLÉRON,Centre,saint georges d'oleron|centre,13:34,
9,Rouge,Chéray,"Phare de Chassiron (sens 1, par Domino)",Du lundi au dimanche et jours fériés,4,13:45,SAINT-GEORGES-D'OLÉRON,Centre,saint georges d'oleron|centre,15:04,
9,Rouge,Chéray,"Phare de Chassiron (sens 1, par Domino)",Du lundi au dimanche et jours fériés,5,15:15,SAINT-GEORGES-D'OLÉRON,Centre,saint georges d'oleron|centre,16:34,
9,Rouge,Chéray,"Phare de Chassiron (sens 1, par Domino)",Du lundi au dimanche et jours fériés,6,16:45,SAINT-GEORGES-D'OLÉRON,Centre,saint georges d'oleron|centre,18:04,
9,Rouge,Chéray,"Phare de Chassiron (sens 1, par Domino)",Du lundi au dimanche et jours fériés,7,18:15,SAINT-GEORGES-D'OLÉRON,Centre,saint georges d'oleron|centre,19:34,
9,Rouge,Chéray,"Phare de Chassiron (sens 1, par Domino)",Du lundi au dimanche et jours fériés,1,09:15,SAINT-GEORGES-D'OLÉRON,Chéray - Les 4 Moulins,saint georges d'oleron|cheray les 4 moulins,10:39,Correspondance navettes bleue et verte
9,Rouge,Chéray,"Phare de Chassiron (sens 1, par Domino)",Du lundi au dimanche et jours fériés,2,10:45,SAINT-GEORGES-D'OLÉRON,Chéray - Les 4 Moulins,saint georges d'oleron|cheray les 4 moulins,12:09,Correspondance navettes bleue et verte
9,Rouge,Chéray,"Phare de Chassiron (sens 1, par Domino)",Du lundi au dimanche et jours fériés,3,12:15,SAINT-GEORGES-D'OLÉRON,Chéray - Les 4 Moulins,saint georges d'oleron|cheray les 4 moulins,13:39,Correspondance navettes bleue et verte
9,Rouge,Chéray,"Phare de Chassiron (sens 1, par Domino)",Du lundi au dimanche et jours fériés,4,13:45,SAINT-GEORGES-D'OLÉRON,Chéray - Les 4 Moulins,saint georges d'oleron|cheray les 4 moulins,15:09,Correspondance navettes bleue et verte
9,Rouge,Chéray,"Phare de Chassiron (sens 1, par Domino)",Du lundi au dimanche et jours fériés,5,15:15,SAINT-GEORGES-D'OLÉRON,Chéray - Les 4 Moulins,saint georges d'oleron|cheray les 4 moulins,16:39,Correspondance navettes bleue et verte
9,Rouge,Chéray,"Phare de Chassiron (sens 1, par Domino)",Du lundi au dimanche et jours fériés,6,16:45,SAINT-GEORGES-D'OLÉRON,Chéray - Les 4 Moulins,saint georges d'oleron|cheray les 4 moulins,18:09,Correspondance navettes bleue et verte
9,Rouge,Chéray,"Phare de Chassiron (sens 1, par Domino)",Du lundi au dimanche et jours fériés,7,18:15,SAINT-GEORGES-D'OLÉRON,Chéray - Les 4 Moulins,saint georges d'oleron|cheray les 4 moulins,19:39,Correspondance navettes bleue et verte
10,Rouge,Chéray,"Phare de Chassiron (sens 2, par La Brée)",Du lundi au dimanche et jours fériés,1,09:15,SAINT-GEORGES-D'OLÉRON,Chéray - Les 4 Moulins,saint georges d'oleron|cheray les 4 moulins,09:15,Correspondance navettes bleue et verte
10,Rouge,Chéray,"Phare de Chassiron (sens 2, par La Brée)",Du lundi au dimanche et jours fériés,2,10:45,SAINT-GEORGES-D'OLÉRON,Chéray - Les 4 Moulins,saint georges d'oleron|cheray les 4 moulins,10:45,Correspondance navettes bleue et verte
10,Rouge,Chéray,"Phare de Chassiron (sens 2, par La Brée)",Du lundi au dimanche et jours fériés,3,12:15,SAINT-GEORGES-D'OLÉRON,Chéray - Les 4 Moulins,saint georges d'oleron|cheray les 4 moulins,12:15,Correspondance navettes bleue et verte
10,Rouge,Chéray,"Phare de Chassiron (sens 2, par La Brée)",Du lundi au dimanche et jours fériés,4,13:45,SAINT-GEORGES-D'OLÉRON,Chéray - Les 4 Moulins,saint georges d'oleron|cheray les 4 moulins,13:45,Correspondance navettes bleue et verte
10,Rouge,Chéray,"Phare de Chassiron (sens 2, par La Brée)",Du lundi au dimanche et jours fériés,5,15:15,SAINT-GEORGES-D'OLÉRON,Chéray - Les 4 Moulins,saint georges d'oleron|cheray les 4 moulins,15:15,Correspondance navettes bleue et verte
10,Rouge,Chéray,"Phare de Chassiron (sens 2, par La Brée)",Du lundi au dimanche et jours fériés,6,16:45,SAINT-GEORGES-D'OLÉRON,Chéray - Les 4 Moulins,saint georges d'oleron|cheray les 4 moulins,16:45,Correspondance navettes bleue et verte
10,Rouge,Chéray,"Phare de Chassiron (sens 2, par La Brée)",Du lundi au dimanche et jours fériés,7,18:15,SAINT-GEORGES-D'OLÉRON,Chéray - Les 4 Moulins,saint georges d'oleron|cheray les 4 moulins,18:15,Correspondance navettes bleue et verte
10,Rouge,Chéray,"Phare de Chassiron (sens 2, par La Brée)",Du lundi au dimanche et jours fériés,8,19:45,SAINT-GEORGES-D'OLÉRON,Chéray - Les 4 Moulins,saint georges d'oleron|cheray les 4 moulins,19:45,Correspondance navettes bleue et verte
10,Rouge,Chéray,"Phare de Chassiron (sens 2, par La Brée)",Du lundi au dimanche et jours fériés,1,09:15,SAINT-GEORGES-D'OLÉRON,Mairie,saint georges d'oleron|mairie,09:19,
10,Rouge,Chéray,"Phare de Chassiron (sens 2, par La Brée)",Du lundi au dimanche et jours fériés,2,10:45,SAINT-GEORGES-D'OLÉRON,Mairie,saint georges d'oleron|mairie,10:49,
10,Rouge,Chéray,"Phare de Chassiron (sens 2, par La Brée)",Du lundi au dimanche et jours fériés,3,12:15,SAINT-GEORGES-D'OLÉRON,Mairie,saint georges d'oleron|mairie,12:19,
10,Rouge,Chéray,"Phare de Chassiron (sens 2, par La Brée)",Du lundi au dimanche et jours fériés,4,13:45,SAINT-GEORGES-D'OLÉRON,Mairie,saint georges d'oleron|mairie,13:49,
10,Rouge,Chéray,"Phare de Chassiron (sens 2, par La Brée)",Du lundi au dimanche et jours fériés,5,15:15,SAINT-GEORGES-D'OLÉRON,Mairie,saint georges d'oleron|mairie,15:19,
10,Rouge,Chéray,"Phare de Chassiron (sens 2, par La Brée)",Du lundi au dimanche et jours fériés,6,16:45,SAINT-GEORGES-D'OLÉRON,Mairie,saint georges d'oleron|mairie,16:49,
10,Rouge,Chéray,"Phare de Chassiron (sens 2, par La Brée)",Du lundi au dimanche et jours fériés,7,18:15,SAINT-GEORGES-D'OLÉRON,Mairie,saint georges d'oleron|mairie,18:19,
10,Rouge,Chéray,"Phare de Chassiron (sens 2, par La Brée)",Du lundi au dimanche et jours fériés,8,19:45,SAINT-GEORGES-D'OLÉRON,Mairie,saint georges d'oleron|mairie,19:49,
10,Rouge,Chéray,"Phare de Chassiron (sens 2, par La Brée)",Du lundi au dimanche et jours fériés,1,09:15,SAINT-GEORGES-D'OLÉRON,Motel Saint Georges,saint georges d'oleron|motel saint georges,09:20,
10,Rouge,Chéray,"Phare de Chassiron (sens 2, par La Brée)",Du lundi au dimanche et jours fériés,2,10:45,SAINT-GEORGES-D'OLÉRON,Motel Saint Georges,saint georges d'oleron|motel saint georges,10:50,
10,Rouge,Chéray,"Phare de Chassiron (sens 2, par La Brée)",Du lundi au dimanche et jours fériés,3,12:15,SAINT-GEORGES-D'OLÉRON,Motel Saint Georges,saint georges d'oleron|motel saint georges,12:20,
10,Rouge,Chéray,"Phare de Chassiron (sens 2, par La Brée)",Du lundi au dimanche et jours fériés,4,13:45,SAINT-GEORGES-D'OLÉRON,Motel Saint Georges,saint georges d'oleron|motel saint georges,13:50,
10,Rouge,Chéray,"Phare de Chassiron (sens 2, par La Brée)",Du lundi au dimanche et jours fériés,5,15:15,SAINT-GEORGES-D'OLÉRON,Motel Saint Georges,saint georges d'oleron|motel saint georges,15:20,
10,Rouge,Chéray,"Phare de Chassiron (sens 2, par La Brée)",Du lundi au dimanche et jours fériés,6,16:45,SAINT-GEORGES-D'OLÉRON,Motel Saint Georges,saint georges d'oleron|motel saint georges,16:50,
10,Rouge,Chéray,"Phare de Chassiron (sens 2, par La Brée)",Du lundi au dimanche et jours fériés,7,18:15,SAINT-GEORGES-D'OLÉRON,Motel Saint Georges,saint georges d'oleron|motel saint georges,18:20,
10,Rouge,Chéray,"Phare de Chassiron (sens 2, par La Brée)",Du lundi au dimanche et jours fériés,8,19:45,SAINT-GEORGES-D'OLÉRON,Motel Saint Georges,saint georges d'oleron|motel saint georges,19:50,
10,Rouge,Chéray,"Phare de Chassiron (sens 2, par La Brée)",Du lundi au dimanche et jours fériés,1,09:15,SAINT-GEORGES-D'OLÉRON,Camping Verébleu,saint georges d'oleron|camping verebleu,09:23,
10,Rouge,Chéray,"Phare de Chassiron (sens 2, par La Brée)",Du lundi au dimanche et jours fériés,2,10:45,SAINT-GEORGES-D'OLÉRON,Camping Verébleu,saint georges d'oleron|camping verebleu,10:53,
10,Rouge,Chéray,"Phare de Chassiron (sens 2, par La Brée)",Du lundi au dimanche et jours fériés,3,12:15,SAINT-GEORGES-D'OLÉRON,Camping Verébleu,saint georges d'oleron|camping verebleu,12:23,
10,Rouge,Chéray,"Phare de Chassiron (sens 2, par La Brée)",Du lundi au dimanche et jours fériés,4,13:45,SAINT-GEORGES-D'OLÉRON,Camping Verébleu,saint georges d'oleron|camping verebleu,13:53,
10,Rouge,Chéray,"Phare de Chassiron (sens 2, par La Brée)",Du lundi au dimanche et jours fériés,5,15:15,SAINT-GEORGES-D'OLÉRON,Camping Verébleu,saint georges d'oleron|camping verebleu,15:23,
10,Rouge,Chéray,"Phare de Chassiron (sens 2, par La Brée)",Du lundi au dimanche et jours fériés,6,16:45,SAINT-GEORGES-D'OLÉRON,Camping Verébleu,saint georges d'oleron|camping verebleu,16:53,
10,Rouge,Chéray,"Phare de Chassiron (sens 2, par La Brée)",Du lundi au dimanche et jours fériés,7,18:15,SAINT-GEORGES-D'OLÉRON,Camping Verébleu,saint georges d'oleron|camping verebleu,18:23,
10,Rouge,Chéray,"Phare de Chassiron (sens 2, par La Brée)",Du lundi au dimanche et jours fériés,8,19:45,SAINT-GEORGES-D'OLÉRON,Camping Verébleu,saint georges d'oleron|camping verebleu,19:53,
10,Rouge,Chéray,"Phare de Chassiron (sens 2, par La Brée)",Du lundi au dimanche et jours fériés,1,09:15,SAINT-GEORGES-D'OLÉRON,Camping Oléron Loisirs,saint georges d'oleron|camping oleron loisirs,09:24,
10,Rouge,Chéray,"Phare de Chassiron (sens 2, par La Brée)",Du lundi au dimanche et jours fériés,2,10:45,SAINT-GEORGES-D'OLÉRON,Camping Oléron Loisirs,saint georges d'oleron|camping oleron loisirs,10:54,
10,Rouge,Chéray,"Phare de Chassiron (sens 2, par La Brée)",Du lundi au dimanche et jours fériés,3,12:15,SAINT-GEORGES-D'OLÉRON,Camping Oléron Loisirs,saint georges d'oleron|camping oleron loisirs,12:24,
10,Rouge,Chéray,"Phare de Chassiron (sens 2, par La Brée)",Du lundi au dimanche et jours fériés,4,13:45,SAINT-GEORGES-D'OLÉRON,Camping Oléron Loisirs,saint georges d'oleron|camping oleron loisirs,13:54,
10,Rouge,Chéray,"Phare de Chassiron (sens 2, par La Brée)",Du lundi au dimanche et jours fériés,5,15:15,SAINT-GEORGES-D'OLÉRON,Camping Oléron Loisirs,saint georges d'oleron|camping oleron loisirs,15:24,
10,Rouge,Chéray,"Phare de Chassiron (sens 2, par La Brée)",Du lundi au dimanche et jours fériés,6,16:45,SAINT-GEORGES-D'OLÉRON,Camping Oléron Loisirs,saint georges d'oleron|camping oleron loisirs,16:54,
10,Rouge,Chéray,"Phare de Chassiron (sens 2, par La Brée)",Du lundi au dimanche et jours fériés,7,18:15,SAINT-GEORGES-D'OLÉRON,Camping Oléron Loisirs,saint georges d'oleron|camping oleron loisirs,18:24,
10,Rouge,Chéray,"Phare de Chassiron (sens 2, par La Brée)",Du lundi au dimanche et jours fériés,8,19:45,SAINT-GEORGES-D'OLÉRON,Camping Oléron Loisirs,saint georges d'oleron|camping oleron loisirs,19:54,
10,Rouge,Chéray,"Phare de Chassiron (sens 2, par La Brée)",Du lundi au dimanche et jours fériés,1,09:15,SAINT-GEORGES-D'OLÉRON,Plage de Foulerot,saint georges d'oleron|plage de foulerot,09:29,
10,Rouge,Chéray,"Phare de Chassiron (sens 2, par La Brée)",Du lundi au dimanche et jours fériés,2,10:45,SAINT-GEORGES-D'OLÉRON,Plage de Foulerot,saint georges d'oleron|plage de foulerot,10:59,
10,Rouge,Chéray,"Phare de Chassiron (sens 2, par La Brée)",Du lundi au dimanche et jours fériés,3,12:15,SAINT-GEORGES-D'OLÉRON,Plage de Foulerot,saint georges d'oleron|plage de foulerot,12:29,
10,Rouge,Chéray,"Phare de Chassiron (sens 2, par La Brée)",Du lundi au dimanche et jours fériés,4,13:45,SAINT-GEORGES-D'OLÉRON,Plage de Foulerot,saint georges d'oleron|plage de foulerot,13:59,
10,Rouge,Chéray,"Phare de Chassiron (sens 2, par La Brée)",Du lundi au dimanche et jours fériés,5,15:15,SAINT-GEORGES-D'OLÉRON,Plage de Foulerot,saint georges d'oleron|plage de foulerot,15:29,
10,Rouge,Chéray,"Phare de Chassiron (sens 2, par La Brée)",Du lundi au dimanche et jours fériés,6,16:45,SAINT-GEORGES-D'OLÉRON,Plage de Foulerot,saint georges d'oleron|plage de foulerot,16:59,
10,Rouge,Chéray,"Phare de Chassiron (sens 2, par La Brée)",Du lundi au dimanche et jours fériés,7,18:15,SAINT-GEORGES-D'OLÉRON,Plage de Foulerot,saint georges d'oleron|plage de foulerot,18:29,
10,Rouge,Chéray,"Phare de Chassiron (sens 2, par La Brée)",Du lundi au dimanche et jours fériés,8,19:45,SAINT-GEORGES-D'OLÉRON,Plage de Foulerot,saint georges d'oleron|plage de foulerot,19:59,
10,Rouge,Chéray,"Phare de Chassiron (sens 2, par La Brée)",Du lundi au dimanche et jours fériés,1,09:15,SAINT-GEORGES-D'OLÉRON,Plage de Plaisance,saint georges d'oleron|plage de plaisance,09:30,
10,Rouge,Chéray,"Phare de Chassiron (sens 2, par La Brée)",Du lundi au dimanche et jours fériés,2,10:45,SAINT-GEORGES-D'OLÉRON,Plage de Plaisance,saint georges d'oleron|plage de plaisance,11:00,
10,Rouge,Chéray,"Phare de Chassiron (sens 2, par La Brée)",Du lundi au dimanche et jours fériés,3,12:15,SAINT-GEORGES-D'OLÉRON,Plage de Plaisance,saint georges d'oleron|plage de plaisance,12:30,
10,Rouge,Chéray,"Phare de Chassiron (sens 2, par La Brée)",Du lundi au dimanche et jours fériés,4,13:45,SAINT-GEORGES-D'OLÉRON,Plage de Plaisance,saint georges d'oleron|plage de plaisance,14:00,
10,Rouge,Chéray,"Phare de Chassiron (sens 2, par La Brée)",Du lundi au dimanche et jours fériés,5,15:15,SAINT-GEORGES-D'OLÉRON,Plage de Plaisance,saint georges d'oleron|plage de plaisance,15:30,
10,Rouge,Chéray,"Phare de Chassiron (sens 2, par La Brée)",Du lundi au dimanche et jours fériés,6,16:45,SAINT-GEORGES-D'OLÉRON,Plage de Plaisance,saint georges d'oleron|plage de plaisance,17:00,
10,Rouge,Chéray,"Phare de Chassiron (sens 2, par La Brée)",Du lundi au dimanche et jours fériés,7,18:15,SAINT-GEORGES-D'OLÉRON,Plage de Plaisance,saint georges d'oleron|plage de plaisance,18:30,
10,Rouge,Chéray,"Phare de Chassiron (sens 2, par La Brée)",Du lundi au dimanche et jours fériés,8,19:45,SAINT-GEORGES-D'OLÉRON,Plage de Plaisance,saint georges d'oleron|plage de plaisance,20:00,
10,Rouge,Chéray,"Phare de Chassiron (sens 2, par La Brée)",Du lundi au dimanche et jours fériés,1,09:15,SAINT-GEORGES-D'OLÉRON,Port du Douhet,saint georges d'oleron|port du douhet,09:31,
10,Rouge,Chéray,"Phare de Chassiron (sens 2, par La Brée)",Du lundi au dimanche et jours fériés,2,10:45,SAINT-GEORGES-D'OLÉRON,Port du Douhet,saint georges d'oleron|port du douhet,11:01,
10,Rouge,Chéray,"Phare de Chassiron (sens 2, par La Brée)",Du lundi au dimanche et jours fériés,3,12:15,SAINT-GEORGES-D'OLÉRON,Port du Douhet,saint georges d'oleron|port du douhet,12:31,
10,Rouge,Chéray,"Phare de Chassiron (sens 2, par La Brée)",Du lundi au dimanche et jours fériés,4,13:45,SAINT-GEORGES-D'OLÉRON,Port du Douhet,saint georges d'oleron|port du douhet,14:01,
10,Rouge,Chéray,"Phare de Chassiron (sens 2, par La Brée)",Du lundi au dimanche et jours fériés,5,15:15,SAINT-GEORGES-D'OLÉRON,Port du Douhet,saint georges d'oleron|port du douhet,15:31,
10,Rouge,Chéray,"Phare de Chassiron (sens 2, par La Brée)",Du lundi au dimanche et jours fériés,6,16:45,SAINT-GEORGES-D'OLÉRON,Port du Douhet,saint georges d'oleron|port du douhet,17:01,
10,Rouge,Chéray,"Phare de Chassiron (sens 2, par La Brée)",Du lundi au dimanche et jours fériés,7,18:15,SAINT-GEORGES-D'OLÉRON,Port du Douhet,saint georges d'oleron|port du douhet,18:31,
10,Rouge,Chéray,"Phare de Chassiron (sens 2, par La Brée)",Du lundi au dimanche et jours fériés,8,19:45,SAINT-GEORGES-D'OLÉRON,Port du Douhet,saint georges d'oleron|port du douhet,20:01,
10,Rouge,Chéray,"Phare de Chassiron (sens 2, par La Brée)",Du lundi au dimanche et jours fériés,1,09:15,LA BRÉE-LES-BAINS,Le Moulin de La Brée,la bree les bains|le moulin de la bree,09:38,
10,Rouge,Chéray,"Phare de Chassiron (sens 2, par La Brée)",Du lundi au dimanche et jours fériés,2,10:45,LA BRÉE-LES-BAINS,Le Moulin de La Brée,la bree les bains|le moulin de la bree,11:08,
10,Rouge,Chéray,"Phare de Chassiron (sens 2, par La Brée)",Du lundi au dimanche et jours fériés,3,12:15,LA BRÉE-LES-BAINS,Le Moulin de La Brée,la bree les bains|le moulin de la bree,12:38,
10,Rouge,Chéray,"Phare de Chassiron (sens 2, par La Brée)",Du lundi au dimanche et jours fériés,4,13:45,LA BRÉE-LES-BAINS,Le Moulin de La Brée,la bree les bains|le moulin de la bree,14:08,
10,Rouge,Chéray,"Phare de Chassiron (sens 2, par La Brée)",Du lundi au dimanche et jours fériés,5,15:15,LA BRÉE-LES-BAINS,Le Moulin de La Brée,la bree les bains|le moulin de la bree,15:38,
10,Rouge,Chéray,"Phare de Chassiron (sens 2, par La Brée)",Du lundi au dimanche et jours fériés,6,16:45,LA BRÉE-LES-BAINS,Le Moulin de La Brée,la bree les bains|le moulin de la bree,17:08,
10,Rouge,Chéray,"Phare de Chassiron (sens 2, par La Brée)",Du lundi au dimanche et jours fériés,7,18:15,LA BRÉE-LES-BAINS,Le Moulin de La Brée,la bree les bains|le moulin de la bree,18:38,
10,Rouge,Chéray,"Phare de Chassiron (sens 2, par La Brée)",Du lundi au dimanche et jours fériés,8,19:45,LA BRÉE-LES-BAINS,Le Moulin de La Brée,la bree les bains|le moulin de la bree,20:08,
10,Rouge,Chéray,"Phare de Chassiron (sens 2, par La Brée)",Du lundi au dimanche et jours fériés,1,09:15,LA BRÉE-LES-BAINS,Office de tourisme,la bree les bains|office de tourisme,09:41,
10,Rouge,Chéray,"Phare de Chassiron (sens 2, par La Brée)",Du lundi au dimanche et jours fériés,2,10:45,LA BRÉE-LES-BAINS,Office de tourisme,la bree les bains|office de tourisme,11:11,
10,Rouge,Chéray,"Phare de Chassiron (sens 2, par La Brée)",Du lundi au dimanche et jours fériés,3,12:15,LA BRÉE-LES-BAINS,Office de tourisme,la bree les bains|office de tourisme,12:41,
10,Rouge,Chéray,"Phare de Chassiron (sens 2, par La Brée)",Du lundi au dimanche et jours fériés,4,13:45,LA BRÉE-LES-BAINS,Office de tourisme,la bree les bains|office de tourisme,14:11,
10,Rouge,Chéray,"Phare de Chassiron (sens 2, par La Brée)",Du lundi au dimanche et jours fériés,5,15:15,LA BRÉE-LES-BAINS,Office de tourisme,la bree les bains|office de tourisme,15:41,
10,Rouge,Chéray,"Phare de Chassiron (sens 2, par La Brée)",Du lundi au dimanche et jours fériés,6,16:45,LA BRÉE-LES-BAINS,Office de tourisme,la bree les bains|office de tourisme,17:11,
10,Rouge,Chéray,"Phare de Chassiron (sens 2, par La Brée)",Du lundi au dimanche et jours fériés,7,18:15,LA BRÉE-LES-BAINS,Office de tourisme,la bree les bains|office de tourisme,18:41,
10,Rouge,Chéray,"Phare de Chassiron (sens 2, par La Brée)",Du lundi au dimanche et jours fériés,8,19:45,LA BRÉE-LES-BAINS,Office de tourisme,la bree les bains|office de tourisme,20:11,
10,Rouge,Chéray,"Phare de Chassiron (sens 2, par La Brée)",Du lundi au dimanche et jours fériés,1,09:15,LA BRÉE-LES-BAINS,Camping Le Planginot,la bree les bains|camping le planginot,09:45,
10,Rouge,Chéray,"Phare de Chassiron (sens 2, par La Brée)",Du lundi au dimanche et jours fériés,2,10:45,LA BRÉE-LES-BAINS,Camping Le Planginot,la bree les bains|camping le planginot,11:15,
10,Rouge,Chéray,"Phare de Chassiron (sens 2, par La Brée)",Du lundi au dimanche et jours fériés,3,12:15,LA BRÉE-LES-BAINS,Camping Le Planginot,la bree les bains|camping le planginot,12:45,
10,Rouge,Chéray,"Phare de Chassiron (sens 2, par La Brée)",Du lundi au dimanche et jours fériés,4,13:45,LA BRÉE-LES-BAINS,Camping Le Planginot,la bree les bains|camping le planginot,14:15,
10,Rouge,Chéray,"Phare de Chassiron (sens 2, par La Brée)",Du lundi au dimanche et jours fériés,5,15:15,LA BRÉE-LES-BAINS,Camping Le Planginot,la bree les bains|camping le planginot,15:45,
10,Rouge,Chéray,"Phare de Chassiron (sens 2, par La Brée)",Du lundi au dimanche et jours fériés,6,16:45,LA BRÉE-LES-BAINS,Camping Le Planginot,la bree les bains|camping le planginot,17:15,
10,Rouge,Chéray,"Phare de Chassiron (sens 2, par La Brée)",Du lundi au dimanche et jours fériés,7,18:15,LA BRÉE-LES-BAINS,Camping Le Planginot,la bree les bains|camping le planginot,18:45,
10,Rouge,Chéray,"Phare de Chassiron (sens 2, par La Brée)",Du lundi au dimanche et jours fériés,8,19:45,LA BRÉE-LES-BAINS,Camping Le Planginot,la bree les bains|camping le planginot,20:15,
10,Rouge,Chéray,"Phare de Chassiron (sens 2, par La Brée)",Du lundi au dimanche et jours fériés,1,09:15,LA BRÉE-LES-BAINS,Plage de Prouard,la bree les bains|plage de prouard,09:46,
10,Rouge,Chéray,"Phare de Chassiron (sens 2, par La Brée)",Du lundi au dimanche et jours fériés,2,10:45,LA BRÉE-LES-BAINS,Plage de Prouard,la bree les bains|plage de prouard,11:16,
10,Rouge,Chéray,"Phare de Chassiron (sens 2, par La Brée)",Du lundi au dimanche et jours fériés,3,12:15,LA BRÉE-LES-BAINS,Plage de Prouard,la bree les bains|plage de prouard,12:46,
10,Rouge,Chéray,"Phare de Chassiron (sens 2, par La Brée)",Du lundi au dimanche et jours fériés,4,13:45,LA BRÉE-LES-BAINS,Plage de Prouard,la bree les bains|plage de prouard,14:16,
10,Rouge,Chéray,"Phare de Chassiron (sens 2, par La Brée)",Du lundi au dimanche et jours fériés,5,15:15,LA BRÉE-LES-BAINS,Plage de Prouard,la bree les bains|plage de prouard,15:46,
10,Rouge,Chéray,"Phare de Chassiron (sens 2, par La Brée)",Du lundi au dimanche et jours fériés,6,16:45,LA BRÉE-LES-BAINS,Plage de Prouard,la bree les bains|plage de prouard,17:16,
10,Rouge,Chéray,"Phare de Chassiron (sens 2, par La Brée)",Du lundi au dimanche et jours fériés,7,18:15,LA BRÉE-LES-BAINS,Plage de Prouard,la bree les bains|plage de prouard,18:46,
10,Rouge,Chéray,"Phare de Chassiron (sens 2, par La Brée)",Du lundi au dimanche et jours fériés,8,19:45,LA BRÉE-LES-BAINS,Plage de Prouard,la bree les bains|plage de prouard,20:16,
10,Rouge,Chéray,"Phare de Chassiron (sens 2, par La Brée)",Du lundi au dimanche et jours fériés,1,09:15,SAINT-DENIS-D'OLÉRON,Camping Cap soleil,saint denis d'oleron|camping cap soleil,09:47,
10,Rouge,Chéray,"Phare de Chassiron (sens 2, par La Brée)",Du lundi au dimanche et jours fériés,2,10:45,SAINT-DENIS-D'OLÉRON,Camping Cap soleil,saint denis d'oleron|camping cap soleil,11:17,
10,Rouge,Chéray,"Phare de Chassiron (sens 2, par La Brée)",Du lundi au dimanche et jours fériés,3,12:15,SAINT-DENIS-D'OLÉRON,Camping Cap soleil,saint denis d'oleron|camping cap soleil,12:47,
10,Rouge,Chéray,"Phare de Chassiron (sens 2, par La Brée)",Du lundi au dimanche et jours fériés,4,13:45,SAINT-DENIS-D'OLÉRON,Camping Cap soleil,saint denis d'oleron|camping cap soleil,14:17,
10,Rouge,Chéray,"Phare de Chassiron (sens 2, par La Brée)",Du lundi au dimanche et jours fériés,5,15:15,SAINT-DENIS-D'OLÉRON,Camping Cap soleil,saint denis d'oleron|camping cap soleil,15:47,
10,Rouge,Chéray,"Phare de Chassiron (sens 2, par La Brée)",Du lundi au dimanche et jours fériés,6,16:45,SAINT-DENIS-D'OLÉRON,Camping Cap soleil,saint denis d'oleron|camping cap soleil,17:17,
10,Rouge,Chéray,"Phare de Chassiron (sens 2, par La Brée)",Du lundi au dimanche et jours fériés,7,18:15,SAINT-DENIS-D'OLÉRON,Camping Cap soleil,saint denis d'oleron|camping cap soleil,18:47,
10,Rouge,Chéray,"Phare de Chassiron (sens 2, par La Brée)",Du lundi au dimanche et jours fériés,8,19:45,SAINT-DENIS-D'OLÉRON,Camping Cap soleil,saint denis d'oleron|camping cap soleil,20:17,
10,Rouge,Chéray,"Phare de Chassiron (sens 2, par La Brée)",Du lundi au dimanche et jours fériés,1,09:15,SAINT-DENIS-D'OLÉRON,Aire de camping-cars,saint denis d'oleron|aire de camping cars,09:54,
10,Rouge,Chéray,"Phare de Chassiron (sens 2, par La Brée)",Du lundi au dimanche et jours fériés,2,10:45,SAINT-DENIS-D'OLÉRON,Aire de camping-cars,saint denis d'oleron|aire de camping cars,11:24,
10,Rouge,Chéray,"Phare de Chassiron (sens 2, par La Brée)",Du lundi au dimanche et jours fériés,3,12:15,SAINT-DENIS-D'OLÉRON,Aire de camping-cars,saint denis d'oleron|aire de camping cars,12:54,
10,Rouge,Chéray,"Phare de Chassiron (sens 2, par La Brée)",Du lundi au dimanche et jours fériés,4,13:45,SAINT-DENIS-D'OLÉRON,Aire de camping-cars,saint denis d'oleron|aire de camping cars,14:24,
10,Rouge,Chéray,"Phare de Chassiron (sens 2, par La Brée)",Du lundi au dimanche et jours fériés,5,15:15,SAINT-DENIS-D'OLÉRON,Aire de camping-cars,saint denis d'oleron|aire de camping cars,15:54,
10,Rouge,Chéray,"Phare de Chassiron (sens 2, par La Brée)",Du lundi au dimanche et jours fériés,6,16:45,SAINT-DENIS-D'OLÉRON,Aire de camping-cars,saint denis d'oleron|aire de camping cars,17:24,
10,Rouge,Chéray,"Phare de Chassiron (sens 2, par La Brée)",Du lundi au dimanche et jours fériés,7,18:15,SAINT-DENIS-D'OLÉRON,Aire de camping-cars,saint denis d'oleron|aire de camping cars,18:54,
10,Rouge,Chéray,"Phare de Chassiron (sens 2, par La Brée)",Du lundi au dimanche et jours fériés,8,19:45,SAINT-DENIS-D'OLÉRON,Aire de camping-cars,saint denis d'oleron|aire de camping cars,20:24,
10,Rouge,Chéray,"Phare de Chassiron (sens 2, par La Brée)",Du lundi au dimanche et jours fériés,1,09:15,SAINT-DENIS-D'OLÉRON,Parking Fel,saint denis d'oleron|parking fel,09:56,
10,Rouge,Chéray,"Phare de Chassiron (sens 2, par La Brée)",Du lundi au dimanche et jours fériés,2,10:45,SAINT-DENIS-D'OLÉRON,Parking Fel,saint denis d'oleron|parking fel,11:26,
10,Rouge,Chéray,"Phare de Chassiron (sens 2, par La Brée)",Du lundi au dimanche et jours fériés,3,12:15,SAINT-DENIS-D'OLÉRON,Parking Fel,saint denis d'oleron|parking fel,12:56,
10,Rouge,Chéray,"Phare de Chassiron (sens 2, par La Brée)",Du lundi au dimanche et jours fériés,4,13:45,SAINT-DENIS-D'OLÉRON,Parking Fel,saint denis d'oleron|parking fel,14:26,
10,Rouge,Chéray,"Phare de Chassiron (sens 2, par La Brée)",Du lundi au dimanche et jours fériés,5,15:15,SAINT-DENIS-D'OLÉRON,Parking Fel,saint denis d'oleron|parking fel,15:56,
10,Rouge,Chéray,"Phare de Chassiron (sens 2, par La Brée)",Du lundi au dimanche et jours fériés,6,16:45,SAINT-DENIS-D'OLÉRON,Parking Fel,saint denis d'oleron|parking fel,17:26,
10,Rouge,Chéray,"Phare de Chassiron (sens 2, par La Brée)",Du lundi au dimanche et jours fériés,7,18:15,SAINT-DENIS-D'OLÉRON,Parking Fel,saint denis d'oleron|parking fel,18:56,
10,Rouge,Chéray,"Phare de Chassiron (sens 2, par La Brée)",Du lundi au dimanche et jours fériés,8,19:45,SAINT-DENIS-D'OLÉRON,Parking Fel,saint denis d'oleron|parking fel,20:26,
10,Rouge,Chéray,"Phare de Chassiron (sens 2, par La Brée)",Du lundi au dimanche et jours fériés,1,09:15,SAINT-DENIS-D'OLÉRON,Camping municipal,saint denis d'oleron|camping municipal,09:57,
10,Rouge,Chéray,"Phare de Chassiron (sens 2, par La Brée)",Du lundi au dimanche et jours fériés,2,10:45,SAINT-DENIS-D'OLÉRON,Camping municipal,saint denis d'oleron|camping municipal,11:27,
10,Rouge,Chéray,"Phare de Chassiron (sens 2, par La Brée)",Du lundi au dimanche et jours fériés,3,12:15,SAINT-DENIS-D'OLÉRON,Camping municipal,saint denis d'oleron|camping municipal,12:57,
10,Rouge,Chéray,"Phare de Chassiron (sens 2, par La Brée)",Du lundi au dimanche et jours fériés,4,13:45,SAINT-DENIS-D'OLÉRON,Camping municipal,saint denis d'oleron|camping municipal,14:27,
10,Rouge,Chéray,"Phare de Chassiron (sens 2, par La Brée)",Du lundi au dimanche et jours fériés,5,15:15,SAINT-DENIS-D'OLÉRON,Camping municipal,saint denis d'oleron|camping municipal,15:57,
10,Rouge,Chéray,"Phare de Chassiron (sens 2, par La Brée)",Du lundi au dimanche et jours fériés,6,16:45,SAINT-DENIS-D'OLÉRON,Camping municipal,saint denis d'oleron|camping municipal,17:27,
10,Rouge,Chéray,"Phare de Chassiron (sens 2, par La Brée)",Du lundi au dimanche et jours fériés,7,18:15,SAINT-DENIS-D'OLÉRON,Camping municipal,saint denis d'oleron|camping municipal,18:57,
10,Rouge,Chéray,"Phare de Chassiron (sens 2, par La Brée)",Du lundi au dimanche et jours fériés,8,19:45,SAINT-DENIS-D'OLÉRON,Camping municipal,saint denis d'oleron|camping municipal,20:27,
10,Rouge,Chéray,"Phare de Chassiron (sens 2, par La Brée)",Du lundi au dimanche et jours fériés,1,09:15,SAINT-DENIS-D'OLÉRON,Le Port,saint denis d'oleron|le port,09:58,
10,Rouge,Chéray,"Phare de Chassiron (sens 2, par La Brée)",Du lundi au dimanche et jours fériés,2,10:45,SAINT-DENIS-D'OLÉRON,Le Port,saint denis d'oleron|le port,11:28,
10,Rouge,Chéray,"Phare de Chassiron (sens 2, par La Brée)",Du lundi au dimanche et jours fériés,3,12:15,SAINT-DENIS-D'OLÉRON,Le Port,saint denis d'oleron|le port,12:58,
10,Rouge,Chéray,"Phare de Chassiron (sens 2, par La Brée)",Du lundi au dimanche et jours fériés,4,13:45,SAINT-DENIS-D'OLÉRON,Le Port,saint denis d'oleron|le port,14:28,
10,Rouge,Chéray,"Phare de Chassiron (sens 2, par La Brée)",Du lundi au dimanche et jours fériés,5,15:15,SAINT-DENIS-D'OLÉRON,Le Port,saint denis d'oleron|le port,15:58,
10,Rouge,Chéray,"Phare de Chassiron (sens 2, par La Brée)",Du lundi au dimanche et jours fériés,6,16:45,SAINT-DENIS-D'OLÉRON,Le Port,saint denis d'oleron|le port,17:28,
10,Rouge,Chéray,"Phare de Chassiron (sens 2, par La Brée)",Du lundi au dimanche et jours fériés,7,18:15,SAINT-DENIS-D'OLÉRON,Le Port,saint denis d'oleron|le port,18:58,
10,Rouge,Chéray,"Phare de Chassiron (sens 2, par La Brée)",Du lundi au dimanche et jours fériés,8,19:45,SAINT-DENIS-D'OLÉRON,Le Port,saint denis d'oleron|le port,20:28,
10,Rouge,Chéray,"Phare de Chassiron (sens 2, par La Brée)",Du lundi au dimanche et jours fériés,1,09:15,SAINT-DENIS-D'OLÉRON,Village vacances - Camping Les Beaupins,saint denis d'oleron|village vacances camping les beaupins,10:07,
10,Rouge,Chéray,"Phare de Chassiron (sens 2, par La Brée)",Du lundi au dimanche et jours fériés,2,10:45,SAINT-DENIS-D'OLÉRON,Village vacances - Camping Les Beaupins,saint denis d'oleron|village vacances camping les beaupins,11:37,
10,Rouge,Chéray,"Phare de Chassiron (sens 2, par La Brée)",Du lundi au dimanche et jours fériés,3,12:15,SAINT-DENIS-D'OLÉRON,Village vacances - Camping Les Beaupins,saint denis d'oleron|village vacances camping les beaupins,13:07,
10,Rouge,Chéray,"Phare de Chassiron (sens 2, par La Brée)",Du lundi au dimanche et jours fériés,4,13:45,SAINT-DENIS-D'OLÉRON,Village vacances - Camping Les Beaupins,saint denis d'oleron|village vacances camping les beaupins,14:37,
10,Rouge,Chéray,"Phare de Chassiron (sens 2, par La Brée)",Du lundi au dimanche et jours fériés,5,15:15,SAINT-DENIS-D'OLÉRON,Village vacances - Camping Les Beaupins,saint denis d'oleron|village vacances camping les beaupins,16:07,
10,Rouge,Chéray,"Phare de Chassiron (sens 2, par La Brée)",Du lundi au dimanche et jours fériés,6,16:45,SAINT-DENIS-D'OLÉRON,Village vacances - Camping Les Beaupins,saint denis d'oleron|village vacances camping les beaupins,17:37,
10,Rouge,Chéray,"Phare de Chassiron (sens 2, par La Brée)",Du lundi au dimanche et jours fériés,7,18:15,SAINT-DENIS-D'OLÉRON,Village vacances - Camping Les Beaupins,saint denis d'oleron|village vacances camping les beaupins,19:07,
10,Rouge,Chéray,"Phare de Chassiron (sens 2, par La Brée)",Du lundi au dimanche et jours fériés,8,19:45,SAINT-DENIS-D'OLÉRON,Village vacances - Camping Les Beaupins,saint denis d'oleron|village vacances camping les beaupins,20:37,
10,Rouge,Chéray,"Phare de Chassiron (sens 2, par La Brée)",Du lundi au dimanche et jours fériés,1,09:15,SAINT-DENIS-D'OLÉRON,Phare de Chassiron,saint denis d'oleron|phare de chassiron,10:09,
10,Rouge,Chéray,"Phare de Chassiron (sens 2, par La Brée)",Du lundi au dimanche et jours fériés,2,10:45,SAINT-DENIS-D'OLÉRON,Phare de Chassiron,saint denis d'oleron|phare de chassiron,11:39,
10,Rouge,Chéray,"Phare de Chassiron (sens 2, par La Brée)",Du lundi au dimanche et jours fériés,3,12:15,SAINT-DENIS-D'OLÉRON,Phare de Chassiron,saint denis d'oleron|phare de chassiron,13:09,
10,Rouge,Chéray,"Phare de Chassiron (sens 2, par La Brée)",Du lundi au dimanche et jours fériés,4,13:45,SAINT-DENIS-D'OLÉRON,Phare de Chassiron,saint denis d'oleron|phare de chassiron,14:39,
10,Rouge,Chéray,"Phare de Chassiron (sens 2, par La Brée)",Du lundi au dimanche et jours fériés,5,15:15,SAINT-DENIS-D'OLÉRON,Phare de Chassiron,saint denis d'oleron|phare de chassiron,16:09,
10,Rouge,Chéray,"Phare de Chassiron (sens 2, par La Brée)",Du lundi au dimanche et jours fériés,6,16:45,SAINT-DENIS-D'OLÉRON,Phare de Chassiron,saint denis d'oleron|phare de chassiron,17:39,
10,Rouge,Chéray,"Phare de Chassiron (sens 2, par La Brée)",Du lundi au dimanche et jours fériés,7,18:15,SAINT-DENIS-D'OLÉRON,Phare de Chassiron,saint denis d'oleron|phare de chassiron,19:09,
10,Rouge,Chéray,"Phare de Chassiron (sens 2, par La Brée)",Du lundi au dimanche et jours fériés,8,19:45,SAINT-DENIS-D'OLÉRON,Phare de Chassiron,saint denis d'oleron|phare de chassiron,20:39,
10,Rouge,Chéray,"Phare de Chassiron (sens 2, par La Brée)",Du lundi au dimanche et jours fériés,1,09:15,SAINT-DENIS-D'OLÉRON,Camping Les Huttes,saint denis d'oleron|camping les huttes,10:15,
10,Rouge,Chéray,"Phare de Chassiron (sens 2, par La Brée)",Du lundi au dimanche et jours fériés,2,10:45,SAINT-DENIS-D'OLÉRON,Camping Les Huttes,saint denis d'oleron|camping les huttes,11:45,
10,Rouge,Chéray,"Phare de Chassiron (sens 2, par La Brée)",Du lundi au dimanche et jours fériés,3,12:15,SAINT-DENIS-D'OLÉRON,Camping Les Huttes,saint denis d'oleron|camping les huttes,13:15,
10,Rouge,Chéray,"Phare de Chassiron (sens 2, par La Brée)",Du lundi au dimanche et jours fériés,4,13:45,SAINT-DENIS-D'OLÉRON,Camping Les Huttes,saint denis d'oleron|camping les huttes,14:45,
10,Rouge,Chéray,"Phare de Chassiron (sens 2, par La Brée)",Du lundi au dimanche et jours fériés,5,15:15,SAINT-DENIS-D'OLÉRON,Camping Les Huttes,saint denis d'oleron|camping les huttes,16:15,
10,Rouge,Chéray,"Phare de Chassiron (sens 2, par La Brée)",Du lundi au dimanche et jours fériés,6,16:45,SAINT-DENIS-D'OLÉRON,Camping Les Huttes,saint denis d'oleron|camping les huttes,17:45,
10,Rouge,Chéray,"Phare de Chassiron (sens 2, par La Brée)",Du lundi au dimanche et jours fériés,7,18:15,SAINT-DENIS-D'OLÉRON,Camping Les Huttes,saint denis d'oleron|camping les huttes,19:15,
10,Rouge,Chéray,"Phare de Chassiron (sens 2, par La Brée)",Du lundi au dimanche et jours fériés,1,09:15,SAINT-DENIS-D'OLÉRON,Les Hameaux des Marines,saint denis d'oleron|les hameaux des marines,10:16,
10,Rouge,Chéray,"Phare de Chassiron (sens 2, par La Brée)",Du lundi au dimanche et jours fériés,2,10:45,SAINT-DENIS-D'OLÉRON,Les Hameaux des Marines,saint denis d'oleron|les hameaux des marines,11:46,
10,Rouge,Chéray,"Phare de Chassiron (sens 2, par La Brée)",Du lundi au dimanche et jours fériés,3,12:15,SAINT-DENIS-D'OLÉRON,Les Hameaux des Marines,saint denis d'oleron|les hameaux des marines,13:16,
10,Rouge,Chéray,"Phare de Chassiron (sens 2, par La Brée)",Du lundi au dimanche et jours fériés,4,13:45,SAINT-DENIS-D'OLÉRON,Les Hameaux des Marines,saint denis d'oleron|les hameaux des marines,14:46,
10,Rouge,Chéray,"Phare de Chassiron (sens 2, par La Brée)",Du lundi au dimanche et jours fériés,5,15:15,SAINT-DENIS-D'OLÉRON,Les Hameaux des Marines,saint denis d'oleron|les hameaux des marines,16:16,
10,Rouge,Chéray,"Phare de Chassiron (sens 2, par La Brée)",Du lundi au dimanche et jours fériés,6,16:45,SAINT-DENIS-D'OLÉRON,Les Hameaux des Marines,saint denis d'oleron|les hameaux des marines,17:46,
10,Rouge,Chéray,"Phare de Chassiron (sens 2, par La Brée)",Du lundi au dimanche et jours fériés,7,18:15,SAINT-DENIS-D'OLÉRON,Les Hameaux des Marines,saint denis d'oleron|les hameaux des marines,19:16,
10,Rouge,Chéray,"Phare de Chassiron (sens 2, par La Brée)",Du lundi au dimanche et jours fériés,1,09:15,SAINT-DENIS-D'OLÉRON,Plage des Huttes,saint denis d'oleron|plage des huttes,10:17,
10,Rouge,Chéray,"Phare de Chassiron (sens 2, par La Brée)",Du lundi au dimanche et jours fériés,2,10:45,SAINT-DENIS-D'OLÉRON,Plage des Huttes,saint denis d'oleron|plage des huttes,11:47,
10,Rouge,Chéray,"Phare de Chassiron (sens 2, par La Brée)",Du lundi au dimanche et jours fériés,3,12:15,SAINT-DENIS-D'OLÉRON,Plage des Huttes,saint denis d'oleron|plage des huttes,13:17,
10,Rouge,Chéray,"Phare de Chassiron (sens 2, par La Brée)",Du lundi au dimanche et jours fériés,4,13:45,SAINT-DENIS-D'OLÉRON,Plage des Huttes,saint denis d'oleron|plage des huttes,14:47,
10,Rouge,Chéray,"Phare de Chassiron (sens 2, par La Brée)",Du lundi au dimanche et jours fériés,5,15:15,SAINT-DENIS-D'OLÉRON,Plage des Huttes,saint denis d'oleron|plage des huttes,16:17,
10,Rouge,Chéray,"Phare de Chassiron (sens 2, par La Brée)",Du lundi au dimanche et jours fériés,6,16:45,SAINT-DENIS-D'OLÉRON,Plage des Huttes,saint denis d'oleron|plage des huttes,17:47,
10,Rouge,Chéray,"Phare de Chassiron (sens 2, par La Brée)",Du lundi au dimanche et jours fériés,7,18:15,SAINT-DENIS-D'OLÉRON,Plage des Huttes,saint denis d'oleron|plage des huttes,19:17,
10,Rouge,Chéray,"Phare de Chassiron (sens 2, par La Brée)",Du lundi au dimanche et jours fériés,1,09:15,SAINT-DENIS-D'OLÉRON,Camping Les Seulières,saint denis d'oleron|camping les seulieres,10:18,
10,Rouge,Chéray,"Phare de Chassiron (sens 2, par La Brée)",Du lundi au dimanche et jours fériés,2,10:45,SAINT-DENIS-D'OLÉRON,Camping Les Seulières,saint denis d'oleron|camping les seulieres,11:48,
10,Rouge,Chéray,"Phare de Chassiron (sens 2, par La Brée)",Du lundi au dimanche et jours fériés,3,12:15,SAINT-DENIS-D'OLÉRON,Camping Les Seulières,saint denis d'oleron|camping les seulieres,13:18,
10,Rouge,Chéray,"Phare de Chassiron (sens 2, par La Brée)",Du lundi au dimanche et jours fériés,4,13:45,SAINT-DENIS-D'OLÉRON,Camping Les Seulières,saint denis d'oleron|camping les seulieres,14:48,
10,Rouge,Chéray,"Phare de Chassiron (sens 2, par La Brée)",Du lundi au dimanche et jours fériés,5,15:15,SAINT-DENIS-D'OLÉRON,Camping Les Seulières,saint denis d'oleron|camping les seulieres,16:18,
10,Rouge,Chéray,"Phare de Chassiron (sens 2, par La Brée)",Du lundi au dimanche et jours fériés,6,16:45,SAINT-DENIS-D'OLÉRON,Camping Les Seulières,saint denis d'oleron|camping les seulieres,17:48,
10,Rouge,Chéray,"Phare de Chassiron (sens 2, par La Brée)",Du lundi au dimanche et jours fériés,7,18:15,SAINT-DENIS-D'OLÉRON,Camping Les Seulières,saint denis d'oleron|camping les seulieres,19:18,
10,Rouge,Chéray,"Phare de Chassiron (sens 2, par La Brée)",Du lundi au dimanche et jours fériés,1,09:15,SAINT-DENIS-D'OLÉRON,Plage des Seulières,saint denis d'oleron|plage des seulieres,10:19,
10,Rouge,Chéray,"Phare de Chassiron (sens 2, par La Brée)",Du lundi au dimanche et jours fériés,2,10:45,SAINT-DENIS-D'OLÉRON,Plage des Seulières,saint denis d'oleron|plage des seulieres,11:49,
10,Rouge,Chéray,"Phare de Chassiron (sens 2, par La Brée)",Du lundi au dimanche et jours fériés,3,12:15,SAINT-DENIS-D'OLÉRON,Plage des Seulières,saint denis d'oleron|plage des seulieres,13:19,
10,Rouge,Chéray,"Phare de Chassiron (sens 2, par La Brée)",Du lundi au dimanche et jours fériés,4,13:45,SAINT-DENIS-D'OLÉRON,Plage des Seulières,saint denis d'oleron|plage des seulieres,14:49,
10,Rouge,Chéray,"Phare de Chassiron (sens 2, par La Brée)",Du lundi au dimanche et jours fériés,5,15:15,SAINT-DENIS-D'OLÉRON,Plage des Seulières,saint denis d'oleron|plage des seulieres,16:19,
10,Rouge,Chéray,"Phare de Chassiron (sens 2, par La Brée)",Du lundi au dimanche et jours fériés,6,16:45,SAINT-DENIS-D'OLÉRON,Plage des Seulières,saint denis d'oleron|plage des seulieres,17:49,
10,Rouge,Chéray,"Phare de Chassiron (sens 2, par La Brée)",Du lundi au dimanche et jours fériés,7,18:15,SAINT-DENIS-D'OLÉRON,Plage des Seulières,saint denis d'oleron|plage des seulieres,19:19,
10,Rouge,Chéray,"Phare de Chassiron (sens 2, par La Brée)",Du lundi au dimanche et jours fériés,1,09:15,SAINT-GEORGES-D'OLÉRON,Camping La Campière,saint georges d'oleron|camping la campiere,10:20,
10,Rouge,Chéray,"Phare de Chassiron (sens 2, par La Brée)",Du lundi au dimanche et jours fériés,2,10:45,SAINT-GEORGES-D'OLÉRON,Camping La Campière,saint georges d'oleron|camping la campiere,11:50,
10,Rouge,Chéray,"Phare de Chassiron (sens 2, par La Brée)",Du lundi au dimanche et jours fériés,3,12:15,SAINT-GEORGES-D'OLÉRON,Camping La Campière,saint georges d'oleron|camping la campiere,13:20,
10,Rouge,Chéray,"Phare de Chassiron (sens 2, par La Brée)",Du lundi au dimanche et jours fériés,4,13:45,SAINT-GEORGES-D'OLÉRON,Camping La Campière,saint georges d'oleron|camping la campiere,14:50,
10,Rouge,Chéray,"Phare de Chassiron (sens 2, par La Brée)",Du lundi au dimanche et jours fériés,5,15:15,SAINT-GEORGES-D'OLÉRON,Camping La Campière,saint georges d'oleron|camping la campiere,16:20,
10,Rouge,Chéray,"Phare de Chassiron (sens 2, par La Brée)",Du lundi au dimanche et jours fériés,6,16:45,SAINT-GEORGES-D'OLÉRON,Camping La Campière,saint georges d'oleron|camping la campiere,17:50,
10,Rouge,Chéray,"Phare de Chassiron (sens 2, par La Brée)",Du lundi au dimanche et jours fériés,7,18:15,SAINT-GEORGES-D'OLÉRON,Camping La Campière,saint georges d'oleron|camping la campiere,19:20,
10,Rouge,Chéray,"Phare de Chassiron (sens 2, par La Brée)",Du lundi au dimanche et jours fériés,1,09:15,SAINT-GEORGES-D'OLÉRON,Chaucre Village,saint georges d'oleron|chaucre village,10:21,
10,Rouge,Chéray,"Phare de Chassiron (sens 2, par La Brée)",Du lundi au dimanche et jours fériés,2,10:45,SAINT-GEORGES-D'OLÉRON,Chaucre Village,saint georges d'oleron|chaucre village,11:51,
10,Rouge,Chéray,"Phare de Chassiron (sens 2, par La Brée)",Du lundi au dimanche et jours fériés,3,12:15,SAINT-GEORGES-D'OLÉRON,Chaucre Village,saint georges d'oleron|chaucre village,13:21,
10,Rouge,Chéray,"Phare de Chassiron (sens 2, par La Brée)",Du lundi au dimanche et jours fériés,4,13:45,SAINT-GEORGES-D'OLÉRON,Chaucre Village,saint georges d'oleron|chaucre village,14:51,
10,Rouge,Chéray,"Phare de Chassiron (sens 2, par La Brée)",Du lundi au dimanche et jours fériés,5,15:15,SAINT-GEORGES-D'OLÉRON,Chaucre Village,saint georges d'oleron|chaucre village,16:21,
10,Rouge,Chéray,"Phare de Chassiron (sens 2, par La Brée)",Du lundi au dimanche et jours fériés,6,16:45,SAINT-GEORGES-D'OLÉRON,Chaucre Village,saint georges d'oleron|chaucre village,17:51,
10,Rouge,Chéray,"Phare de Chassiron (sens 2, par La Brée)",Du lundi au dimanche et jours fériés,7,18:15,SAINT-GEORGES-D'OLÉRON,Chaucre Village,saint georges d'oleron|chaucre village,19:21,
10,Rouge,Chéray,"Phare de Chassiron (sens 2, par La Brée)",Du lundi au dimanche et jours fériés,1,09:15,SAINT-GEORGES-D'OLÉRON,Plage de Chaucre,saint georges d'oleron|plage de chaucre,10:23,
10,Rouge,Chéray,"Phare de Chassiron (sens 2, par La Brée)",Du lundi au dimanche et jours fériés,2,10:45,SAINT-GEORGES-D'OLÉRON,Plage de Chaucre,saint georges d'oleron|plage de chaucre,11:53,
10,Rouge,Chéray,"Phare de Chassiron (sens 2, par La Brée)",Du lundi au dimanche et jours fériés,3,12:15,SAINT-GEORGES-D'OLÉRON,Plage de Chaucre,saint georges d'oleron|plage de chaucre,13:23,
10,Rouge,Chéray,"Phare de Chassiron (sens 2, par La Brée)",Du lundi au dimanche et jours fériés,4,13:45,SAINT-GEORGES-D'OLÉRON,Plage de Chaucre,saint georges d'oleron|plage de chaucre,14:53,
10,Rouge,Chéray,"Phare de Chassiron (sens 2, par La Brée)",Du lundi au dimanche et jours fériés,5,15:15,SAINT-GEORGES-D'OLÉRON,Plage de Chaucre,saint georges d'oleron|plage de chaucre,16:23,
10,Rouge,Chéray,"Phare de Chassiron (sens 2, par La Brée)",Du lundi au dimanche et jours fériés,6,16:45,SAINT-GEORGES-D'OLÉRON,Plage de Chaucre,saint georges d'oleron|plage de chaucre,17:53,
10,Rouge,Chéray,"Phare de Chassiron (sens 2, par La Brée)",Du lundi au dimanche et jours fériés,7,18:15,SAINT-GEORGES-D'OLÉRON,Plage de Chaucre,saint georges d'oleron|plage de chaucre,19:23,
10,Rouge,Chéray,"Phare de Chassiron (sens 2, par La Brée)",Du lundi au dimanche et jours fériés,1,09:15,SAINT-GEORGES-D'OLÉRON,Domino - Marché,saint georges d'oleron|domino marche,10:28,
10,Rouge,Chéray,"Phare de Chassiron (sens 2, par La Brée)",Du lundi au dimanche et jours fériés,2,10:45,SAINT-GEORGES-D'OLÉRON,Domino - Marché,saint georges d'oleron|domino marche,11:58,
10,Rouge,Chéray,"Phare de Chassiron (sens 2, par La Brée)",Du lundi au dimanche et jours fériés,3,12:15,SAINT-GEORGES-D'OLÉRON,Domino - Marché,saint georges d'oleron|domino marche,13:28,
10,Rouge,Chéray,"Phare de Chassiron (sens 2, par La Brée)",Du lundi au dimanche et jours fériés,4,13:45,SAINT-GEORGES-D'OLÉRON,Domino - Marché,saint georges d'oleron|domino marche,14:58,
10,Rouge,Chéray,"Phare de Chassiron (sens 2, par La Brée)",Du lundi au dimanche et jours fériés,5,15:15,SAINT-GEORGES-D'OLÉRON,Domino - Marché,saint georges d'oleron|domino marche,16:28,
10,Rouge,Chéray,"Phare de Chassiron (sens 2, par La Brée)",Du lundi au dimanche et jours fériés,6,16:45,SAINT-GEORGES-D'OLÉRON,Domino - Marché,saint georges d'oleron|domino marche,17:58,
10,Rouge,Chéray,"Phare de Chassiron (sens 2, par La Brée)",Du lundi au dimanche et jours fériés,7,18:15,SAINT-GEORGES-D'OLÉRON,Domino - Marché,saint georges d'oleron|domino marche,19:28,
10,Rouge,Chéray,"Phare de Chassiron (sens 2, par La Brée)",Du lundi au dimanche et jours fériés,1,09:15,SAINT-GEORGES-D'OLÉRON,Chéray - salle des fêtes,saint georges d'oleron|cheray salle des fetes,10:37,
10,Rouge,Chéray,"Phare de Chassiron (sens 2, par La Brée)",Du lundi au dimanche et jours fériés,2,10:45,SAINT-GEORGES-D'OLÉRON,Chéray - salle des fêtes,saint georges d'oleron|cheray salle des fetes,12:07,
10,Rouge,Chéray,"Phare de Chassiron (sens 2, par La Brée)",Du lundi au dimanche et jours fériés,3,12:15,SAINT-GEORGES-D'OLÉRON,Chéray - salle des fêtes,saint georges d'oleron|cheray salle des fetes,13:37,
10,Rouge,Chéray,"Phare de Chassiron (sens 2, par La Brée)",Du lundi au dimanche et jours fériés,4,13:45,SAINT-GEORGES-D'OLÉRON,Chéray - salle des fêtes,saint georges d'oleron|cheray salle des fetes,15:07,
10,Rouge,Chéray,"Phare de Chassiron (sens 2, par La Brée)",Du lundi au dimanche et jours fériés,5,15:15,SAINT-GEORGES-D'OLÉRON,Chéray - salle des fêtes,saint georges d'oleron|cheray salle des fetes,16:37,
10,Rouge,Chéray,"Phare de Chassiron (sens 2, par La Brée)",Du lundi au dimanche et jours fériés,6,16:45,SAINT-GEORGES-D'OLÉRON,Chéray - salle des fêtes,saint georges d'oleron|cheray salle des fetes,18:07,
10,Rouge,Chéray,"Phare de Chassiron (sens 2, par La Brée)",Du lundi au dimanche et jours fériés,7,18:15,SAINT-GEORGES-D'OLÉRON,Chéray - salle des fêtes,saint georges d'oleron|cheray salle des fetes,19:37,
10,Rouge,Chéray,"Phare de Chassiron (sens 2, par La Brée)",Du lundi au dimanche et jours fériés,1,09:15,SAINT-GEORGES-D'OLÉRON,Chéray - Les 4 Moulins,saint georges d'oleron|cheray les 4 moulins,10:40,Correspondance navettes bleue et verte
10,Rouge,Chéray,"Phare de Chassiron (sens 2, par La Brée)",Du lundi au dimanche et jours fériés,2,10:45,SAINT-GEORGES-D'OLÉRON,Chéray - Les 4 Moulins,saint georges d'oleron|cheray les 4 moulins,12:10,Correspondance navettes bleue et verte
10,Rouge,Chéray,"Phare de Chassiron (sens 2, par La Brée)",Du lundi au dimanche et jours fériés,3,12:15,SAINT-GEORGES-D'OLÉRON,Chéray - Les 4 Moulins,saint georges d'oleron|cheray les 4 moulins,13:40,Correspondance navettes bleue et verte
10,Rouge,Chéray,"Phare de Chassiron (sens 2, par La Brée)",Du lundi au dimanche et jours fériés,4,13:45,SAINT-GEORGES-D'OLÉRON,Chéray - Les 4 Moulins,saint georges d'oleron|cheray les 4 moulins,15:10,Correspondance navettes bleue et verte
10,Rouge,Chéray,"Phare de Chassiron (sens 2, par La Brée)",Du lundi au dimanche et jours fériés,5,15:15,SAINT-GEORGES-D'OLÉRON,Chéray - Les 4 Moulins,saint georges d'oleron|cheray les 4 moulins,16:40,Correspondance navettes bleue et verte
10,Rouge,Chéray,"Phare de Chassiron (sens 2, par La Brée)",Du lundi au dimanche et jours fériés,6,16:45,SAINT-GEORGES-D'OLÉRON,Chéray - Les 4 Moulins,saint georges d'oleron|cheray les 4 moulins,18:10,Correspondance navettes bleue et verte
10,Rouge,Chéray,"Phare de Chassiron (sens 2, par La Brée)",Du lundi au dimanche et jours fériés,7,18:15,SAINT-GEORGES-D'OLÉRON,Chéray - Les 4 Moulins,saint georges d'oleron|cheray les 4 moulins,19:40,Correspondance navettes bleue et verte
